Started GET "/" for 127.0.0.1 at 2025-06-02 14:37:03 +0300
  [1m[35m (3.8ms)[0m  [1m[35mCREATE TABLE "schema_migrations" ("version" varchar NOT NULL PRIMARY KEY) /*application='Store2'*/[0m
  [1m[35m (0.6ms)[0m  [1m[35mCREATE TABLE "ar_internal_metadata" ("key" varchar NOT NULL PRIMARY KEY, "value" varchar, "created_at" datetime(6) NOT NULL, "updated_at" datetime(6) NOT NULL) /*application='Store2'*/[0m
  [1m[36mActiveRecord::SchemaMigration Load (0.1ms)[0m  [1m[34mSELECT "schema_migrations"."version" FROM "schema_migrations" ORDER BY "schema_migrations"."version" ASC /*application='Store2'*/[0m
Processing by Rails::WelcomeController#index as HTML
  Rendering C:/Ruby34-x64/lib/ruby/gems/3.4.0/gems/railties-8.0.2/lib/rails/templates/rails/welcome/index.html.erb
  Rendered C:/Ruby34-x64/lib/ruby/gems/3.4.0/gems/railties-8.0.2/lib/rails/templates/rails/welcome/index.html.erb (Duration: 1.1ms | GC: 0.0ms)
Completed 200 OK in 1471ms (Views: 22.6ms | ActiveRecord: 0.0ms (0 queries, 0 cached) | GC: 0.2ms)


  [1m[36mActiveRecord::InternalMetadata Load (0.2ms)[0m  [1m[34mSELECT * FROM "ar_internal_metadata" WHERE "ar_internal_metadata"."key" = 'environment' ORDER BY "ar_internal_metadata"."key" ASC LIMIT 1 /*application='Store2'*/[0m
  [1m[36mActiveRecord::InternalMetadata Create (43.1ms)[0m  [1m[32mINSERT INTO "ar_internal_metadata" ("key", "value", "created_at", "updated_at") VALUES ('environment', 'development', '2025-06-02 11:39:48.584551', '2025-06-02 11:39:48.584554') RETURNING "key" /*application='Store2'*/[0m
  [1m[36mActiveRecord::SchemaMigration Load (0.1ms)[0m  [1m[34mSELECT "schema_migrations"."version" FROM "schema_migrations" ORDER BY "schema_migrations"."version" ASC /*application='Store2'*/[0m
Migrating to CreateProducts (20250602113749)
  [1m[36mTRANSACTION (0.1ms)[0m  [1m[35mBEGIN immediate TRANSACTION /*application='Store2'*/[0m
  [1m[35m (4.9ms)[0m  [1m[35mCREATE TABLE "products" ("id" integer PRIMARY KEY AUTOINCREMENT NOT NULL, "name" varchar, "created_at" datetime(6) NOT NULL, "updated_at" datetime(6) NOT NULL) /*application='Store2'*/[0m
  [1m[36mActiveRecord::SchemaMigration Create (0.2ms)[0m  [1m[32mINSERT INTO "schema_migrations" ("version") VALUES ('20250602113749') RETURNING "version" /*application='Store2'*/[0m
  [1m[36mTRANSACTION (0.2ms)[0m  [1m[35mCOMMIT TRANSACTION /*application='Store2'*/[0m
  [1m[36mActiveRecord::SchemaMigration Load (0.1ms)[0m  [1m[34mSELECT "schema_migrations"."version" FROM "schema_migrations" ORDER BY "schema_migrations"."version" ASC /*application='Store2'*/[0m
Started GET "/products" for 127.0.0.1 at 2025-06-02 14:43:38 +0300
  [1m[36mActiveRecord::SchemaMigration Load (0.1ms)[0m  [1m[34mSELECT "schema_migrations"."version" FROM "schema_migrations" ORDER BY "schema_migrations"."version" ASC /*application='Store2'*/[0m
Processing by ProductsController#index as HTML
Completed 406 Not Acceptable in 784ms (ActiveRecord: 0.0ms (0 queries, 0 cached) | GC: 0.2ms)


  
ActionController::MissingExactTemplate (ProductsController#index is missing a template for request formats: text/html):
  
actionpack (8.0.2) lib/action_controller/metal/implicit_render.rb:49:in 'ActionController::ImplicitRender#default_render'
actionpack (8.0.2) lib/action_controller/metal/basic_implicit_render.rb:9:in 'ActionController::BasicImplicitRender#send_action'
actionpack (8.0.2) lib/abstract_controller/base.rb:226:in 'AbstractController::Base#process_action'
actionpack (8.0.2) lib/action_controller/metal/rendering.rb:193:in 'ActionController::Rendering#process_action'
actionpack (8.0.2) lib/abstract_controller/callbacks.rb:261:in 'block in AbstractController::Callbacks#process_action'
activesupport (8.0.2) lib/active_support/callbacks.rb:120:in 'block in ActiveSupport::Callbacks#run_callbacks'
turbo-rails (2.0.13) lib/turbo-rails.rb:24:in 'Turbo.with_request_id'
turbo-rails (2.0.13) app/controllers/concerns/turbo/request_id_tracking.rb:10:in 'Turbo::RequestIdTracking#turbo_tracking_request_id'
activesupport (8.0.2) lib/active_support/callbacks.rb:129:in 'block in ActiveSupport::Callbacks#run_callbacks'
actiontext (8.0.2) lib/action_text/rendering.rb:25:in 'ActionText::Rendering::ClassMethods#with_renderer'
actiontext (8.0.2) lib/action_text/engine.rb:71:in 'block (4 levels) in <class:Engine>'
activesupport (8.0.2) lib/active_support/callbacks.rb:129:in 'BasicObject#instance_exec'
activesupport (8.0.2) lib/active_support/callbacks.rb:129:in 'block in ActiveSupport::Callbacks#run_callbacks'
activesupport (8.0.2) lib/active_support/callbacks.rb:140:in 'ActiveSupport::Callbacks#run_callbacks'
actionpack (8.0.2) lib/abstract_controller/callbacks.rb:260:in 'AbstractController::Callbacks#process_action'
actionpack (8.0.2) lib/action_controller/metal/rescue.rb:27:in 'ActionController::Rescue#process_action'
actionpack (8.0.2) lib/action_controller/metal/instrumentation.rb:76:in 'block in ActionController::Instrumentation#process_action'
activesupport (8.0.2) lib/active_support/notifications.rb:210:in 'block in ActiveSupport::Notifications.instrument'
activesupport (8.0.2) lib/active_support/notifications/instrumenter.rb:58:in 'ActiveSupport::Notifications::Instrumenter#instrument'
activesupport (8.0.2) lib/active_support/notifications.rb:210:in 'ActiveSupport::Notifications.instrument'
actionpack (8.0.2) lib/action_controller/metal/instrumentation.rb:75:in 'ActionController::Instrumentation#process_action'
actionpack (8.0.2) lib/action_controller/metal/params_wrapper.rb:259:in 'ActionController::ParamsWrapper#process_action'
activerecord (8.0.2) lib/active_record/railties/controller_runtime.rb:39:in 'ActiveRecord::Railties::ControllerRuntime#process_action'
actionpack (8.0.2) lib/abstract_controller/base.rb:163:in 'AbstractController::Base#process'
actionview (8.0.2) lib/action_view/rendering.rb:40:in 'ActionView::Rendering#process'
actionpack (8.0.2) lib/action_controller/metal.rb:252:in 'ActionController::Metal#dispatch'
actionpack (8.0.2) lib/action_controller/metal.rb:335:in 'ActionController::Metal.dispatch'
actionpack (8.0.2) lib/action_dispatch/routing/route_set.rb:67:in 'ActionDispatch::Routing::RouteSet::Dispatcher#dispatch'
actionpack (8.0.2) lib/action_dispatch/routing/route_set.rb:50:in 'ActionDispatch::Routing::RouteSet::Dispatcher#serve'
actionpack (8.0.2) lib/action_dispatch/journey/router.rb:53:in 'block in ActionDispatch::Journey::Router#serve'
actionpack (8.0.2) lib/action_dispatch/journey/router.rb:133:in 'block in ActionDispatch::Journey::Router#find_routes'
actionpack (8.0.2) lib/action_dispatch/journey/router.rb:126:in 'Array#each'
actionpack (8.0.2) lib/action_dispatch/journey/router.rb:126:in 'ActionDispatch::Journey::Router#find_routes'
actionpack (8.0.2) lib/action_dispatch/journey/router.rb:34:in 'ActionDispatch::Journey::Router#serve'
actionpack (8.0.2) lib/action_dispatch/routing/route_set.rb:908:in 'ActionDispatch::Routing::RouteSet#call'
railties (8.0.2) lib/rails/engine/lazy_route_set.rb:68:in 'Rails::Engine::LazyRouteSet#call'
rack (3.1.15) lib/rack/tempfile_reaper.rb:20:in 'Rack::TempfileReaper#call'
rack (3.1.15) lib/rack/etag.rb:29:in 'Rack::ETag#call'
rack (3.1.15) lib/rack/conditional_get.rb:31:in 'Rack::ConditionalGet#call'
rack (3.1.15) lib/rack/head.rb:15:in 'Rack::Head#call'
actionpack (8.0.2) lib/action_dispatch/http/permissions_policy.rb:38:in 'ActionDispatch::PermissionsPolicy::Middleware#call'
actionpack (8.0.2) lib/action_dispatch/http/content_security_policy.rb:38:in 'ActionDispatch::ContentSecurityPolicy::Middleware#call'
rack-session (2.1.1) lib/rack/session/abstract/id.rb:274:in 'Rack::Session::Abstract::Persisted#context'
rack-session (2.1.1) lib/rack/session/abstract/id.rb:268:in 'Rack::Session::Abstract::Persisted#call'
actionpack (8.0.2) lib/action_dispatch/middleware/cookies.rb:706:in 'ActionDispatch::Cookies#call'
activerecord (8.0.2) lib/active_record/migration.rb:671:in 'ActiveRecord::Migration::CheckPending#call'
actionpack (8.0.2) lib/action_dispatch/middleware/callbacks.rb:31:in 'block in ActionDispatch::Callbacks#call'
activesupport (8.0.2) lib/active_support/callbacks.rb:100:in 'ActiveSupport::Callbacks#run_callbacks'
actionpack (8.0.2) lib/action_dispatch/middleware/callbacks.rb:30:in 'ActionDispatch::Callbacks#call'
actionpack (8.0.2) lib/action_dispatch/middleware/executor.rb:16:in 'ActionDispatch::Executor#call'
actionpack (8.0.2) lib/action_dispatch/middleware/actionable_exceptions.rb:18:in 'ActionDispatch::ActionableExceptions#call'
actionpack (8.0.2) lib/action_dispatch/middleware/debug_exceptions.rb:31:in 'ActionDispatch::DebugExceptions#call'
web-console (4.2.1) lib/web_console/middleware.rb:132:in 'WebConsole::Middleware#call_app'
web-console (4.2.1) lib/web_console/middleware.rb:28:in 'block in WebConsole::Middleware#call'
web-console (4.2.1) lib/web_console/middleware.rb:17:in 'Kernel#catch'
web-console (4.2.1) lib/web_console/middleware.rb:17:in 'WebConsole::Middleware#call'
actionpack (8.0.2) lib/action_dispatch/middleware/show_exceptions.rb:32:in 'ActionDispatch::ShowExceptions#call'
railties (8.0.2) lib/rails/rack/logger.rb:41:in 'Rails::Rack::Logger#call_app'
railties (8.0.2) lib/rails/rack/logger.rb:29:in 'Rails::Rack::Logger#call'
actionpack (8.0.2) lib/action_dispatch/middleware/remote_ip.rb:96:in 'ActionDispatch::RemoteIp#call'
actionpack (8.0.2) lib/action_dispatch/middleware/request_id.rb:34:in 'ActionDispatch::RequestId#call'
rack (3.1.15) lib/rack/method_override.rb:28:in 'Rack::MethodOverride#call'
rack (3.1.15) lib/rack/runtime.rb:24:in 'Rack::Runtime#call'
actionpack (8.0.2) lib/action_dispatch/middleware/server_timing.rb:61:in 'block in ActionDispatch::ServerTiming#call'
actionpack (8.0.2) lib/action_dispatch/middleware/server_timing.rb:26:in 'ActionDispatch::ServerTiming::Subscriber#collect_events'
actionpack (8.0.2) lib/action_dispatch/middleware/server_timing.rb:60:in 'ActionDispatch::ServerTiming#call'
actionpack (8.0.2) lib/action_dispatch/middleware/executor.rb:16:in 'ActionDispatch::Executor#call'
actionpack (8.0.2) lib/action_dispatch/middleware/static.rb:27:in 'ActionDispatch::Static#call'
rack (3.1.15) lib/rack/sendfile.rb:114:in 'Rack::Sendfile#call'
actionpack (8.0.2) lib/action_dispatch/middleware/host_authorization.rb:143:in 'ActionDispatch::HostAuthorization#call'
railties (8.0.2) lib/rails/engine.rb:535:in 'Rails::Engine#call'
puma (6.6.0) lib/puma/configuration.rb:279:in 'Puma::Configuration::ConfigMiddleware#call'
puma (6.6.0) lib/puma/request.rb:99:in 'block in Puma::Request#handle_request'
puma (6.6.0) lib/puma/thread_pool.rb:390:in 'Puma::ThreadPool#with_force_shutdown'
puma (6.6.0) lib/puma/request.rb:98:in 'Puma::Request#handle_request'
puma (6.6.0) lib/puma/server.rb:472:in 'Puma::Server#process_client'
puma (6.6.0) lib/puma/server.rb:254:in 'block in Puma::Server#run'
puma (6.6.0) lib/puma/thread_pool.rb:167:in 'block in Puma::ThreadPool#spawn_thread'
Started GET "/products" for 127.0.0.1 at 2025-06-02 14:44:15 +0300
  [1m[36mActiveRecord::SchemaMigration Load (0.1ms)[0m  [1m[34mSELECT "schema_migrations"."version" FROM "schema_migrations" ORDER BY "schema_migrations"."version" ASC /*application='Store2'*/[0m
Processing by ProductsController#index as HTML
Completed 406 Not Acceptable in 639ms (ActiveRecord: 0.0ms (0 queries, 0 cached) | GC: 0.0ms)


  
ActionController::MissingExactTemplate (ProductsController#index is missing a template for request formats: text/html):
  
actionpack (8.0.2) lib/action_controller/metal/implicit_render.rb:49:in 'ActionController::ImplicitRender#default_render'
actionpack (8.0.2) lib/action_controller/metal/basic_implicit_render.rb:9:in 'ActionController::BasicImplicitRender#send_action'
actionpack (8.0.2) lib/abstract_controller/base.rb:226:in 'AbstractController::Base#process_action'
actionpack (8.0.2) lib/action_controller/metal/rendering.rb:193:in 'ActionController::Rendering#process_action'
actionpack (8.0.2) lib/abstract_controller/callbacks.rb:261:in 'block in AbstractController::Callbacks#process_action'
activesupport (8.0.2) lib/active_support/callbacks.rb:120:in 'block in ActiveSupport::Callbacks#run_callbacks'
turbo-rails (2.0.13) lib/turbo-rails.rb:24:in 'Turbo.with_request_id'
turbo-rails (2.0.13) app/controllers/concerns/turbo/request_id_tracking.rb:10:in 'Turbo::RequestIdTracking#turbo_tracking_request_id'
activesupport (8.0.2) lib/active_support/callbacks.rb:129:in 'block in ActiveSupport::Callbacks#run_callbacks'
actiontext (8.0.2) lib/action_text/rendering.rb:25:in 'ActionText::Rendering::ClassMethods#with_renderer'
actiontext (8.0.2) lib/action_text/engine.rb:71:in 'block (4 levels) in <class:Engine>'
activesupport (8.0.2) lib/active_support/callbacks.rb:129:in 'BasicObject#instance_exec'
activesupport (8.0.2) lib/active_support/callbacks.rb:129:in 'block in ActiveSupport::Callbacks#run_callbacks'
activesupport (8.0.2) lib/active_support/callbacks.rb:140:in 'ActiveSupport::Callbacks#run_callbacks'
actionpack (8.0.2) lib/abstract_controller/callbacks.rb:260:in 'AbstractController::Callbacks#process_action'
actionpack (8.0.2) lib/action_controller/metal/rescue.rb:27:in 'ActionController::Rescue#process_action'
actionpack (8.0.2) lib/action_controller/metal/instrumentation.rb:76:in 'block in ActionController::Instrumentation#process_action'
activesupport (8.0.2) lib/active_support/notifications.rb:210:in 'block in ActiveSupport::Notifications.instrument'
activesupport (8.0.2) lib/active_support/notifications/instrumenter.rb:58:in 'ActiveSupport::Notifications::Instrumenter#instrument'
activesupport (8.0.2) lib/active_support/notifications.rb:210:in 'ActiveSupport::Notifications.instrument'
actionpack (8.0.2) lib/action_controller/metal/instrumentation.rb:75:in 'ActionController::Instrumentation#process_action'
actionpack (8.0.2) lib/action_controller/metal/params_wrapper.rb:259:in 'ActionController::ParamsWrapper#process_action'
activerecord (8.0.2) lib/active_record/railties/controller_runtime.rb:39:in 'ActiveRecord::Railties::ControllerRuntime#process_action'
actionpack (8.0.2) lib/abstract_controller/base.rb:163:in 'AbstractController::Base#process'
actionview (8.0.2) lib/action_view/rendering.rb:40:in 'ActionView::Rendering#process'
actionpack (8.0.2) lib/action_controller/metal.rb:252:in 'ActionController::Metal#dispatch'
actionpack (8.0.2) lib/action_controller/metal.rb:335:in 'ActionController::Metal.dispatch'
actionpack (8.0.2) lib/action_dispatch/routing/route_set.rb:67:in 'ActionDispatch::Routing::RouteSet::Dispatcher#dispatch'
actionpack (8.0.2) lib/action_dispatch/routing/route_set.rb:50:in 'ActionDispatch::Routing::RouteSet::Dispatcher#serve'
actionpack (8.0.2) lib/action_dispatch/journey/router.rb:53:in 'block in ActionDispatch::Journey::Router#serve'
actionpack (8.0.2) lib/action_dispatch/journey/router.rb:133:in 'block in ActionDispatch::Journey::Router#find_routes'
actionpack (8.0.2) lib/action_dispatch/journey/router.rb:126:in 'Array#each'
actionpack (8.0.2) lib/action_dispatch/journey/router.rb:126:in 'ActionDispatch::Journey::Router#find_routes'
actionpack (8.0.2) lib/action_dispatch/journey/router.rb:34:in 'ActionDispatch::Journey::Router#serve'
actionpack (8.0.2) lib/action_dispatch/routing/route_set.rb:908:in 'ActionDispatch::Routing::RouteSet#call'
railties (8.0.2) lib/rails/engine/lazy_route_set.rb:68:in 'Rails::Engine::LazyRouteSet#call'
rack (3.1.15) lib/rack/tempfile_reaper.rb:20:in 'Rack::TempfileReaper#call'
rack (3.1.15) lib/rack/etag.rb:29:in 'Rack::ETag#call'
rack (3.1.15) lib/rack/conditional_get.rb:31:in 'Rack::ConditionalGet#call'
rack (3.1.15) lib/rack/head.rb:15:in 'Rack::Head#call'
actionpack (8.0.2) lib/action_dispatch/http/permissions_policy.rb:38:in 'ActionDispatch::PermissionsPolicy::Middleware#call'
actionpack (8.0.2) lib/action_dispatch/http/content_security_policy.rb:38:in 'ActionDispatch::ContentSecurityPolicy::Middleware#call'
rack-session (2.1.1) lib/rack/session/abstract/id.rb:274:in 'Rack::Session::Abstract::Persisted#context'
rack-session (2.1.1) lib/rack/session/abstract/id.rb:268:in 'Rack::Session::Abstract::Persisted#call'
actionpack (8.0.2) lib/action_dispatch/middleware/cookies.rb:706:in 'ActionDispatch::Cookies#call'
activerecord (8.0.2) lib/active_record/migration.rb:671:in 'ActiveRecord::Migration::CheckPending#call'
actionpack (8.0.2) lib/action_dispatch/middleware/callbacks.rb:31:in 'block in ActionDispatch::Callbacks#call'
activesupport (8.0.2) lib/active_support/callbacks.rb:100:in 'ActiveSupport::Callbacks#run_callbacks'
actionpack (8.0.2) lib/action_dispatch/middleware/callbacks.rb:30:in 'ActionDispatch::Callbacks#call'
actionpack (8.0.2) lib/action_dispatch/middleware/executor.rb:16:in 'ActionDispatch::Executor#call'
actionpack (8.0.2) lib/action_dispatch/middleware/actionable_exceptions.rb:18:in 'ActionDispatch::ActionableExceptions#call'
actionpack (8.0.2) lib/action_dispatch/middleware/debug_exceptions.rb:31:in 'ActionDispatch::DebugExceptions#call'
web-console (4.2.1) lib/web_console/middleware.rb:132:in 'WebConsole::Middleware#call_app'
web-console (4.2.1) lib/web_console/middleware.rb:28:in 'block in WebConsole::Middleware#call'
web-console (4.2.1) lib/web_console/middleware.rb:17:in 'Kernel#catch'
web-console (4.2.1) lib/web_console/middleware.rb:17:in 'WebConsole::Middleware#call'
actionpack (8.0.2) lib/action_dispatch/middleware/show_exceptions.rb:32:in 'ActionDispatch::ShowExceptions#call'
railties (8.0.2) lib/rails/rack/logger.rb:41:in 'Rails::Rack::Logger#call_app'
railties (8.0.2) lib/rails/rack/logger.rb:29:in 'Rails::Rack::Logger#call'
actionpack (8.0.2) lib/action_dispatch/middleware/remote_ip.rb:96:in 'ActionDispatch::RemoteIp#call'
actionpack (8.0.2) lib/action_dispatch/middleware/request_id.rb:34:in 'ActionDispatch::RequestId#call'
rack (3.1.15) lib/rack/method_override.rb:28:in 'Rack::MethodOverride#call'
rack (3.1.15) lib/rack/runtime.rb:24:in 'Rack::Runtime#call'
actionpack (8.0.2) lib/action_dispatch/middleware/server_timing.rb:61:in 'block in ActionDispatch::ServerTiming#call'
actionpack (8.0.2) lib/action_dispatch/middleware/server_timing.rb:26:in 'ActionDispatch::ServerTiming::Subscriber#collect_events'
actionpack (8.0.2) lib/action_dispatch/middleware/server_timing.rb:60:in 'ActionDispatch::ServerTiming#call'
actionpack (8.0.2) lib/action_dispatch/middleware/executor.rb:16:in 'ActionDispatch::Executor#call'
actionpack (8.0.2) lib/action_dispatch/middleware/static.rb:27:in 'ActionDispatch::Static#call'
rack (3.1.15) lib/rack/sendfile.rb:114:in 'Rack::Sendfile#call'
actionpack (8.0.2) lib/action_dispatch/middleware/host_authorization.rb:143:in 'ActionDispatch::HostAuthorization#call'
railties (8.0.2) lib/rails/engine.rb:535:in 'Rails::Engine#call'
puma (6.6.0) lib/puma/configuration.rb:279:in 'Puma::Configuration::ConfigMiddleware#call'
puma (6.6.0) lib/puma/request.rb:99:in 'block in Puma::Request#handle_request'
puma (6.6.0) lib/puma/thread_pool.rb:390:in 'Puma::ThreadPool#with_force_shutdown'
puma (6.6.0) lib/puma/request.rb:98:in 'Puma::Request#handle_request'
puma (6.6.0) lib/puma/server.rb:472:in 'Puma::Server#process_client'
puma (6.6.0) lib/puma/server.rb:254:in 'block in Puma::Server#run'
puma (6.6.0) lib/puma/thread_pool.rb:167:in 'block in Puma::ThreadPool#spawn_thread'
Started GET "/products" for 127.0.0.1 at 2025-06-02 14:44:37 +0300
Processing by ProductsController#index as HTML
Completed 406 Not Acceptable in 615ms (ActiveRecord: 0.0ms (0 queries, 0 cached) | GC: 0.0ms)


  
ActionController::MissingExactTemplate (ProductsController#index is missing a template for request formats: text/html):
  
actionpack (8.0.2) lib/action_controller/metal/implicit_render.rb:49:in 'ActionController::ImplicitRender#default_render'
actionpack (8.0.2) lib/action_controller/metal/basic_implicit_render.rb:9:in 'ActionController::BasicImplicitRender#send_action'
actionpack (8.0.2) lib/abstract_controller/base.rb:226:in 'AbstractController::Base#process_action'
actionpack (8.0.2) lib/action_controller/metal/rendering.rb:193:in 'ActionController::Rendering#process_action'
actionpack (8.0.2) lib/abstract_controller/callbacks.rb:261:in 'block in AbstractController::Callbacks#process_action'
activesupport (8.0.2) lib/active_support/callbacks.rb:120:in 'block in ActiveSupport::Callbacks#run_callbacks'
turbo-rails (2.0.13) lib/turbo-rails.rb:24:in 'Turbo.with_request_id'
turbo-rails (2.0.13) app/controllers/concerns/turbo/request_id_tracking.rb:10:in 'Turbo::RequestIdTracking#turbo_tracking_request_id'
activesupport (8.0.2) lib/active_support/callbacks.rb:129:in 'block in ActiveSupport::Callbacks#run_callbacks'
actiontext (8.0.2) lib/action_text/rendering.rb:25:in 'ActionText::Rendering::ClassMethods#with_renderer'
actiontext (8.0.2) lib/action_text/engine.rb:71:in 'block (4 levels) in <class:Engine>'
activesupport (8.0.2) lib/active_support/callbacks.rb:129:in 'BasicObject#instance_exec'
activesupport (8.0.2) lib/active_support/callbacks.rb:129:in 'block in ActiveSupport::Callbacks#run_callbacks'
activesupport (8.0.2) lib/active_support/callbacks.rb:140:in 'ActiveSupport::Callbacks#run_callbacks'
actionpack (8.0.2) lib/abstract_controller/callbacks.rb:260:in 'AbstractController::Callbacks#process_action'
actionpack (8.0.2) lib/action_controller/metal/rescue.rb:27:in 'ActionController::Rescue#process_action'
actionpack (8.0.2) lib/action_controller/metal/instrumentation.rb:76:in 'block in ActionController::Instrumentation#process_action'
activesupport (8.0.2) lib/active_support/notifications.rb:210:in 'block in ActiveSupport::Notifications.instrument'
activesupport (8.0.2) lib/active_support/notifications/instrumenter.rb:58:in 'ActiveSupport::Notifications::Instrumenter#instrument'
activesupport (8.0.2) lib/active_support/notifications.rb:210:in 'ActiveSupport::Notifications.instrument'
actionpack (8.0.2) lib/action_controller/metal/instrumentation.rb:75:in 'ActionController::Instrumentation#process_action'
actionpack (8.0.2) lib/action_controller/metal/params_wrapper.rb:259:in 'ActionController::ParamsWrapper#process_action'
activerecord (8.0.2) lib/active_record/railties/controller_runtime.rb:39:in 'ActiveRecord::Railties::ControllerRuntime#process_action'
actionpack (8.0.2) lib/abstract_controller/base.rb:163:in 'AbstractController::Base#process'
actionview (8.0.2) lib/action_view/rendering.rb:40:in 'ActionView::Rendering#process'
actionpack (8.0.2) lib/action_controller/metal.rb:252:in 'ActionController::Metal#dispatch'
actionpack (8.0.2) lib/action_controller/metal.rb:335:in 'ActionController::Metal.dispatch'
actionpack (8.0.2) lib/action_dispatch/routing/route_set.rb:67:in 'ActionDispatch::Routing::RouteSet::Dispatcher#dispatch'
actionpack (8.0.2) lib/action_dispatch/routing/route_set.rb:50:in 'ActionDispatch::Routing::RouteSet::Dispatcher#serve'
actionpack (8.0.2) lib/action_dispatch/journey/router.rb:53:in 'block in ActionDispatch::Journey::Router#serve'
actionpack (8.0.2) lib/action_dispatch/journey/router.rb:133:in 'block in ActionDispatch::Journey::Router#find_routes'
actionpack (8.0.2) lib/action_dispatch/journey/router.rb:126:in 'Array#each'
actionpack (8.0.2) lib/action_dispatch/journey/router.rb:126:in 'ActionDispatch::Journey::Router#find_routes'
actionpack (8.0.2) lib/action_dispatch/journey/router.rb:34:in 'ActionDispatch::Journey::Router#serve'
actionpack (8.0.2) lib/action_dispatch/routing/route_set.rb:908:in 'ActionDispatch::Routing::RouteSet#call'
railties (8.0.2) lib/rails/engine/lazy_route_set.rb:68:in 'Rails::Engine::LazyRouteSet#call'
rack (3.1.15) lib/rack/tempfile_reaper.rb:20:in 'Rack::TempfileReaper#call'
rack (3.1.15) lib/rack/etag.rb:29:in 'Rack::ETag#call'
rack (3.1.15) lib/rack/conditional_get.rb:31:in 'Rack::ConditionalGet#call'
rack (3.1.15) lib/rack/head.rb:15:in 'Rack::Head#call'
actionpack (8.0.2) lib/action_dispatch/http/permissions_policy.rb:38:in 'ActionDispatch::PermissionsPolicy::Middleware#call'
actionpack (8.0.2) lib/action_dispatch/http/content_security_policy.rb:38:in 'ActionDispatch::ContentSecurityPolicy::Middleware#call'
rack-session (2.1.1) lib/rack/session/abstract/id.rb:274:in 'Rack::Session::Abstract::Persisted#context'
rack-session (2.1.1) lib/rack/session/abstract/id.rb:268:in 'Rack::Session::Abstract::Persisted#call'
actionpack (8.0.2) lib/action_dispatch/middleware/cookies.rb:706:in 'ActionDispatch::Cookies#call'
activerecord (8.0.2) lib/active_record/migration.rb:671:in 'ActiveRecord::Migration::CheckPending#call'
actionpack (8.0.2) lib/action_dispatch/middleware/callbacks.rb:31:in 'block in ActionDispatch::Callbacks#call'
activesupport (8.0.2) lib/active_support/callbacks.rb:100:in 'ActiveSupport::Callbacks#run_callbacks'
actionpack (8.0.2) lib/action_dispatch/middleware/callbacks.rb:30:in 'ActionDispatch::Callbacks#call'
actionpack (8.0.2) lib/action_dispatch/middleware/executor.rb:16:in 'ActionDispatch::Executor#call'
actionpack (8.0.2) lib/action_dispatch/middleware/actionable_exceptions.rb:18:in 'ActionDispatch::ActionableExceptions#call'
actionpack (8.0.2) lib/action_dispatch/middleware/debug_exceptions.rb:31:in 'ActionDispatch::DebugExceptions#call'
web-console (4.2.1) lib/web_console/middleware.rb:132:in 'WebConsole::Middleware#call_app'
web-console (4.2.1) lib/web_console/middleware.rb:28:in 'block in WebConsole::Middleware#call'
web-console (4.2.1) lib/web_console/middleware.rb:17:in 'Kernel#catch'
web-console (4.2.1) lib/web_console/middleware.rb:17:in 'WebConsole::Middleware#call'
actionpack (8.0.2) lib/action_dispatch/middleware/show_exceptions.rb:32:in 'ActionDispatch::ShowExceptions#call'
railties (8.0.2) lib/rails/rack/logger.rb:41:in 'Rails::Rack::Logger#call_app'
railties (8.0.2) lib/rails/rack/logger.rb:29:in 'Rails::Rack::Logger#call'
actionpack (8.0.2) lib/action_dispatch/middleware/remote_ip.rb:96:in 'ActionDispatch::RemoteIp#call'
actionpack (8.0.2) lib/action_dispatch/middleware/request_id.rb:34:in 'ActionDispatch::RequestId#call'
rack (3.1.15) lib/rack/method_override.rb:28:in 'Rack::MethodOverride#call'
rack (3.1.15) lib/rack/runtime.rb:24:in 'Rack::Runtime#call'
actionpack (8.0.2) lib/action_dispatch/middleware/server_timing.rb:61:in 'block in ActionDispatch::ServerTiming#call'
actionpack (8.0.2) lib/action_dispatch/middleware/server_timing.rb:26:in 'ActionDispatch::ServerTiming::Subscriber#collect_events'
actionpack (8.0.2) lib/action_dispatch/middleware/server_timing.rb:60:in 'ActionDispatch::ServerTiming#call'
actionpack (8.0.2) lib/action_dispatch/middleware/executor.rb:16:in 'ActionDispatch::Executor#call'
actionpack (8.0.2) lib/action_dispatch/middleware/static.rb:27:in 'ActionDispatch::Static#call'
rack (3.1.15) lib/rack/sendfile.rb:114:in 'Rack::Sendfile#call'
actionpack (8.0.2) lib/action_dispatch/middleware/host_authorization.rb:143:in 'ActionDispatch::HostAuthorization#call'
railties (8.0.2) lib/rails/engine.rb:535:in 'Rails::Engine#call'
puma (6.6.0) lib/puma/configuration.rb:279:in 'Puma::Configuration::ConfigMiddleware#call'
puma (6.6.0) lib/puma/request.rb:99:in 'block in Puma::Request#handle_request'
puma (6.6.0) lib/puma/thread_pool.rb:390:in 'Puma::ThreadPool#with_force_shutdown'
puma (6.6.0) lib/puma/request.rb:98:in 'Puma::Request#handle_request'
puma (6.6.0) lib/puma/server.rb:472:in 'Puma::Server#process_client'
puma (6.6.0) lib/puma/server.rb:254:in 'block in Puma::Server#run'
puma (6.6.0) lib/puma/thread_pool.rb:167:in 'block in Puma::ThreadPool#spawn_thread'
Started GET "/products" for 127.0.0.1 at 2025-06-02 14:44:43 +0300
Processing by ProductsController#index as HTML
Completed 406 Not Acceptable in 639ms (ActiveRecord: 0.0ms (0 queries, 0 cached) | GC: 0.0ms)


  
ActionController::MissingExactTemplate (ProductsController#index is missing a template for request formats: text/html):
  
actionpack (8.0.2) lib/action_controller/metal/implicit_render.rb:49:in 'ActionController::ImplicitRender#default_render'
actionpack (8.0.2) lib/action_controller/metal/basic_implicit_render.rb:9:in 'ActionController::BasicImplicitRender#send_action'
actionpack (8.0.2) lib/abstract_controller/base.rb:226:in 'AbstractController::Base#process_action'
actionpack (8.0.2) lib/action_controller/metal/rendering.rb:193:in 'ActionController::Rendering#process_action'
actionpack (8.0.2) lib/abstract_controller/callbacks.rb:261:in 'block in AbstractController::Callbacks#process_action'
activesupport (8.0.2) lib/active_support/callbacks.rb:120:in 'block in ActiveSupport::Callbacks#run_callbacks'
turbo-rails (2.0.13) lib/turbo-rails.rb:24:in 'Turbo.with_request_id'
turbo-rails (2.0.13) app/controllers/concerns/turbo/request_id_tracking.rb:10:in 'Turbo::RequestIdTracking#turbo_tracking_request_id'
activesupport (8.0.2) lib/active_support/callbacks.rb:129:in 'block in ActiveSupport::Callbacks#run_callbacks'
actiontext (8.0.2) lib/action_text/rendering.rb:25:in 'ActionText::Rendering::ClassMethods#with_renderer'
actiontext (8.0.2) lib/action_text/engine.rb:71:in 'block (4 levels) in <class:Engine>'
activesupport (8.0.2) lib/active_support/callbacks.rb:129:in 'BasicObject#instance_exec'
activesupport (8.0.2) lib/active_support/callbacks.rb:129:in 'block in ActiveSupport::Callbacks#run_callbacks'
activesupport (8.0.2) lib/active_support/callbacks.rb:140:in 'ActiveSupport::Callbacks#run_callbacks'
actionpack (8.0.2) lib/abstract_controller/callbacks.rb:260:in 'AbstractController::Callbacks#process_action'
actionpack (8.0.2) lib/action_controller/metal/rescue.rb:27:in 'ActionController::Rescue#process_action'
actionpack (8.0.2) lib/action_controller/metal/instrumentation.rb:76:in 'block in ActionController::Instrumentation#process_action'
activesupport (8.0.2) lib/active_support/notifications.rb:210:in 'block in ActiveSupport::Notifications.instrument'
activesupport (8.0.2) lib/active_support/notifications/instrumenter.rb:58:in 'ActiveSupport::Notifications::Instrumenter#instrument'
activesupport (8.0.2) lib/active_support/notifications.rb:210:in 'ActiveSupport::Notifications.instrument'
actionpack (8.0.2) lib/action_controller/metal/instrumentation.rb:75:in 'ActionController::Instrumentation#process_action'
actionpack (8.0.2) lib/action_controller/metal/params_wrapper.rb:259:in 'ActionController::ParamsWrapper#process_action'
activerecord (8.0.2) lib/active_record/railties/controller_runtime.rb:39:in 'ActiveRecord::Railties::ControllerRuntime#process_action'
actionpack (8.0.2) lib/abstract_controller/base.rb:163:in 'AbstractController::Base#process'
actionview (8.0.2) lib/action_view/rendering.rb:40:in 'ActionView::Rendering#process'
actionpack (8.0.2) lib/action_controller/metal.rb:252:in 'ActionController::Metal#dispatch'
actionpack (8.0.2) lib/action_controller/metal.rb:335:in 'ActionController::Metal.dispatch'
actionpack (8.0.2) lib/action_dispatch/routing/route_set.rb:67:in 'ActionDispatch::Routing::RouteSet::Dispatcher#dispatch'
actionpack (8.0.2) lib/action_dispatch/routing/route_set.rb:50:in 'ActionDispatch::Routing::RouteSet::Dispatcher#serve'
actionpack (8.0.2) lib/action_dispatch/journey/router.rb:53:in 'block in ActionDispatch::Journey::Router#serve'
actionpack (8.0.2) lib/action_dispatch/journey/router.rb:133:in 'block in ActionDispatch::Journey::Router#find_routes'
actionpack (8.0.2) lib/action_dispatch/journey/router.rb:126:in 'Array#each'
actionpack (8.0.2) lib/action_dispatch/journey/router.rb:126:in 'ActionDispatch::Journey::Router#find_routes'
actionpack (8.0.2) lib/action_dispatch/journey/router.rb:34:in 'ActionDispatch::Journey::Router#serve'
actionpack (8.0.2) lib/action_dispatch/routing/route_set.rb:908:in 'ActionDispatch::Routing::RouteSet#call'
railties (8.0.2) lib/rails/engine/lazy_route_set.rb:68:in 'Rails::Engine::LazyRouteSet#call'
rack (3.1.15) lib/rack/tempfile_reaper.rb:20:in 'Rack::TempfileReaper#call'
rack (3.1.15) lib/rack/etag.rb:29:in 'Rack::ETag#call'
rack (3.1.15) lib/rack/conditional_get.rb:31:in 'Rack::ConditionalGet#call'
rack (3.1.15) lib/rack/head.rb:15:in 'Rack::Head#call'
actionpack (8.0.2) lib/action_dispatch/http/permissions_policy.rb:38:in 'ActionDispatch::PermissionsPolicy::Middleware#call'
actionpack (8.0.2) lib/action_dispatch/http/content_security_policy.rb:38:in 'ActionDispatch::ContentSecurityPolicy::Middleware#call'
rack-session (2.1.1) lib/rack/session/abstract/id.rb:274:in 'Rack::Session::Abstract::Persisted#context'
rack-session (2.1.1) lib/rack/session/abstract/id.rb:268:in 'Rack::Session::Abstract::Persisted#call'
actionpack (8.0.2) lib/action_dispatch/middleware/cookies.rb:706:in 'ActionDispatch::Cookies#call'
activerecord (8.0.2) lib/active_record/migration.rb:671:in 'ActiveRecord::Migration::CheckPending#call'
actionpack (8.0.2) lib/action_dispatch/middleware/callbacks.rb:31:in 'block in ActionDispatch::Callbacks#call'
activesupport (8.0.2) lib/active_support/callbacks.rb:100:in 'ActiveSupport::Callbacks#run_callbacks'
actionpack (8.0.2) lib/action_dispatch/middleware/callbacks.rb:30:in 'ActionDispatch::Callbacks#call'
actionpack (8.0.2) lib/action_dispatch/middleware/executor.rb:16:in 'ActionDispatch::Executor#call'
actionpack (8.0.2) lib/action_dispatch/middleware/actionable_exceptions.rb:18:in 'ActionDispatch::ActionableExceptions#call'
actionpack (8.0.2) lib/action_dispatch/middleware/debug_exceptions.rb:31:in 'ActionDispatch::DebugExceptions#call'
web-console (4.2.1) lib/web_console/middleware.rb:132:in 'WebConsole::Middleware#call_app'
web-console (4.2.1) lib/web_console/middleware.rb:28:in 'block in WebConsole::Middleware#call'
web-console (4.2.1) lib/web_console/middleware.rb:17:in 'Kernel#catch'
web-console (4.2.1) lib/web_console/middleware.rb:17:in 'WebConsole::Middleware#call'
actionpack (8.0.2) lib/action_dispatch/middleware/show_exceptions.rb:32:in 'ActionDispatch::ShowExceptions#call'
railties (8.0.2) lib/rails/rack/logger.rb:41:in 'Rails::Rack::Logger#call_app'
railties (8.0.2) lib/rails/rack/logger.rb:29:in 'Rails::Rack::Logger#call'
actionpack (8.0.2) lib/action_dispatch/middleware/remote_ip.rb:96:in 'ActionDispatch::RemoteIp#call'
actionpack (8.0.2) lib/action_dispatch/middleware/request_id.rb:34:in 'ActionDispatch::RequestId#call'
rack (3.1.15) lib/rack/method_override.rb:28:in 'Rack::MethodOverride#call'
rack (3.1.15) lib/rack/runtime.rb:24:in 'Rack::Runtime#call'
actionpack (8.0.2) lib/action_dispatch/middleware/server_timing.rb:61:in 'block in ActionDispatch::ServerTiming#call'
actionpack (8.0.2) lib/action_dispatch/middleware/server_timing.rb:26:in 'ActionDispatch::ServerTiming::Subscriber#collect_events'
actionpack (8.0.2) lib/action_dispatch/middleware/server_timing.rb:60:in 'ActionDispatch::ServerTiming#call'
actionpack (8.0.2) lib/action_dispatch/middleware/executor.rb:16:in 'ActionDispatch::Executor#call'
actionpack (8.0.2) lib/action_dispatch/middleware/static.rb:27:in 'ActionDispatch::Static#call'
rack (3.1.15) lib/rack/sendfile.rb:114:in 'Rack::Sendfile#call'
actionpack (8.0.2) lib/action_dispatch/middleware/host_authorization.rb:143:in 'ActionDispatch::HostAuthorization#call'
railties (8.0.2) lib/rails/engine.rb:535:in 'Rails::Engine#call'
puma (6.6.0) lib/puma/configuration.rb:279:in 'Puma::Configuration::ConfigMiddleware#call'
puma (6.6.0) lib/puma/request.rb:99:in 'block in Puma::Request#handle_request'
puma (6.6.0) lib/puma/thread_pool.rb:390:in 'Puma::ThreadPool#with_force_shutdown'
puma (6.6.0) lib/puma/request.rb:98:in 'Puma::Request#handle_request'
puma (6.6.0) lib/puma/server.rb:472:in 'Puma::Server#process_client'
puma (6.6.0) lib/puma/server.rb:254:in 'block in Puma::Server#run'
puma (6.6.0) lib/puma/thread_pool.rb:167:in 'block in Puma::ThreadPool#spawn_thread'
Started GET "/products" for 127.0.0.1 at 2025-06-02 14:45:54 +0300
  
ArgumentError ('Products' is not a supported controller name. This can lead to potential routing problems. See https://guides.rubyonrails.org/routing.html#specifying-a-controller-to-use):
  
config/routes.rb:7:in 'block in <main>'
config/routes.rb:1:in '<main>'
Started GET "/products" for 127.0.0.1 at 2025-06-02 14:46:02 +0300
Processing by ProductsController#index as HTML
Completed 406 Not Acceptable in 610ms (ActiveRecord: 0.0ms (0 queries, 0 cached) | GC: 0.0ms)


  
ActionController::MissingExactTemplate (ProductsController#index is missing a template for request formats: text/html):
  
actionpack (8.0.2) lib/action_controller/metal/implicit_render.rb:49:in 'ActionController::ImplicitRender#default_render'
actionpack (8.0.2) lib/action_controller/metal/basic_implicit_render.rb:9:in 'ActionController::BasicImplicitRender#send_action'
actionpack (8.0.2) lib/abstract_controller/base.rb:226:in 'AbstractController::Base#process_action'
actionpack (8.0.2) lib/action_controller/metal/rendering.rb:193:in 'ActionController::Rendering#process_action'
actionpack (8.0.2) lib/abstract_controller/callbacks.rb:261:in 'block in AbstractController::Callbacks#process_action'
activesupport (8.0.2) lib/active_support/callbacks.rb:120:in 'block in ActiveSupport::Callbacks#run_callbacks'
turbo-rails (2.0.13) lib/turbo-rails.rb:24:in 'Turbo.with_request_id'
turbo-rails (2.0.13) app/controllers/concerns/turbo/request_id_tracking.rb:10:in 'Turbo::RequestIdTracking#turbo_tracking_request_id'
activesupport (8.0.2) lib/active_support/callbacks.rb:129:in 'block in ActiveSupport::Callbacks#run_callbacks'
actiontext (8.0.2) lib/action_text/rendering.rb:25:in 'ActionText::Rendering::ClassMethods#with_renderer'
actiontext (8.0.2) lib/action_text/engine.rb:71:in 'block (4 levels) in <class:Engine>'
activesupport (8.0.2) lib/active_support/callbacks.rb:129:in 'BasicObject#instance_exec'
activesupport (8.0.2) lib/active_support/callbacks.rb:129:in 'block in ActiveSupport::Callbacks#run_callbacks'
activesupport (8.0.2) lib/active_support/callbacks.rb:140:in 'ActiveSupport::Callbacks#run_callbacks'
actionpack (8.0.2) lib/abstract_controller/callbacks.rb:260:in 'AbstractController::Callbacks#process_action'
actionpack (8.0.2) lib/action_controller/metal/rescue.rb:27:in 'ActionController::Rescue#process_action'
actionpack (8.0.2) lib/action_controller/metal/instrumentation.rb:76:in 'block in ActionController::Instrumentation#process_action'
activesupport (8.0.2) lib/active_support/notifications.rb:210:in 'block in ActiveSupport::Notifications.instrument'
activesupport (8.0.2) lib/active_support/notifications/instrumenter.rb:58:in 'ActiveSupport::Notifications::Instrumenter#instrument'
activesupport (8.0.2) lib/active_support/notifications.rb:210:in 'ActiveSupport::Notifications.instrument'
actionpack (8.0.2) lib/action_controller/metal/instrumentation.rb:75:in 'ActionController::Instrumentation#process_action'
actionpack (8.0.2) lib/action_controller/metal/params_wrapper.rb:259:in 'ActionController::ParamsWrapper#process_action'
activerecord (8.0.2) lib/active_record/railties/controller_runtime.rb:39:in 'ActiveRecord::Railties::ControllerRuntime#process_action'
actionpack (8.0.2) lib/abstract_controller/base.rb:163:in 'AbstractController::Base#process'
actionview (8.0.2) lib/action_view/rendering.rb:40:in 'ActionView::Rendering#process'
actionpack (8.0.2) lib/action_controller/metal.rb:252:in 'ActionController::Metal#dispatch'
actionpack (8.0.2) lib/action_controller/metal.rb:335:in 'ActionController::Metal.dispatch'
actionpack (8.0.2) lib/action_dispatch/routing/route_set.rb:67:in 'ActionDispatch::Routing::RouteSet::Dispatcher#dispatch'
actionpack (8.0.2) lib/action_dispatch/routing/route_set.rb:50:in 'ActionDispatch::Routing::RouteSet::Dispatcher#serve'
actionpack (8.0.2) lib/action_dispatch/journey/router.rb:53:in 'block in ActionDispatch::Journey::Router#serve'
actionpack (8.0.2) lib/action_dispatch/journey/router.rb:133:in 'block in ActionDispatch::Journey::Router#find_routes'
actionpack (8.0.2) lib/action_dispatch/journey/router.rb:126:in 'Array#each'
actionpack (8.0.2) lib/action_dispatch/journey/router.rb:126:in 'ActionDispatch::Journey::Router#find_routes'
actionpack (8.0.2) lib/action_dispatch/journey/router.rb:34:in 'ActionDispatch::Journey::Router#serve'
actionpack (8.0.2) lib/action_dispatch/routing/route_set.rb:908:in 'ActionDispatch::Routing::RouteSet#call'
railties (8.0.2) lib/rails/engine/lazy_route_set.rb:68:in 'Rails::Engine::LazyRouteSet#call'
rack (3.1.15) lib/rack/tempfile_reaper.rb:20:in 'Rack::TempfileReaper#call'
rack (3.1.15) lib/rack/etag.rb:29:in 'Rack::ETag#call'
rack (3.1.15) lib/rack/conditional_get.rb:31:in 'Rack::ConditionalGet#call'
rack (3.1.15) lib/rack/head.rb:15:in 'Rack::Head#call'
actionpack (8.0.2) lib/action_dispatch/http/permissions_policy.rb:38:in 'ActionDispatch::PermissionsPolicy::Middleware#call'
actionpack (8.0.2) lib/action_dispatch/http/content_security_policy.rb:38:in 'ActionDispatch::ContentSecurityPolicy::Middleware#call'
rack-session (2.1.1) lib/rack/session/abstract/id.rb:274:in 'Rack::Session::Abstract::Persisted#context'
rack-session (2.1.1) lib/rack/session/abstract/id.rb:268:in 'Rack::Session::Abstract::Persisted#call'
actionpack (8.0.2) lib/action_dispatch/middleware/cookies.rb:706:in 'ActionDispatch::Cookies#call'
activerecord (8.0.2) lib/active_record/migration.rb:671:in 'ActiveRecord::Migration::CheckPending#call'
actionpack (8.0.2) lib/action_dispatch/middleware/callbacks.rb:31:in 'block in ActionDispatch::Callbacks#call'
activesupport (8.0.2) lib/active_support/callbacks.rb:100:in 'ActiveSupport::Callbacks#run_callbacks'
actionpack (8.0.2) lib/action_dispatch/middleware/callbacks.rb:30:in 'ActionDispatch::Callbacks#call'
actionpack (8.0.2) lib/action_dispatch/middleware/executor.rb:16:in 'ActionDispatch::Executor#call'
actionpack (8.0.2) lib/action_dispatch/middleware/actionable_exceptions.rb:18:in 'ActionDispatch::ActionableExceptions#call'
actionpack (8.0.2) lib/action_dispatch/middleware/debug_exceptions.rb:31:in 'ActionDispatch::DebugExceptions#call'
web-console (4.2.1) lib/web_console/middleware.rb:132:in 'WebConsole::Middleware#call_app'
web-console (4.2.1) lib/web_console/middleware.rb:28:in 'block in WebConsole::Middleware#call'
web-console (4.2.1) lib/web_console/middleware.rb:17:in 'Kernel#catch'
web-console (4.2.1) lib/web_console/middleware.rb:17:in 'WebConsole::Middleware#call'
actionpack (8.0.2) lib/action_dispatch/middleware/show_exceptions.rb:32:in 'ActionDispatch::ShowExceptions#call'
railties (8.0.2) lib/rails/rack/logger.rb:41:in 'Rails::Rack::Logger#call_app'
railties (8.0.2) lib/rails/rack/logger.rb:29:in 'Rails::Rack::Logger#call'
actionpack (8.0.2) lib/action_dispatch/middleware/remote_ip.rb:96:in 'ActionDispatch::RemoteIp#call'
actionpack (8.0.2) lib/action_dispatch/middleware/request_id.rb:34:in 'ActionDispatch::RequestId#call'
rack (3.1.15) lib/rack/method_override.rb:28:in 'Rack::MethodOverride#call'
rack (3.1.15) lib/rack/runtime.rb:24:in 'Rack::Runtime#call'
actionpack (8.0.2) lib/action_dispatch/middleware/server_timing.rb:61:in 'block in ActionDispatch::ServerTiming#call'
actionpack (8.0.2) lib/action_dispatch/middleware/server_timing.rb:26:in 'ActionDispatch::ServerTiming::Subscriber#collect_events'
actionpack (8.0.2) lib/action_dispatch/middleware/server_timing.rb:60:in 'ActionDispatch::ServerTiming#call'
actionpack (8.0.2) lib/action_dispatch/middleware/executor.rb:16:in 'ActionDispatch::Executor#call'
actionpack (8.0.2) lib/action_dispatch/middleware/static.rb:27:in 'ActionDispatch::Static#call'
rack (3.1.15) lib/rack/sendfile.rb:114:in 'Rack::Sendfile#call'
actionpack (8.0.2) lib/action_dispatch/middleware/host_authorization.rb:143:in 'ActionDispatch::HostAuthorization#call'
railties (8.0.2) lib/rails/engine.rb:535:in 'Rails::Engine#call'
puma (6.6.0) lib/puma/configuration.rb:279:in 'Puma::Configuration::ConfigMiddleware#call'
puma (6.6.0) lib/puma/request.rb:99:in 'block in Puma::Request#handle_request'
puma (6.6.0) lib/puma/thread_pool.rb:390:in 'Puma::ThreadPool#with_force_shutdown'
puma (6.6.0) lib/puma/request.rb:98:in 'Puma::Request#handle_request'
puma (6.6.0) lib/puma/server.rb:472:in 'Puma::Server#process_client'
puma (6.6.0) lib/puma/server.rb:254:in 'block in Puma::Server#run'
puma (6.6.0) lib/puma/thread_pool.rb:167:in 'block in Puma::ThreadPool#spawn_thread'
Started GET "/.well-known/appspecific/com.chrome.devtools.json" for 127.0.0.1 at 2025-06-02 14:46:42 +0300
  
ActionController::RoutingError (No route matches [GET] "/.well-known/appspecific/com.chrome.devtools.json"):
  
Started GET "/products" for 127.0.0.1 at 2025-06-02 14:46:50 +0300
Processing by ProductsController#index as HTML
Completed 406 Not Acceptable in 624ms (ActiveRecord: 0.0ms (0 queries, 0 cached) | GC: 0.0ms)


  
ActionController::MissingExactTemplate (ProductsController#index is missing a template for request formats: text/html):
  
actionpack (8.0.2) lib/action_controller/metal/implicit_render.rb:49:in 'ActionController::ImplicitRender#default_render'
actionpack (8.0.2) lib/action_controller/metal/basic_implicit_render.rb:9:in 'ActionController::BasicImplicitRender#send_action'
actionpack (8.0.2) lib/abstract_controller/base.rb:226:in 'AbstractController::Base#process_action'
actionpack (8.0.2) lib/action_controller/metal/rendering.rb:193:in 'ActionController::Rendering#process_action'
actionpack (8.0.2) lib/abstract_controller/callbacks.rb:261:in 'block in AbstractController::Callbacks#process_action'
activesupport (8.0.2) lib/active_support/callbacks.rb:120:in 'block in ActiveSupport::Callbacks#run_callbacks'
turbo-rails (2.0.13) lib/turbo-rails.rb:24:in 'Turbo.with_request_id'
turbo-rails (2.0.13) app/controllers/concerns/turbo/request_id_tracking.rb:10:in 'Turbo::RequestIdTracking#turbo_tracking_request_id'
activesupport (8.0.2) lib/active_support/callbacks.rb:129:in 'block in ActiveSupport::Callbacks#run_callbacks'
actiontext (8.0.2) lib/action_text/rendering.rb:25:in 'ActionText::Rendering::ClassMethods#with_renderer'
actiontext (8.0.2) lib/action_text/engine.rb:71:in 'block (4 levels) in <class:Engine>'
activesupport (8.0.2) lib/active_support/callbacks.rb:129:in 'BasicObject#instance_exec'
activesupport (8.0.2) lib/active_support/callbacks.rb:129:in 'block in ActiveSupport::Callbacks#run_callbacks'
activesupport (8.0.2) lib/active_support/callbacks.rb:140:in 'ActiveSupport::Callbacks#run_callbacks'
actionpack (8.0.2) lib/abstract_controller/callbacks.rb:260:in 'AbstractController::Callbacks#process_action'
actionpack (8.0.2) lib/action_controller/metal/rescue.rb:27:in 'ActionController::Rescue#process_action'
actionpack (8.0.2) lib/action_controller/metal/instrumentation.rb:76:in 'block in ActionController::Instrumentation#process_action'
activesupport (8.0.2) lib/active_support/notifications.rb:210:in 'block in ActiveSupport::Notifications.instrument'
activesupport (8.0.2) lib/active_support/notifications/instrumenter.rb:58:in 'ActiveSupport::Notifications::Instrumenter#instrument'
activesupport (8.0.2) lib/active_support/notifications.rb:210:in 'ActiveSupport::Notifications.instrument'
actionpack (8.0.2) lib/action_controller/metal/instrumentation.rb:75:in 'ActionController::Instrumentation#process_action'
actionpack (8.0.2) lib/action_controller/metal/params_wrapper.rb:259:in 'ActionController::ParamsWrapper#process_action'
activerecord (8.0.2) lib/active_record/railties/controller_runtime.rb:39:in 'ActiveRecord::Railties::ControllerRuntime#process_action'
actionpack (8.0.2) lib/abstract_controller/base.rb:163:in 'AbstractController::Base#process'
actionview (8.0.2) lib/action_view/rendering.rb:40:in 'ActionView::Rendering#process'
actionpack (8.0.2) lib/action_controller/metal.rb:252:in 'ActionController::Metal#dispatch'
actionpack (8.0.2) lib/action_controller/metal.rb:335:in 'ActionController::Metal.dispatch'
actionpack (8.0.2) lib/action_dispatch/routing/route_set.rb:67:in 'ActionDispatch::Routing::RouteSet::Dispatcher#dispatch'
actionpack (8.0.2) lib/action_dispatch/routing/route_set.rb:50:in 'ActionDispatch::Routing::RouteSet::Dispatcher#serve'
actionpack (8.0.2) lib/action_dispatch/journey/router.rb:53:in 'block in ActionDispatch::Journey::Router#serve'
actionpack (8.0.2) lib/action_dispatch/journey/router.rb:133:in 'block in ActionDispatch::Journey::Router#find_routes'
actionpack (8.0.2) lib/action_dispatch/journey/router.rb:126:in 'Array#each'
actionpack (8.0.2) lib/action_dispatch/journey/router.rb:126:in 'ActionDispatch::Journey::Router#find_routes'
actionpack (8.0.2) lib/action_dispatch/journey/router.rb:34:in 'ActionDispatch::Journey::Router#serve'
actionpack (8.0.2) lib/action_dispatch/routing/route_set.rb:908:in 'ActionDispatch::Routing::RouteSet#call'
railties (8.0.2) lib/rails/engine/lazy_route_set.rb:68:in 'Rails::Engine::LazyRouteSet#call'
rack (3.1.15) lib/rack/tempfile_reaper.rb:20:in 'Rack::TempfileReaper#call'
rack (3.1.15) lib/rack/etag.rb:29:in 'Rack::ETag#call'
rack (3.1.15) lib/rack/conditional_get.rb:31:in 'Rack::ConditionalGet#call'
rack (3.1.15) lib/rack/head.rb:15:in 'Rack::Head#call'
actionpack (8.0.2) lib/action_dispatch/http/permissions_policy.rb:38:in 'ActionDispatch::PermissionsPolicy::Middleware#call'
actionpack (8.0.2) lib/action_dispatch/http/content_security_policy.rb:38:in 'ActionDispatch::ContentSecurityPolicy::Middleware#call'
rack-session (2.1.1) lib/rack/session/abstract/id.rb:274:in 'Rack::Session::Abstract::Persisted#context'
rack-session (2.1.1) lib/rack/session/abstract/id.rb:268:in 'Rack::Session::Abstract::Persisted#call'
actionpack (8.0.2) lib/action_dispatch/middleware/cookies.rb:706:in 'ActionDispatch::Cookies#call'
activerecord (8.0.2) lib/active_record/migration.rb:671:in 'ActiveRecord::Migration::CheckPending#call'
actionpack (8.0.2) lib/action_dispatch/middleware/callbacks.rb:31:in 'block in ActionDispatch::Callbacks#call'
activesupport (8.0.2) lib/active_support/callbacks.rb:100:in 'ActiveSupport::Callbacks#run_callbacks'
actionpack (8.0.2) lib/action_dispatch/middleware/callbacks.rb:30:in 'ActionDispatch::Callbacks#call'
actionpack (8.0.2) lib/action_dispatch/middleware/executor.rb:16:in 'ActionDispatch::Executor#call'
actionpack (8.0.2) lib/action_dispatch/middleware/actionable_exceptions.rb:18:in 'ActionDispatch::ActionableExceptions#call'
actionpack (8.0.2) lib/action_dispatch/middleware/debug_exceptions.rb:31:in 'ActionDispatch::DebugExceptions#call'
web-console (4.2.1) lib/web_console/middleware.rb:132:in 'WebConsole::Middleware#call_app'
web-console (4.2.1) lib/web_console/middleware.rb:28:in 'block in WebConsole::Middleware#call'
web-console (4.2.1) lib/web_console/middleware.rb:17:in 'Kernel#catch'
web-console (4.2.1) lib/web_console/middleware.rb:17:in 'WebConsole::Middleware#call'
actionpack (8.0.2) lib/action_dispatch/middleware/show_exceptions.rb:32:in 'ActionDispatch::ShowExceptions#call'
railties (8.0.2) lib/rails/rack/logger.rb:41:in 'Rails::Rack::Logger#call_app'
railties (8.0.2) lib/rails/rack/logger.rb:29:in 'Rails::Rack::Logger#call'
actionpack (8.0.2) lib/action_dispatch/middleware/remote_ip.rb:96:in 'ActionDispatch::RemoteIp#call'
actionpack (8.0.2) lib/action_dispatch/middleware/request_id.rb:34:in 'ActionDispatch::RequestId#call'
rack (3.1.15) lib/rack/method_override.rb:28:in 'Rack::MethodOverride#call'
rack (3.1.15) lib/rack/runtime.rb:24:in 'Rack::Runtime#call'
actionpack (8.0.2) lib/action_dispatch/middleware/server_timing.rb:61:in 'block in ActionDispatch::ServerTiming#call'
actionpack (8.0.2) lib/action_dispatch/middleware/server_timing.rb:26:in 'ActionDispatch::ServerTiming::Subscriber#collect_events'
actionpack (8.0.2) lib/action_dispatch/middleware/server_timing.rb:60:in 'ActionDispatch::ServerTiming#call'
actionpack (8.0.2) lib/action_dispatch/middleware/executor.rb:16:in 'ActionDispatch::Executor#call'
actionpack (8.0.2) lib/action_dispatch/middleware/static.rb:27:in 'ActionDispatch::Static#call'
rack (3.1.15) lib/rack/sendfile.rb:114:in 'Rack::Sendfile#call'
actionpack (8.0.2) lib/action_dispatch/middleware/host_authorization.rb:143:in 'ActionDispatch::HostAuthorization#call'
railties (8.0.2) lib/rails/engine.rb:535:in 'Rails::Engine#call'
puma (6.6.0) lib/puma/configuration.rb:279:in 'Puma::Configuration::ConfigMiddleware#call'
puma (6.6.0) lib/puma/request.rb:99:in 'block in Puma::Request#handle_request'
puma (6.6.0) lib/puma/thread_pool.rb:390:in 'Puma::ThreadPool#with_force_shutdown'
puma (6.6.0) lib/puma/request.rb:98:in 'Puma::Request#handle_request'
puma (6.6.0) lib/puma/server.rb:472:in 'Puma::Server#process_client'
puma (6.6.0) lib/puma/server.rb:254:in 'block in Puma::Server#run'
puma (6.6.0) lib/puma/thread_pool.rb:167:in 'block in Puma::ThreadPool#spawn_thread'
Started GET "/.well-known/appspecific/com.chrome.devtools.json" for 127.0.0.1 at 2025-06-02 14:46:51 +0300
  
ActionController::RoutingError (No route matches [GET] "/.well-known/appspecific/com.chrome.devtools.json"):
  
Started GET "/products" for 127.0.0.1 at 2025-06-02 14:48:04 +0300
Processing by ProductsController#index as HTML
Completed 406 Not Acceptable in 634ms (ActiveRecord: 0.0ms (0 queries, 0 cached) | GC: 0.0ms)


  
ActionController::MissingExactTemplate (ProductsController#index is missing a template for request formats: text/html):
  
actionpack (8.0.2) lib/action_controller/metal/implicit_render.rb:49:in 'ActionController::ImplicitRender#default_render'
actionpack (8.0.2) lib/action_controller/metal/basic_implicit_render.rb:9:in 'ActionController::BasicImplicitRender#send_action'
actionpack (8.0.2) lib/abstract_controller/base.rb:226:in 'AbstractController::Base#process_action'
actionpack (8.0.2) lib/action_controller/metal/rendering.rb:193:in 'ActionController::Rendering#process_action'
actionpack (8.0.2) lib/abstract_controller/callbacks.rb:261:in 'block in AbstractController::Callbacks#process_action'
activesupport (8.0.2) lib/active_support/callbacks.rb:120:in 'block in ActiveSupport::Callbacks#run_callbacks'
turbo-rails (2.0.13) lib/turbo-rails.rb:24:in 'Turbo.with_request_id'
turbo-rails (2.0.13) app/controllers/concerns/turbo/request_id_tracking.rb:10:in 'Turbo::RequestIdTracking#turbo_tracking_request_id'
activesupport (8.0.2) lib/active_support/callbacks.rb:129:in 'block in ActiveSupport::Callbacks#run_callbacks'
actiontext (8.0.2) lib/action_text/rendering.rb:25:in 'ActionText::Rendering::ClassMethods#with_renderer'
actiontext (8.0.2) lib/action_text/engine.rb:71:in 'block (4 levels) in <class:Engine>'
activesupport (8.0.2) lib/active_support/callbacks.rb:129:in 'BasicObject#instance_exec'
activesupport (8.0.2) lib/active_support/callbacks.rb:129:in 'block in ActiveSupport::Callbacks#run_callbacks'
activesupport (8.0.2) lib/active_support/callbacks.rb:140:in 'ActiveSupport::Callbacks#run_callbacks'
actionpack (8.0.2) lib/abstract_controller/callbacks.rb:260:in 'AbstractController::Callbacks#process_action'
actionpack (8.0.2) lib/action_controller/metal/rescue.rb:27:in 'ActionController::Rescue#process_action'
actionpack (8.0.2) lib/action_controller/metal/instrumentation.rb:76:in 'block in ActionController::Instrumentation#process_action'
activesupport (8.0.2) lib/active_support/notifications.rb:210:in 'block in ActiveSupport::Notifications.instrument'
activesupport (8.0.2) lib/active_support/notifications/instrumenter.rb:58:in 'ActiveSupport::Notifications::Instrumenter#instrument'
activesupport (8.0.2) lib/active_support/notifications.rb:210:in 'ActiveSupport::Notifications.instrument'
actionpack (8.0.2) lib/action_controller/metal/instrumentation.rb:75:in 'ActionController::Instrumentation#process_action'
actionpack (8.0.2) lib/action_controller/metal/params_wrapper.rb:259:in 'ActionController::ParamsWrapper#process_action'
activerecord (8.0.2) lib/active_record/railties/controller_runtime.rb:39:in 'ActiveRecord::Railties::ControllerRuntime#process_action'
actionpack (8.0.2) lib/abstract_controller/base.rb:163:in 'AbstractController::Base#process'
actionview (8.0.2) lib/action_view/rendering.rb:40:in 'ActionView::Rendering#process'
actionpack (8.0.2) lib/action_controller/metal.rb:252:in 'ActionController::Metal#dispatch'
actionpack (8.0.2) lib/action_controller/metal.rb:335:in 'ActionController::Metal.dispatch'
actionpack (8.0.2) lib/action_dispatch/routing/route_set.rb:67:in 'ActionDispatch::Routing::RouteSet::Dispatcher#dispatch'
actionpack (8.0.2) lib/action_dispatch/routing/route_set.rb:50:in 'ActionDispatch::Routing::RouteSet::Dispatcher#serve'
actionpack (8.0.2) lib/action_dispatch/journey/router.rb:53:in 'block in ActionDispatch::Journey::Router#serve'
actionpack (8.0.2) lib/action_dispatch/journey/router.rb:133:in 'block in ActionDispatch::Journey::Router#find_routes'
actionpack (8.0.2) lib/action_dispatch/journey/router.rb:126:in 'Array#each'
actionpack (8.0.2) lib/action_dispatch/journey/router.rb:126:in 'ActionDispatch::Journey::Router#find_routes'
actionpack (8.0.2) lib/action_dispatch/journey/router.rb:34:in 'ActionDispatch::Journey::Router#serve'
actionpack (8.0.2) lib/action_dispatch/routing/route_set.rb:908:in 'ActionDispatch::Routing::RouteSet#call'
railties (8.0.2) lib/rails/engine/lazy_route_set.rb:68:in 'Rails::Engine::LazyRouteSet#call'
rack (3.1.15) lib/rack/tempfile_reaper.rb:20:in 'Rack::TempfileReaper#call'
rack (3.1.15) lib/rack/etag.rb:29:in 'Rack::ETag#call'
rack (3.1.15) lib/rack/conditional_get.rb:31:in 'Rack::ConditionalGet#call'
rack (3.1.15) lib/rack/head.rb:15:in 'Rack::Head#call'
actionpack (8.0.2) lib/action_dispatch/http/permissions_policy.rb:38:in 'ActionDispatch::PermissionsPolicy::Middleware#call'
actionpack (8.0.2) lib/action_dispatch/http/content_security_policy.rb:38:in 'ActionDispatch::ContentSecurityPolicy::Middleware#call'
rack-session (2.1.1) lib/rack/session/abstract/id.rb:274:in 'Rack::Session::Abstract::Persisted#context'
rack-session (2.1.1) lib/rack/session/abstract/id.rb:268:in 'Rack::Session::Abstract::Persisted#call'
actionpack (8.0.2) lib/action_dispatch/middleware/cookies.rb:706:in 'ActionDispatch::Cookies#call'
activerecord (8.0.2) lib/active_record/migration.rb:671:in 'ActiveRecord::Migration::CheckPending#call'
actionpack (8.0.2) lib/action_dispatch/middleware/callbacks.rb:31:in 'block in ActionDispatch::Callbacks#call'
activesupport (8.0.2) lib/active_support/callbacks.rb:100:in 'ActiveSupport::Callbacks#run_callbacks'
actionpack (8.0.2) lib/action_dispatch/middleware/callbacks.rb:30:in 'ActionDispatch::Callbacks#call'
actionpack (8.0.2) lib/action_dispatch/middleware/executor.rb:16:in 'ActionDispatch::Executor#call'
actionpack (8.0.2) lib/action_dispatch/middleware/actionable_exceptions.rb:18:in 'ActionDispatch::ActionableExceptions#call'
actionpack (8.0.2) lib/action_dispatch/middleware/debug_exceptions.rb:31:in 'ActionDispatch::DebugExceptions#call'
web-console (4.2.1) lib/web_console/middleware.rb:132:in 'WebConsole::Middleware#call_app'
web-console (4.2.1) lib/web_console/middleware.rb:28:in 'block in WebConsole::Middleware#call'
web-console (4.2.1) lib/web_console/middleware.rb:17:in 'Kernel#catch'
web-console (4.2.1) lib/web_console/middleware.rb:17:in 'WebConsole::Middleware#call'
actionpack (8.0.2) lib/action_dispatch/middleware/show_exceptions.rb:32:in 'ActionDispatch::ShowExceptions#call'
railties (8.0.2) lib/rails/rack/logger.rb:41:in 'Rails::Rack::Logger#call_app'
railties (8.0.2) lib/rails/rack/logger.rb:29:in 'Rails::Rack::Logger#call'
actionpack (8.0.2) lib/action_dispatch/middleware/remote_ip.rb:96:in 'ActionDispatch::RemoteIp#call'
actionpack (8.0.2) lib/action_dispatch/middleware/request_id.rb:34:in 'ActionDispatch::RequestId#call'
rack (3.1.15) lib/rack/method_override.rb:28:in 'Rack::MethodOverride#call'
rack (3.1.15) lib/rack/runtime.rb:24:in 'Rack::Runtime#call'
actionpack (8.0.2) lib/action_dispatch/middleware/server_timing.rb:61:in 'block in ActionDispatch::ServerTiming#call'
actionpack (8.0.2) lib/action_dispatch/middleware/server_timing.rb:26:in 'ActionDispatch::ServerTiming::Subscriber#collect_events'
actionpack (8.0.2) lib/action_dispatch/middleware/server_timing.rb:60:in 'ActionDispatch::ServerTiming#call'
actionpack (8.0.2) lib/action_dispatch/middleware/executor.rb:16:in 'ActionDispatch::Executor#call'
actionpack (8.0.2) lib/action_dispatch/middleware/static.rb:27:in 'ActionDispatch::Static#call'
rack (3.1.15) lib/rack/sendfile.rb:114:in 'Rack::Sendfile#call'
actionpack (8.0.2) lib/action_dispatch/middleware/host_authorization.rb:143:in 'ActionDispatch::HostAuthorization#call'
railties (8.0.2) lib/rails/engine.rb:535:in 'Rails::Engine#call'
puma (6.6.0) lib/puma/configuration.rb:279:in 'Puma::Configuration::ConfigMiddleware#call'
puma (6.6.0) lib/puma/request.rb:99:in 'block in Puma::Request#handle_request'
puma (6.6.0) lib/puma/thread_pool.rb:390:in 'Puma::ThreadPool#with_force_shutdown'
puma (6.6.0) lib/puma/request.rb:98:in 'Puma::Request#handle_request'
puma (6.6.0) lib/puma/server.rb:472:in 'Puma::Server#process_client'
puma (6.6.0) lib/puma/server.rb:254:in 'block in Puma::Server#run'
puma (6.6.0) lib/puma/thread_pool.rb:167:in 'block in Puma::ThreadPool#spawn_thread'
Started GET "/products" for 127.0.0.1 at 2025-06-02 14:48:24 +0300
Processing by ProductsController#index as HTML
Completed 500 Internal Server Error in 695ms (ActiveRecord: 0.0ms (0 queries, 0 cached) | GC: 0.2ms)


  
ActionView::MissingTemplate (Missing template products/index.html.erb with {locale: [:en], formats: [:html], variants: [], handlers: [:raw, :erb, :html, :builder, :ruby, :jbuilder]}.

Searched in:
  * "C:/Users/WIN 10/Desktop/open source/Ruby/ITI_ruby_course/store2/app/views"
  * "C:/Ruby34-x64/lib/ruby/gems/3.4.0/gems/turbo-rails-2.0.13/app/views"
  * "C:/Ruby34-x64/lib/ruby/gems/3.4.0/gems/actiontext-8.0.2/app/views"
  * "C:/Ruby34-x64/lib/ruby/gems/3.4.0/gems/actionmailbox-8.0.2/app/views"
):
  
app/controllers/products_controller.rb:4:in 'ProductsController#index'
Started GET "/products" for 127.0.0.1 at 2025-06-02 14:48:45 +0300
Processing by ProductsController#index as HTML
Completed 406 Not Acceptable in 618ms (ActiveRecord: 0.0ms (0 queries, 0 cached) | GC: 0.0ms)


  
ActionController::MissingExactTemplate (ProductsController#index is missing a template for request formats: text/html):
  
actionpack (8.0.2) lib/action_controller/metal/implicit_render.rb:49:in 'ActionController::ImplicitRender#default_render'
actionpack (8.0.2) lib/action_controller/metal/basic_implicit_render.rb:9:in 'ActionController::BasicImplicitRender#send_action'
actionpack (8.0.2) lib/abstract_controller/base.rb:226:in 'AbstractController::Base#process_action'
actionpack (8.0.2) lib/action_controller/metal/rendering.rb:193:in 'ActionController::Rendering#process_action'
actionpack (8.0.2) lib/abstract_controller/callbacks.rb:261:in 'block in AbstractController::Callbacks#process_action'
activesupport (8.0.2) lib/active_support/callbacks.rb:120:in 'block in ActiveSupport::Callbacks#run_callbacks'
turbo-rails (2.0.13) lib/turbo-rails.rb:24:in 'Turbo.with_request_id'
turbo-rails (2.0.13) app/controllers/concerns/turbo/request_id_tracking.rb:10:in 'Turbo::RequestIdTracking#turbo_tracking_request_id'
activesupport (8.0.2) lib/active_support/callbacks.rb:129:in 'block in ActiveSupport::Callbacks#run_callbacks'
actiontext (8.0.2) lib/action_text/rendering.rb:25:in 'ActionText::Rendering::ClassMethods#with_renderer'
actiontext (8.0.2) lib/action_text/engine.rb:71:in 'block (4 levels) in <class:Engine>'
activesupport (8.0.2) lib/active_support/callbacks.rb:129:in 'BasicObject#instance_exec'
activesupport (8.0.2) lib/active_support/callbacks.rb:129:in 'block in ActiveSupport::Callbacks#run_callbacks'
activesupport (8.0.2) lib/active_support/callbacks.rb:140:in 'ActiveSupport::Callbacks#run_callbacks'
actionpack (8.0.2) lib/abstract_controller/callbacks.rb:260:in 'AbstractController::Callbacks#process_action'
actionpack (8.0.2) lib/action_controller/metal/rescue.rb:27:in 'ActionController::Rescue#process_action'
actionpack (8.0.2) lib/action_controller/metal/instrumentation.rb:76:in 'block in ActionController::Instrumentation#process_action'
activesupport (8.0.2) lib/active_support/notifications.rb:210:in 'block in ActiveSupport::Notifications.instrument'
activesupport (8.0.2) lib/active_support/notifications/instrumenter.rb:58:in 'ActiveSupport::Notifications::Instrumenter#instrument'
activesupport (8.0.2) lib/active_support/notifications.rb:210:in 'ActiveSupport::Notifications.instrument'
actionpack (8.0.2) lib/action_controller/metal/instrumentation.rb:75:in 'ActionController::Instrumentation#process_action'
actionpack (8.0.2) lib/action_controller/metal/params_wrapper.rb:259:in 'ActionController::ParamsWrapper#process_action'
activerecord (8.0.2) lib/active_record/railties/controller_runtime.rb:39:in 'ActiveRecord::Railties::ControllerRuntime#process_action'
actionpack (8.0.2) lib/abstract_controller/base.rb:163:in 'AbstractController::Base#process'
actionview (8.0.2) lib/action_view/rendering.rb:40:in 'ActionView::Rendering#process'
actionpack (8.0.2) lib/action_controller/metal.rb:252:in 'ActionController::Metal#dispatch'
actionpack (8.0.2) lib/action_controller/metal.rb:335:in 'ActionController::Metal.dispatch'
actionpack (8.0.2) lib/action_dispatch/routing/route_set.rb:67:in 'ActionDispatch::Routing::RouteSet::Dispatcher#dispatch'
actionpack (8.0.2) lib/action_dispatch/routing/route_set.rb:50:in 'ActionDispatch::Routing::RouteSet::Dispatcher#serve'
actionpack (8.0.2) lib/action_dispatch/journey/router.rb:53:in 'block in ActionDispatch::Journey::Router#serve'
actionpack (8.0.2) lib/action_dispatch/journey/router.rb:133:in 'block in ActionDispatch::Journey::Router#find_routes'
actionpack (8.0.2) lib/action_dispatch/journey/router.rb:126:in 'Array#each'
actionpack (8.0.2) lib/action_dispatch/journey/router.rb:126:in 'ActionDispatch::Journey::Router#find_routes'
actionpack (8.0.2) lib/action_dispatch/journey/router.rb:34:in 'ActionDispatch::Journey::Router#serve'
actionpack (8.0.2) lib/action_dispatch/routing/route_set.rb:908:in 'ActionDispatch::Routing::RouteSet#call'
railties (8.0.2) lib/rails/engine/lazy_route_set.rb:68:in 'Rails::Engine::LazyRouteSet#call'
rack (3.1.15) lib/rack/tempfile_reaper.rb:20:in 'Rack::TempfileReaper#call'
rack (3.1.15) lib/rack/etag.rb:29:in 'Rack::ETag#call'
rack (3.1.15) lib/rack/conditional_get.rb:31:in 'Rack::ConditionalGet#call'
rack (3.1.15) lib/rack/head.rb:15:in 'Rack::Head#call'
actionpack (8.0.2) lib/action_dispatch/http/permissions_policy.rb:38:in 'ActionDispatch::PermissionsPolicy::Middleware#call'
actionpack (8.0.2) lib/action_dispatch/http/content_security_policy.rb:38:in 'ActionDispatch::ContentSecurityPolicy::Middleware#call'
rack-session (2.1.1) lib/rack/session/abstract/id.rb:274:in 'Rack::Session::Abstract::Persisted#context'
rack-session (2.1.1) lib/rack/session/abstract/id.rb:268:in 'Rack::Session::Abstract::Persisted#call'
actionpack (8.0.2) lib/action_dispatch/middleware/cookies.rb:706:in 'ActionDispatch::Cookies#call'
activerecord (8.0.2) lib/active_record/migration.rb:671:in 'ActiveRecord::Migration::CheckPending#call'
actionpack (8.0.2) lib/action_dispatch/middleware/callbacks.rb:31:in 'block in ActionDispatch::Callbacks#call'
activesupport (8.0.2) lib/active_support/callbacks.rb:100:in 'ActiveSupport::Callbacks#run_callbacks'
actionpack (8.0.2) lib/action_dispatch/middleware/callbacks.rb:30:in 'ActionDispatch::Callbacks#call'
actionpack (8.0.2) lib/action_dispatch/middleware/executor.rb:16:in 'ActionDispatch::Executor#call'
actionpack (8.0.2) lib/action_dispatch/middleware/actionable_exceptions.rb:18:in 'ActionDispatch::ActionableExceptions#call'
actionpack (8.0.2) lib/action_dispatch/middleware/debug_exceptions.rb:31:in 'ActionDispatch::DebugExceptions#call'
web-console (4.2.1) lib/web_console/middleware.rb:132:in 'WebConsole::Middleware#call_app'
web-console (4.2.1) lib/web_console/middleware.rb:28:in 'block in WebConsole::Middleware#call'
web-console (4.2.1) lib/web_console/middleware.rb:17:in 'Kernel#catch'
web-console (4.2.1) lib/web_console/middleware.rb:17:in 'WebConsole::Middleware#call'
actionpack (8.0.2) lib/action_dispatch/middleware/show_exceptions.rb:32:in 'ActionDispatch::ShowExceptions#call'
railties (8.0.2) lib/rails/rack/logger.rb:41:in 'Rails::Rack::Logger#call_app'
railties (8.0.2) lib/rails/rack/logger.rb:29:in 'Rails::Rack::Logger#call'
actionpack (8.0.2) lib/action_dispatch/middleware/remote_ip.rb:96:in 'ActionDispatch::RemoteIp#call'
actionpack (8.0.2) lib/action_dispatch/middleware/request_id.rb:34:in 'ActionDispatch::RequestId#call'
rack (3.1.15) lib/rack/method_override.rb:28:in 'Rack::MethodOverride#call'
rack (3.1.15) lib/rack/runtime.rb:24:in 'Rack::Runtime#call'
actionpack (8.0.2) lib/action_dispatch/middleware/server_timing.rb:61:in 'block in ActionDispatch::ServerTiming#call'
actionpack (8.0.2) lib/action_dispatch/middleware/server_timing.rb:26:in 'ActionDispatch::ServerTiming::Subscriber#collect_events'
actionpack (8.0.2) lib/action_dispatch/middleware/server_timing.rb:60:in 'ActionDispatch::ServerTiming#call'
actionpack (8.0.2) lib/action_dispatch/middleware/executor.rb:16:in 'ActionDispatch::Executor#call'
actionpack (8.0.2) lib/action_dispatch/middleware/static.rb:27:in 'ActionDispatch::Static#call'
rack (3.1.15) lib/rack/sendfile.rb:114:in 'Rack::Sendfile#call'
actionpack (8.0.2) lib/action_dispatch/middleware/host_authorization.rb:143:in 'ActionDispatch::HostAuthorization#call'
railties (8.0.2) lib/rails/engine.rb:535:in 'Rails::Engine#call'
puma (6.6.0) lib/puma/configuration.rb:279:in 'Puma::Configuration::ConfigMiddleware#call'
puma (6.6.0) lib/puma/request.rb:99:in 'block in Puma::Request#handle_request'
puma (6.6.0) lib/puma/thread_pool.rb:390:in 'Puma::ThreadPool#with_force_shutdown'
puma (6.6.0) lib/puma/request.rb:98:in 'Puma::Request#handle_request'
puma (6.6.0) lib/puma/server.rb:472:in 'Puma::Server#process_client'
puma (6.6.0) lib/puma/server.rb:254:in 'block in Puma::Server#run'
puma (6.6.0) lib/puma/thread_pool.rb:167:in 'block in Puma::ThreadPool#spawn_thread'
Started GET "/products" for 127.0.0.1 at 2025-06-02 14:51:35 +0300
Processing by ProductsController#index as HTML
Completed 500 Internal Server Error in 635ms (ActiveRecord: 0.0ms (0 queries, 0 cached) | GC: 0.0ms)


  
ActionView::MissingTemplate (Missing template products/index, application/index with {locale: [:en], formats: [:html], variants: [], handlers: [:raw, :erb, :html, :builder, :ruby, :jbuilder]}.

Searched in:
  * "C:/Users/WIN 10/Desktop/open source/Ruby/ITI_ruby_course/store2/app/views"
  * "C:/Ruby34-x64/lib/ruby/gems/3.4.0/gems/turbo-rails-2.0.13/app/views"
  * "C:/Ruby34-x64/lib/ruby/gems/3.4.0/gems/actiontext-8.0.2/app/views"
  * "C:/Ruby34-x64/lib/ruby/gems/3.4.0/gems/actionmailbox-8.0.2/app/views"
):
  
app/controllers/products_controller.rb:4:in 'ProductsController#index'
Started GET "/products/index" for 127.0.0.1 at 2025-06-02 14:51:44 +0300
  
AbstractController::ActionNotFound (The action 'show' could not be found for ProductsController):
  
actionpack (8.0.2) lib/abstract_controller/base.rb:158:in 'AbstractController::Base#process'
actionview (8.0.2) lib/action_view/rendering.rb:40:in 'ActionView::Rendering#process'
actionpack (8.0.2) lib/action_controller/metal.rb:252:in 'ActionController::Metal#dispatch'
actionpack (8.0.2) lib/action_controller/metal.rb:335:in 'ActionController::Metal.dispatch'
actionpack (8.0.2) lib/action_dispatch/routing/route_set.rb:67:in 'ActionDispatch::Routing::RouteSet::Dispatcher#dispatch'
actionpack (8.0.2) lib/action_dispatch/routing/route_set.rb:50:in 'ActionDispatch::Routing::RouteSet::Dispatcher#serve'
actionpack (8.0.2) lib/action_dispatch/journey/router.rb:53:in 'block in ActionDispatch::Journey::Router#serve'
actionpack (8.0.2) lib/action_dispatch/journey/router.rb:133:in 'block in ActionDispatch::Journey::Router#find_routes'
actionpack (8.0.2) lib/action_dispatch/journey/router.rb:126:in 'Array#each'
actionpack (8.0.2) lib/action_dispatch/journey/router.rb:126:in 'ActionDispatch::Journey::Router#find_routes'
actionpack (8.0.2) lib/action_dispatch/journey/router.rb:34:in 'ActionDispatch::Journey::Router#serve'
actionpack (8.0.2) lib/action_dispatch/routing/route_set.rb:908:in 'ActionDispatch::Routing::RouteSet#call'
railties (8.0.2) lib/rails/engine/lazy_route_set.rb:68:in 'Rails::Engine::LazyRouteSet#call'
rack (3.1.15) lib/rack/tempfile_reaper.rb:20:in 'Rack::TempfileReaper#call'
rack (3.1.15) lib/rack/etag.rb:29:in 'Rack::ETag#call'
rack (3.1.15) lib/rack/conditional_get.rb:31:in 'Rack::ConditionalGet#call'
rack (3.1.15) lib/rack/head.rb:15:in 'Rack::Head#call'
actionpack (8.0.2) lib/action_dispatch/http/permissions_policy.rb:38:in 'ActionDispatch::PermissionsPolicy::Middleware#call'
actionpack (8.0.2) lib/action_dispatch/http/content_security_policy.rb:38:in 'ActionDispatch::ContentSecurityPolicy::Middleware#call'
rack-session (2.1.1) lib/rack/session/abstract/id.rb:274:in 'Rack::Session::Abstract::Persisted#context'
rack-session (2.1.1) lib/rack/session/abstract/id.rb:268:in 'Rack::Session::Abstract::Persisted#call'
actionpack (8.0.2) lib/action_dispatch/middleware/cookies.rb:706:in 'ActionDispatch::Cookies#call'
activerecord (8.0.2) lib/active_record/migration.rb:671:in 'ActiveRecord::Migration::CheckPending#call'
actionpack (8.0.2) lib/action_dispatch/middleware/callbacks.rb:31:in 'block in ActionDispatch::Callbacks#call'
activesupport (8.0.2) lib/active_support/callbacks.rb:100:in 'ActiveSupport::Callbacks#run_callbacks'
actionpack (8.0.2) lib/action_dispatch/middleware/callbacks.rb:30:in 'ActionDispatch::Callbacks#call'
actionpack (8.0.2) lib/action_dispatch/middleware/executor.rb:16:in 'ActionDispatch::Executor#call'
actionpack (8.0.2) lib/action_dispatch/middleware/actionable_exceptions.rb:18:in 'ActionDispatch::ActionableExceptions#call'
actionpack (8.0.2) lib/action_dispatch/middleware/debug_exceptions.rb:31:in 'ActionDispatch::DebugExceptions#call'
web-console (4.2.1) lib/web_console/middleware.rb:132:in 'WebConsole::Middleware#call_app'
web-console (4.2.1) lib/web_console/middleware.rb:28:in 'block in WebConsole::Middleware#call'
web-console (4.2.1) lib/web_console/middleware.rb:17:in 'Kernel#catch'
web-console (4.2.1) lib/web_console/middleware.rb:17:in 'WebConsole::Middleware#call'
actionpack (8.0.2) lib/action_dispatch/middleware/show_exceptions.rb:32:in 'ActionDispatch::ShowExceptions#call'
railties (8.0.2) lib/rails/rack/logger.rb:41:in 'Rails::Rack::Logger#call_app'
railties (8.0.2) lib/rails/rack/logger.rb:29:in 'Rails::Rack::Logger#call'
actionpack (8.0.2) lib/action_dispatch/middleware/remote_ip.rb:96:in 'ActionDispatch::RemoteIp#call'
actionpack (8.0.2) lib/action_dispatch/middleware/request_id.rb:34:in 'ActionDispatch::RequestId#call'
rack (3.1.15) lib/rack/method_override.rb:28:in 'Rack::MethodOverride#call'
rack (3.1.15) lib/rack/runtime.rb:24:in 'Rack::Runtime#call'
actionpack (8.0.2) lib/action_dispatch/middleware/server_timing.rb:61:in 'block in ActionDispatch::ServerTiming#call'
actionpack (8.0.2) lib/action_dispatch/middleware/server_timing.rb:26:in 'ActionDispatch::ServerTiming::Subscriber#collect_events'
actionpack (8.0.2) lib/action_dispatch/middleware/server_timing.rb:60:in 'ActionDispatch::ServerTiming#call'
actionpack (8.0.2) lib/action_dispatch/middleware/executor.rb:16:in 'ActionDispatch::Executor#call'
actionpack (8.0.2) lib/action_dispatch/middleware/static.rb:27:in 'ActionDispatch::Static#call'
rack (3.1.15) lib/rack/sendfile.rb:114:in 'Rack::Sendfile#call'
actionpack (8.0.2) lib/action_dispatch/middleware/host_authorization.rb:143:in 'ActionDispatch::HostAuthorization#call'
railties (8.0.2) lib/rails/engine.rb:535:in 'Rails::Engine#call'
puma (6.6.0) lib/puma/configuration.rb:279:in 'Puma::Configuration::ConfigMiddleware#call'
puma (6.6.0) lib/puma/request.rb:99:in 'block in Puma::Request#handle_request'
puma (6.6.0) lib/puma/thread_pool.rb:390:in 'Puma::ThreadPool#with_force_shutdown'
puma (6.6.0) lib/puma/request.rb:98:in 'Puma::Request#handle_request'
puma (6.6.0) lib/puma/server.rb:472:in 'Puma::Server#process_client'
puma (6.6.0) lib/puma/server.rb:254:in 'block in Puma::Server#run'
puma (6.6.0) lib/puma/thread_pool.rb:167:in 'block in Puma::ThreadPool#spawn_thread'
Started GET "/products/show" for 127.0.0.1 at 2025-06-02 14:51:49 +0300
  
AbstractController::ActionNotFound (The action 'show' could not be found for ProductsController):
  
actionpack (8.0.2) lib/abstract_controller/base.rb:158:in 'AbstractController::Base#process'
actionview (8.0.2) lib/action_view/rendering.rb:40:in 'ActionView::Rendering#process'
actionpack (8.0.2) lib/action_controller/metal.rb:252:in 'ActionController::Metal#dispatch'
actionpack (8.0.2) lib/action_controller/metal.rb:335:in 'ActionController::Metal.dispatch'
actionpack (8.0.2) lib/action_dispatch/routing/route_set.rb:67:in 'ActionDispatch::Routing::RouteSet::Dispatcher#dispatch'
actionpack (8.0.2) lib/action_dispatch/routing/route_set.rb:50:in 'ActionDispatch::Routing::RouteSet::Dispatcher#serve'
actionpack (8.0.2) lib/action_dispatch/journey/router.rb:53:in 'block in ActionDispatch::Journey::Router#serve'
actionpack (8.0.2) lib/action_dispatch/journey/router.rb:133:in 'block in ActionDispatch::Journey::Router#find_routes'
actionpack (8.0.2) lib/action_dispatch/journey/router.rb:126:in 'Array#each'
actionpack (8.0.2) lib/action_dispatch/journey/router.rb:126:in 'ActionDispatch::Journey::Router#find_routes'
actionpack (8.0.2) lib/action_dispatch/journey/router.rb:34:in 'ActionDispatch::Journey::Router#serve'
actionpack (8.0.2) lib/action_dispatch/routing/route_set.rb:908:in 'ActionDispatch::Routing::RouteSet#call'
railties (8.0.2) lib/rails/engine/lazy_route_set.rb:68:in 'Rails::Engine::LazyRouteSet#call'
rack (3.1.15) lib/rack/tempfile_reaper.rb:20:in 'Rack::TempfileReaper#call'
rack (3.1.15) lib/rack/etag.rb:29:in 'Rack::ETag#call'
rack (3.1.15) lib/rack/conditional_get.rb:31:in 'Rack::ConditionalGet#call'
rack (3.1.15) lib/rack/head.rb:15:in 'Rack::Head#call'
actionpack (8.0.2) lib/action_dispatch/http/permissions_policy.rb:38:in 'ActionDispatch::PermissionsPolicy::Middleware#call'
actionpack (8.0.2) lib/action_dispatch/http/content_security_policy.rb:38:in 'ActionDispatch::ContentSecurityPolicy::Middleware#call'
rack-session (2.1.1) lib/rack/session/abstract/id.rb:274:in 'Rack::Session::Abstract::Persisted#context'
rack-session (2.1.1) lib/rack/session/abstract/id.rb:268:in 'Rack::Session::Abstract::Persisted#call'
actionpack (8.0.2) lib/action_dispatch/middleware/cookies.rb:706:in 'ActionDispatch::Cookies#call'
activerecord (8.0.2) lib/active_record/migration.rb:671:in 'ActiveRecord::Migration::CheckPending#call'
actionpack (8.0.2) lib/action_dispatch/middleware/callbacks.rb:31:in 'block in ActionDispatch::Callbacks#call'
activesupport (8.0.2) lib/active_support/callbacks.rb:100:in 'ActiveSupport::Callbacks#run_callbacks'
actionpack (8.0.2) lib/action_dispatch/middleware/callbacks.rb:30:in 'ActionDispatch::Callbacks#call'
actionpack (8.0.2) lib/action_dispatch/middleware/executor.rb:16:in 'ActionDispatch::Executor#call'
actionpack (8.0.2) lib/action_dispatch/middleware/actionable_exceptions.rb:18:in 'ActionDispatch::ActionableExceptions#call'
actionpack (8.0.2) lib/action_dispatch/middleware/debug_exceptions.rb:31:in 'ActionDispatch::DebugExceptions#call'
web-console (4.2.1) lib/web_console/middleware.rb:132:in 'WebConsole::Middleware#call_app'
web-console (4.2.1) lib/web_console/middleware.rb:28:in 'block in WebConsole::Middleware#call'
web-console (4.2.1) lib/web_console/middleware.rb:17:in 'Kernel#catch'
web-console (4.2.1) lib/web_console/middleware.rb:17:in 'WebConsole::Middleware#call'
actionpack (8.0.2) lib/action_dispatch/middleware/show_exceptions.rb:32:in 'ActionDispatch::ShowExceptions#call'
railties (8.0.2) lib/rails/rack/logger.rb:41:in 'Rails::Rack::Logger#call_app'
railties (8.0.2) lib/rails/rack/logger.rb:29:in 'Rails::Rack::Logger#call'
actionpack (8.0.2) lib/action_dispatch/middleware/remote_ip.rb:96:in 'ActionDispatch::RemoteIp#call'
actionpack (8.0.2) lib/action_dispatch/middleware/request_id.rb:34:in 'ActionDispatch::RequestId#call'
rack (3.1.15) lib/rack/method_override.rb:28:in 'Rack::MethodOverride#call'
rack (3.1.15) lib/rack/runtime.rb:24:in 'Rack::Runtime#call'
actionpack (8.0.2) lib/action_dispatch/middleware/server_timing.rb:61:in 'block in ActionDispatch::ServerTiming#call'
actionpack (8.0.2) lib/action_dispatch/middleware/server_timing.rb:26:in 'ActionDispatch::ServerTiming::Subscriber#collect_events'
actionpack (8.0.2) lib/action_dispatch/middleware/server_timing.rb:60:in 'ActionDispatch::ServerTiming#call'
actionpack (8.0.2) lib/action_dispatch/middleware/executor.rb:16:in 'ActionDispatch::Executor#call'
actionpack (8.0.2) lib/action_dispatch/middleware/static.rb:27:in 'ActionDispatch::Static#call'
rack (3.1.15) lib/rack/sendfile.rb:114:in 'Rack::Sendfile#call'
actionpack (8.0.2) lib/action_dispatch/middleware/host_authorization.rb:143:in 'ActionDispatch::HostAuthorization#call'
railties (8.0.2) lib/rails/engine.rb:535:in 'Rails::Engine#call'
puma (6.6.0) lib/puma/configuration.rb:279:in 'Puma::Configuration::ConfigMiddleware#call'
puma (6.6.0) lib/puma/request.rb:99:in 'block in Puma::Request#handle_request'
puma (6.6.0) lib/puma/thread_pool.rb:390:in 'Puma::ThreadPool#with_force_shutdown'
puma (6.6.0) lib/puma/request.rb:98:in 'Puma::Request#handle_request'
puma (6.6.0) lib/puma/server.rb:472:in 'Puma::Server#process_client'
puma (6.6.0) lib/puma/server.rb:254:in 'block in Puma::Server#run'
puma (6.6.0) lib/puma/thread_pool.rb:167:in 'block in Puma::ThreadPool#spawn_thread'
Started GET "/products" for 127.0.0.1 at 2025-06-02 14:51:53 +0300
Processing by ProductsController#index as HTML
Completed 500 Internal Server Error in 601ms (ActiveRecord: 0.0ms (0 queries, 0 cached) | GC: 0.0ms)


  
ActionView::MissingTemplate (Missing template products/index, application/index with {locale: [:en], formats: [:html], variants: [], handlers: [:raw, :erb, :html, :builder, :ruby, :jbuilder]}.

Searched in:
  * "C:/Users/WIN 10/Desktop/open source/Ruby/ITI_ruby_course/store2/app/views"
  * "C:/Ruby34-x64/lib/ruby/gems/3.4.0/gems/turbo-rails-2.0.13/app/views"
  * "C:/Ruby34-x64/lib/ruby/gems/3.4.0/gems/actiontext-8.0.2/app/views"
  * "C:/Ruby34-x64/lib/ruby/gems/3.4.0/gems/actionmailbox-8.0.2/app/views"
):
  
app/controllers/products_controller.rb:4:in 'ProductsController#index'
Started GET "/products" for 127.0.0.1 at 2025-06-02 14:52:00 +0300
Processing by ProductsController#index as HTML
Completed 406 Not Acceptable in 631ms (ActiveRecord: 0.0ms (0 queries, 0 cached) | GC: 0.0ms)


  
ActionController::MissingExactTemplate (ProductsController#index is missing a template for request formats: text/html):
  
actionpack (8.0.2) lib/action_controller/metal/implicit_render.rb:49:in 'ActionController::ImplicitRender#default_render'
actionpack (8.0.2) lib/action_controller/metal/basic_implicit_render.rb:9:in 'ActionController::BasicImplicitRender#send_action'
actionpack (8.0.2) lib/abstract_controller/base.rb:226:in 'AbstractController::Base#process_action'
actionpack (8.0.2) lib/action_controller/metal/rendering.rb:193:in 'ActionController::Rendering#process_action'
actionpack (8.0.2) lib/abstract_controller/callbacks.rb:261:in 'block in AbstractController::Callbacks#process_action'
activesupport (8.0.2) lib/active_support/callbacks.rb:120:in 'block in ActiveSupport::Callbacks#run_callbacks'
turbo-rails (2.0.13) lib/turbo-rails.rb:24:in 'Turbo.with_request_id'
turbo-rails (2.0.13) app/controllers/concerns/turbo/request_id_tracking.rb:10:in 'Turbo::RequestIdTracking#turbo_tracking_request_id'
activesupport (8.0.2) lib/active_support/callbacks.rb:129:in 'block in ActiveSupport::Callbacks#run_callbacks'
actiontext (8.0.2) lib/action_text/rendering.rb:25:in 'ActionText::Rendering::ClassMethods#with_renderer'
actiontext (8.0.2) lib/action_text/engine.rb:71:in 'block (4 levels) in <class:Engine>'
activesupport (8.0.2) lib/active_support/callbacks.rb:129:in 'BasicObject#instance_exec'
activesupport (8.0.2) lib/active_support/callbacks.rb:129:in 'block in ActiveSupport::Callbacks#run_callbacks'
activesupport (8.0.2) lib/active_support/callbacks.rb:140:in 'ActiveSupport::Callbacks#run_callbacks'
actionpack (8.0.2) lib/abstract_controller/callbacks.rb:260:in 'AbstractController::Callbacks#process_action'
actionpack (8.0.2) lib/action_controller/metal/rescue.rb:27:in 'ActionController::Rescue#process_action'
actionpack (8.0.2) lib/action_controller/metal/instrumentation.rb:76:in 'block in ActionController::Instrumentation#process_action'
activesupport (8.0.2) lib/active_support/notifications.rb:210:in 'block in ActiveSupport::Notifications.instrument'
activesupport (8.0.2) lib/active_support/notifications/instrumenter.rb:58:in 'ActiveSupport::Notifications::Instrumenter#instrument'
activesupport (8.0.2) lib/active_support/notifications.rb:210:in 'ActiveSupport::Notifications.instrument'
actionpack (8.0.2) lib/action_controller/metal/instrumentation.rb:75:in 'ActionController::Instrumentation#process_action'
actionpack (8.0.2) lib/action_controller/metal/params_wrapper.rb:259:in 'ActionController::ParamsWrapper#process_action'
activerecord (8.0.2) lib/active_record/railties/controller_runtime.rb:39:in 'ActiveRecord::Railties::ControllerRuntime#process_action'
actionpack (8.0.2) lib/abstract_controller/base.rb:163:in 'AbstractController::Base#process'
actionview (8.0.2) lib/action_view/rendering.rb:40:in 'ActionView::Rendering#process'
actionpack (8.0.2) lib/action_controller/metal.rb:252:in 'ActionController::Metal#dispatch'
actionpack (8.0.2) lib/action_controller/metal.rb:335:in 'ActionController::Metal.dispatch'
actionpack (8.0.2) lib/action_dispatch/routing/route_set.rb:67:in 'ActionDispatch::Routing::RouteSet::Dispatcher#dispatch'
actionpack (8.0.2) lib/action_dispatch/routing/route_set.rb:50:in 'ActionDispatch::Routing::RouteSet::Dispatcher#serve'
actionpack (8.0.2) lib/action_dispatch/journey/router.rb:53:in 'block in ActionDispatch::Journey::Router#serve'
actionpack (8.0.2) lib/action_dispatch/journey/router.rb:133:in 'block in ActionDispatch::Journey::Router#find_routes'
actionpack (8.0.2) lib/action_dispatch/journey/router.rb:126:in 'Array#each'
actionpack (8.0.2) lib/action_dispatch/journey/router.rb:126:in 'ActionDispatch::Journey::Router#find_routes'
actionpack (8.0.2) lib/action_dispatch/journey/router.rb:34:in 'ActionDispatch::Journey::Router#serve'
actionpack (8.0.2) lib/action_dispatch/routing/route_set.rb:908:in 'ActionDispatch::Routing::RouteSet#call'
railties (8.0.2) lib/rails/engine/lazy_route_set.rb:68:in 'Rails::Engine::LazyRouteSet#call'
rack (3.1.15) lib/rack/tempfile_reaper.rb:20:in 'Rack::TempfileReaper#call'
rack (3.1.15) lib/rack/etag.rb:29:in 'Rack::ETag#call'
rack (3.1.15) lib/rack/conditional_get.rb:31:in 'Rack::ConditionalGet#call'
rack (3.1.15) lib/rack/head.rb:15:in 'Rack::Head#call'
actionpack (8.0.2) lib/action_dispatch/http/permissions_policy.rb:38:in 'ActionDispatch::PermissionsPolicy::Middleware#call'
actionpack (8.0.2) lib/action_dispatch/http/content_security_policy.rb:38:in 'ActionDispatch::ContentSecurityPolicy::Middleware#call'
rack-session (2.1.1) lib/rack/session/abstract/id.rb:274:in 'Rack::Session::Abstract::Persisted#context'
rack-session (2.1.1) lib/rack/session/abstract/id.rb:268:in 'Rack::Session::Abstract::Persisted#call'
actionpack (8.0.2) lib/action_dispatch/middleware/cookies.rb:706:in 'ActionDispatch::Cookies#call'
activerecord (8.0.2) lib/active_record/migration.rb:671:in 'ActiveRecord::Migration::CheckPending#call'
actionpack (8.0.2) lib/action_dispatch/middleware/callbacks.rb:31:in 'block in ActionDispatch::Callbacks#call'
activesupport (8.0.2) lib/active_support/callbacks.rb:100:in 'ActiveSupport::Callbacks#run_callbacks'
actionpack (8.0.2) lib/action_dispatch/middleware/callbacks.rb:30:in 'ActionDispatch::Callbacks#call'
actionpack (8.0.2) lib/action_dispatch/middleware/executor.rb:16:in 'ActionDispatch::Executor#call'
actionpack (8.0.2) lib/action_dispatch/middleware/actionable_exceptions.rb:18:in 'ActionDispatch::ActionableExceptions#call'
actionpack (8.0.2) lib/action_dispatch/middleware/debug_exceptions.rb:31:in 'ActionDispatch::DebugExceptions#call'
web-console (4.2.1) lib/web_console/middleware.rb:132:in 'WebConsole::Middleware#call_app'
web-console (4.2.1) lib/web_console/middleware.rb:28:in 'block in WebConsole::Middleware#call'
web-console (4.2.1) lib/web_console/middleware.rb:17:in 'Kernel#catch'
web-console (4.2.1) lib/web_console/middleware.rb:17:in 'WebConsole::Middleware#call'
actionpack (8.0.2) lib/action_dispatch/middleware/show_exceptions.rb:32:in 'ActionDispatch::ShowExceptions#call'
railties (8.0.2) lib/rails/rack/logger.rb:41:in 'Rails::Rack::Logger#call_app'
railties (8.0.2) lib/rails/rack/logger.rb:29:in 'Rails::Rack::Logger#call'
actionpack (8.0.2) lib/action_dispatch/middleware/remote_ip.rb:96:in 'ActionDispatch::RemoteIp#call'
actionpack (8.0.2) lib/action_dispatch/middleware/request_id.rb:34:in 'ActionDispatch::RequestId#call'
rack (3.1.15) lib/rack/method_override.rb:28:in 'Rack::MethodOverride#call'
rack (3.1.15) lib/rack/runtime.rb:24:in 'Rack::Runtime#call'
actionpack (8.0.2) lib/action_dispatch/middleware/server_timing.rb:61:in 'block in ActionDispatch::ServerTiming#call'
actionpack (8.0.2) lib/action_dispatch/middleware/server_timing.rb:26:in 'ActionDispatch::ServerTiming::Subscriber#collect_events'
actionpack (8.0.2) lib/action_dispatch/middleware/server_timing.rb:60:in 'ActionDispatch::ServerTiming#call'
actionpack (8.0.2) lib/action_dispatch/middleware/executor.rb:16:in 'ActionDispatch::Executor#call'
actionpack (8.0.2) lib/action_dispatch/middleware/static.rb:27:in 'ActionDispatch::Static#call'
rack (3.1.15) lib/rack/sendfile.rb:114:in 'Rack::Sendfile#call'
actionpack (8.0.2) lib/action_dispatch/middleware/host_authorization.rb:143:in 'ActionDispatch::HostAuthorization#call'
railties (8.0.2) lib/rails/engine.rb:535:in 'Rails::Engine#call'
puma (6.6.0) lib/puma/configuration.rb:279:in 'Puma::Configuration::ConfigMiddleware#call'
puma (6.6.0) lib/puma/request.rb:99:in 'block in Puma::Request#handle_request'
puma (6.6.0) lib/puma/thread_pool.rb:390:in 'Puma::ThreadPool#with_force_shutdown'
puma (6.6.0) lib/puma/request.rb:98:in 'Puma::Request#handle_request'
puma (6.6.0) lib/puma/server.rb:472:in 'Puma::Server#process_client'
puma (6.6.0) lib/puma/server.rb:254:in 'block in Puma::Server#run'
puma (6.6.0) lib/puma/thread_pool.rb:167:in 'block in Puma::ThreadPool#spawn_thread'
Started GET "/products" for 127.0.0.1 at 2025-06-02 14:52:57 +0300
Processing by ProductsController#index as HTML
Completed 406 Not Acceptable in 611ms (ActiveRecord: 0.0ms (0 queries, 0 cached) | GC: 0.0ms)


  
ActionController::MissingExactTemplate (ProductsController#index is missing a template for request formats: text/html):
  
actionpack (8.0.2) lib/action_controller/metal/implicit_render.rb:49:in 'ActionController::ImplicitRender#default_render'
actionpack (8.0.2) lib/action_controller/metal/basic_implicit_render.rb:9:in 'ActionController::BasicImplicitRender#send_action'
actionpack (8.0.2) lib/abstract_controller/base.rb:226:in 'AbstractController::Base#process_action'
actionpack (8.0.2) lib/action_controller/metal/rendering.rb:193:in 'ActionController::Rendering#process_action'
actionpack (8.0.2) lib/abstract_controller/callbacks.rb:261:in 'block in AbstractController::Callbacks#process_action'
activesupport (8.0.2) lib/active_support/callbacks.rb:120:in 'block in ActiveSupport::Callbacks#run_callbacks'
turbo-rails (2.0.13) lib/turbo-rails.rb:24:in 'Turbo.with_request_id'
turbo-rails (2.0.13) app/controllers/concerns/turbo/request_id_tracking.rb:10:in 'Turbo::RequestIdTracking#turbo_tracking_request_id'
activesupport (8.0.2) lib/active_support/callbacks.rb:129:in 'block in ActiveSupport::Callbacks#run_callbacks'
actiontext (8.0.2) lib/action_text/rendering.rb:25:in 'ActionText::Rendering::ClassMethods#with_renderer'
actiontext (8.0.2) lib/action_text/engine.rb:71:in 'block (4 levels) in <class:Engine>'
activesupport (8.0.2) lib/active_support/callbacks.rb:129:in 'BasicObject#instance_exec'
activesupport (8.0.2) lib/active_support/callbacks.rb:129:in 'block in ActiveSupport::Callbacks#run_callbacks'
activesupport (8.0.2) lib/active_support/callbacks.rb:140:in 'ActiveSupport::Callbacks#run_callbacks'
actionpack (8.0.2) lib/abstract_controller/callbacks.rb:260:in 'AbstractController::Callbacks#process_action'
actionpack (8.0.2) lib/action_controller/metal/rescue.rb:27:in 'ActionController::Rescue#process_action'
actionpack (8.0.2) lib/action_controller/metal/instrumentation.rb:76:in 'block in ActionController::Instrumentation#process_action'
activesupport (8.0.2) lib/active_support/notifications.rb:210:in 'block in ActiveSupport::Notifications.instrument'
activesupport (8.0.2) lib/active_support/notifications/instrumenter.rb:58:in 'ActiveSupport::Notifications::Instrumenter#instrument'
activesupport (8.0.2) lib/active_support/notifications.rb:210:in 'ActiveSupport::Notifications.instrument'
actionpack (8.0.2) lib/action_controller/metal/instrumentation.rb:75:in 'ActionController::Instrumentation#process_action'
actionpack (8.0.2) lib/action_controller/metal/params_wrapper.rb:259:in 'ActionController::ParamsWrapper#process_action'
activerecord (8.0.2) lib/active_record/railties/controller_runtime.rb:39:in 'ActiveRecord::Railties::ControllerRuntime#process_action'
actionpack (8.0.2) lib/abstract_controller/base.rb:163:in 'AbstractController::Base#process'
actionview (8.0.2) lib/action_view/rendering.rb:40:in 'ActionView::Rendering#process'
actionpack (8.0.2) lib/action_controller/metal.rb:252:in 'ActionController::Metal#dispatch'
actionpack (8.0.2) lib/action_controller/metal.rb:335:in 'ActionController::Metal.dispatch'
actionpack (8.0.2) lib/action_dispatch/routing/route_set.rb:67:in 'ActionDispatch::Routing::RouteSet::Dispatcher#dispatch'
actionpack (8.0.2) lib/action_dispatch/routing/route_set.rb:50:in 'ActionDispatch::Routing::RouteSet::Dispatcher#serve'
actionpack (8.0.2) lib/action_dispatch/journey/router.rb:53:in 'block in ActionDispatch::Journey::Router#serve'
actionpack (8.0.2) lib/action_dispatch/journey/router.rb:133:in 'block in ActionDispatch::Journey::Router#find_routes'
actionpack (8.0.2) lib/action_dispatch/journey/router.rb:126:in 'Array#each'
actionpack (8.0.2) lib/action_dispatch/journey/router.rb:126:in 'ActionDispatch::Journey::Router#find_routes'
actionpack (8.0.2) lib/action_dispatch/journey/router.rb:34:in 'ActionDispatch::Journey::Router#serve'
actionpack (8.0.2) lib/action_dispatch/routing/route_set.rb:908:in 'ActionDispatch::Routing::RouteSet#call'
railties (8.0.2) lib/rails/engine/lazy_route_set.rb:68:in 'Rails::Engine::LazyRouteSet#call'
rack (3.1.15) lib/rack/tempfile_reaper.rb:20:in 'Rack::TempfileReaper#call'
rack (3.1.15) lib/rack/etag.rb:29:in 'Rack::ETag#call'
rack (3.1.15) lib/rack/conditional_get.rb:31:in 'Rack::ConditionalGet#call'
rack (3.1.15) lib/rack/head.rb:15:in 'Rack::Head#call'
actionpack (8.0.2) lib/action_dispatch/http/permissions_policy.rb:38:in 'ActionDispatch::PermissionsPolicy::Middleware#call'
actionpack (8.0.2) lib/action_dispatch/http/content_security_policy.rb:38:in 'ActionDispatch::ContentSecurityPolicy::Middleware#call'
rack-session (2.1.1) lib/rack/session/abstract/id.rb:274:in 'Rack::Session::Abstract::Persisted#context'
rack-session (2.1.1) lib/rack/session/abstract/id.rb:268:in 'Rack::Session::Abstract::Persisted#call'
actionpack (8.0.2) lib/action_dispatch/middleware/cookies.rb:706:in 'ActionDispatch::Cookies#call'
activerecord (8.0.2) lib/active_record/migration.rb:671:in 'ActiveRecord::Migration::CheckPending#call'
actionpack (8.0.2) lib/action_dispatch/middleware/callbacks.rb:31:in 'block in ActionDispatch::Callbacks#call'
activesupport (8.0.2) lib/active_support/callbacks.rb:100:in 'ActiveSupport::Callbacks#run_callbacks'
actionpack (8.0.2) lib/action_dispatch/middleware/callbacks.rb:30:in 'ActionDispatch::Callbacks#call'
actionpack (8.0.2) lib/action_dispatch/middleware/executor.rb:16:in 'ActionDispatch::Executor#call'
actionpack (8.0.2) lib/action_dispatch/middleware/actionable_exceptions.rb:18:in 'ActionDispatch::ActionableExceptions#call'
actionpack (8.0.2) lib/action_dispatch/middleware/debug_exceptions.rb:31:in 'ActionDispatch::DebugExceptions#call'
web-console (4.2.1) lib/web_console/middleware.rb:132:in 'WebConsole::Middleware#call_app'
web-console (4.2.1) lib/web_console/middleware.rb:28:in 'block in WebConsole::Middleware#call'
web-console (4.2.1) lib/web_console/middleware.rb:17:in 'Kernel#catch'
web-console (4.2.1) lib/web_console/middleware.rb:17:in 'WebConsole::Middleware#call'
actionpack (8.0.2) lib/action_dispatch/middleware/show_exceptions.rb:32:in 'ActionDispatch::ShowExceptions#call'
railties (8.0.2) lib/rails/rack/logger.rb:41:in 'Rails::Rack::Logger#call_app'
railties (8.0.2) lib/rails/rack/logger.rb:29:in 'Rails::Rack::Logger#call'
actionpack (8.0.2) lib/action_dispatch/middleware/remote_ip.rb:96:in 'ActionDispatch::RemoteIp#call'
actionpack (8.0.2) lib/action_dispatch/middleware/request_id.rb:34:in 'ActionDispatch::RequestId#call'
rack (3.1.15) lib/rack/method_override.rb:28:in 'Rack::MethodOverride#call'
rack (3.1.15) lib/rack/runtime.rb:24:in 'Rack::Runtime#call'
actionpack (8.0.2) lib/action_dispatch/middleware/server_timing.rb:61:in 'block in ActionDispatch::ServerTiming#call'
actionpack (8.0.2) lib/action_dispatch/middleware/server_timing.rb:26:in 'ActionDispatch::ServerTiming::Subscriber#collect_events'
actionpack (8.0.2) lib/action_dispatch/middleware/server_timing.rb:60:in 'ActionDispatch::ServerTiming#call'
actionpack (8.0.2) lib/action_dispatch/middleware/executor.rb:16:in 'ActionDispatch::Executor#call'
actionpack (8.0.2) lib/action_dispatch/middleware/static.rb:27:in 'ActionDispatch::Static#call'
rack (3.1.15) lib/rack/sendfile.rb:114:in 'Rack::Sendfile#call'
actionpack (8.0.2) lib/action_dispatch/middleware/host_authorization.rb:143:in 'ActionDispatch::HostAuthorization#call'
railties (8.0.2) lib/rails/engine.rb:535:in 'Rails::Engine#call'
puma (6.6.0) lib/puma/configuration.rb:279:in 'Puma::Configuration::ConfigMiddleware#call'
puma (6.6.0) lib/puma/request.rb:99:in 'block in Puma::Request#handle_request'
puma (6.6.0) lib/puma/thread_pool.rb:390:in 'Puma::ThreadPool#with_force_shutdown'
puma (6.6.0) lib/puma/request.rb:98:in 'Puma::Request#handle_request'
puma (6.6.0) lib/puma/server.rb:472:in 'Puma::Server#process_client'
puma (6.6.0) lib/puma/server.rb:254:in 'block in Puma::Server#run'
puma (6.6.0) lib/puma/thread_pool.rb:167:in 'block in Puma::ThreadPool#spawn_thread'
Started GET "/products" for 127.0.0.1 at 2025-06-02 14:53:00 +0300
Processing by ProductsController#index as HTML
Completed 406 Not Acceptable in 605ms (ActiveRecord: 0.0ms (0 queries, 0 cached) | GC: 0.0ms)


  
ActionController::MissingExactTemplate (ProductsController#index is missing a template for request formats: text/html):
  
actionpack (8.0.2) lib/action_controller/metal/implicit_render.rb:49:in 'ActionController::ImplicitRender#default_render'
actionpack (8.0.2) lib/action_controller/metal/basic_implicit_render.rb:9:in 'ActionController::BasicImplicitRender#send_action'
actionpack (8.0.2) lib/abstract_controller/base.rb:226:in 'AbstractController::Base#process_action'
actionpack (8.0.2) lib/action_controller/metal/rendering.rb:193:in 'ActionController::Rendering#process_action'
actionpack (8.0.2) lib/abstract_controller/callbacks.rb:261:in 'block in AbstractController::Callbacks#process_action'
activesupport (8.0.2) lib/active_support/callbacks.rb:120:in 'block in ActiveSupport::Callbacks#run_callbacks'
turbo-rails (2.0.13) lib/turbo-rails.rb:24:in 'Turbo.with_request_id'
turbo-rails (2.0.13) app/controllers/concerns/turbo/request_id_tracking.rb:10:in 'Turbo::RequestIdTracking#turbo_tracking_request_id'
activesupport (8.0.2) lib/active_support/callbacks.rb:129:in 'block in ActiveSupport::Callbacks#run_callbacks'
actiontext (8.0.2) lib/action_text/rendering.rb:25:in 'ActionText::Rendering::ClassMethods#with_renderer'
actiontext (8.0.2) lib/action_text/engine.rb:71:in 'block (4 levels) in <class:Engine>'
activesupport (8.0.2) lib/active_support/callbacks.rb:129:in 'BasicObject#instance_exec'
activesupport (8.0.2) lib/active_support/callbacks.rb:129:in 'block in ActiveSupport::Callbacks#run_callbacks'
activesupport (8.0.2) lib/active_support/callbacks.rb:140:in 'ActiveSupport::Callbacks#run_callbacks'
actionpack (8.0.2) lib/abstract_controller/callbacks.rb:260:in 'AbstractController::Callbacks#process_action'
actionpack (8.0.2) lib/action_controller/metal/rescue.rb:27:in 'ActionController::Rescue#process_action'
actionpack (8.0.2) lib/action_controller/metal/instrumentation.rb:76:in 'block in ActionController::Instrumentation#process_action'
activesupport (8.0.2) lib/active_support/notifications.rb:210:in 'block in ActiveSupport::Notifications.instrument'
activesupport (8.0.2) lib/active_support/notifications/instrumenter.rb:58:in 'ActiveSupport::Notifications::Instrumenter#instrument'
activesupport (8.0.2) lib/active_support/notifications.rb:210:in 'ActiveSupport::Notifications.instrument'
actionpack (8.0.2) lib/action_controller/metal/instrumentation.rb:75:in 'ActionController::Instrumentation#process_action'
actionpack (8.0.2) lib/action_controller/metal/params_wrapper.rb:259:in 'ActionController::ParamsWrapper#process_action'
activerecord (8.0.2) lib/active_record/railties/controller_runtime.rb:39:in 'ActiveRecord::Railties::ControllerRuntime#process_action'
actionpack (8.0.2) lib/abstract_controller/base.rb:163:in 'AbstractController::Base#process'
actionview (8.0.2) lib/action_view/rendering.rb:40:in 'ActionView::Rendering#process'
actionpack (8.0.2) lib/action_controller/metal.rb:252:in 'ActionController::Metal#dispatch'
actionpack (8.0.2) lib/action_controller/metal.rb:335:in 'ActionController::Metal.dispatch'
actionpack (8.0.2) lib/action_dispatch/routing/route_set.rb:67:in 'ActionDispatch::Routing::RouteSet::Dispatcher#dispatch'
actionpack (8.0.2) lib/action_dispatch/routing/route_set.rb:50:in 'ActionDispatch::Routing::RouteSet::Dispatcher#serve'
actionpack (8.0.2) lib/action_dispatch/journey/router.rb:53:in 'block in ActionDispatch::Journey::Router#serve'
actionpack (8.0.2) lib/action_dispatch/journey/router.rb:133:in 'block in ActionDispatch::Journey::Router#find_routes'
actionpack (8.0.2) lib/action_dispatch/journey/router.rb:126:in 'Array#each'
actionpack (8.0.2) lib/action_dispatch/journey/router.rb:126:in 'ActionDispatch::Journey::Router#find_routes'
actionpack (8.0.2) lib/action_dispatch/journey/router.rb:34:in 'ActionDispatch::Journey::Router#serve'
actionpack (8.0.2) lib/action_dispatch/routing/route_set.rb:908:in 'ActionDispatch::Routing::RouteSet#call'
railties (8.0.2) lib/rails/engine/lazy_route_set.rb:68:in 'Rails::Engine::LazyRouteSet#call'
rack (3.1.15) lib/rack/tempfile_reaper.rb:20:in 'Rack::TempfileReaper#call'
rack (3.1.15) lib/rack/etag.rb:29:in 'Rack::ETag#call'
rack (3.1.15) lib/rack/conditional_get.rb:31:in 'Rack::ConditionalGet#call'
rack (3.1.15) lib/rack/head.rb:15:in 'Rack::Head#call'
actionpack (8.0.2) lib/action_dispatch/http/permissions_policy.rb:38:in 'ActionDispatch::PermissionsPolicy::Middleware#call'
actionpack (8.0.2) lib/action_dispatch/http/content_security_policy.rb:38:in 'ActionDispatch::ContentSecurityPolicy::Middleware#call'
rack-session (2.1.1) lib/rack/session/abstract/id.rb:274:in 'Rack::Session::Abstract::Persisted#context'
rack-session (2.1.1) lib/rack/session/abstract/id.rb:268:in 'Rack::Session::Abstract::Persisted#call'
actionpack (8.0.2) lib/action_dispatch/middleware/cookies.rb:706:in 'ActionDispatch::Cookies#call'
activerecord (8.0.2) lib/active_record/migration.rb:671:in 'ActiveRecord::Migration::CheckPending#call'
actionpack (8.0.2) lib/action_dispatch/middleware/callbacks.rb:31:in 'block in ActionDispatch::Callbacks#call'
activesupport (8.0.2) lib/active_support/callbacks.rb:100:in 'ActiveSupport::Callbacks#run_callbacks'
actionpack (8.0.2) lib/action_dispatch/middleware/callbacks.rb:30:in 'ActionDispatch::Callbacks#call'
actionpack (8.0.2) lib/action_dispatch/middleware/executor.rb:16:in 'ActionDispatch::Executor#call'
actionpack (8.0.2) lib/action_dispatch/middleware/actionable_exceptions.rb:18:in 'ActionDispatch::ActionableExceptions#call'
actionpack (8.0.2) lib/action_dispatch/middleware/debug_exceptions.rb:31:in 'ActionDispatch::DebugExceptions#call'
web-console (4.2.1) lib/web_console/middleware.rb:132:in 'WebConsole::Middleware#call_app'
web-console (4.2.1) lib/web_console/middleware.rb:28:in 'block in WebConsole::Middleware#call'
web-console (4.2.1) lib/web_console/middleware.rb:17:in 'Kernel#catch'
web-console (4.2.1) lib/web_console/middleware.rb:17:in 'WebConsole::Middleware#call'
actionpack (8.0.2) lib/action_dispatch/middleware/show_exceptions.rb:32:in 'ActionDispatch::ShowExceptions#call'
railties (8.0.2) lib/rails/rack/logger.rb:41:in 'Rails::Rack::Logger#call_app'
railties (8.0.2) lib/rails/rack/logger.rb:29:in 'Rails::Rack::Logger#call'
actionpack (8.0.2) lib/action_dispatch/middleware/remote_ip.rb:96:in 'ActionDispatch::RemoteIp#call'
actionpack (8.0.2) lib/action_dispatch/middleware/request_id.rb:34:in 'ActionDispatch::RequestId#call'
rack (3.1.15) lib/rack/method_override.rb:28:in 'Rack::MethodOverride#call'
rack (3.1.15) lib/rack/runtime.rb:24:in 'Rack::Runtime#call'
actionpack (8.0.2) lib/action_dispatch/middleware/server_timing.rb:61:in 'block in ActionDispatch::ServerTiming#call'
actionpack (8.0.2) lib/action_dispatch/middleware/server_timing.rb:26:in 'ActionDispatch::ServerTiming::Subscriber#collect_events'
actionpack (8.0.2) lib/action_dispatch/middleware/server_timing.rb:60:in 'ActionDispatch::ServerTiming#call'
actionpack (8.0.2) lib/action_dispatch/middleware/executor.rb:16:in 'ActionDispatch::Executor#call'
actionpack (8.0.2) lib/action_dispatch/middleware/static.rb:27:in 'ActionDispatch::Static#call'
rack (3.1.15) lib/rack/sendfile.rb:114:in 'Rack::Sendfile#call'
actionpack (8.0.2) lib/action_dispatch/middleware/host_authorization.rb:143:in 'ActionDispatch::HostAuthorization#call'
railties (8.0.2) lib/rails/engine.rb:535:in 'Rails::Engine#call'
puma (6.6.0) lib/puma/configuration.rb:279:in 'Puma::Configuration::ConfigMiddleware#call'
puma (6.6.0) lib/puma/request.rb:99:in 'block in Puma::Request#handle_request'
puma (6.6.0) lib/puma/thread_pool.rb:390:in 'Puma::ThreadPool#with_force_shutdown'
puma (6.6.0) lib/puma/request.rb:98:in 'Puma::Request#handle_request'
puma (6.6.0) lib/puma/server.rb:472:in 'Puma::Server#process_client'
puma (6.6.0) lib/puma/server.rb:254:in 'block in Puma::Server#run'
puma (6.6.0) lib/puma/thread_pool.rb:167:in 'block in Puma::ThreadPool#spawn_thread'
Started GET "/products" for 127.0.0.1 at 2025-06-02 14:53:10 +0300
Processing by ProductsController#index as HTML
Completed 406 Not Acceptable in 625ms (ActiveRecord: 0.0ms (0 queries, 0 cached) | GC: 0.0ms)


  
ActionController::MissingExactTemplate (ProductsController#index is missing a template for request formats: text/html):
  
actionpack (8.0.2) lib/action_controller/metal/implicit_render.rb:49:in 'ActionController::ImplicitRender#default_render'
actionpack (8.0.2) lib/action_controller/metal/basic_implicit_render.rb:9:in 'ActionController::BasicImplicitRender#send_action'
actionpack (8.0.2) lib/abstract_controller/base.rb:226:in 'AbstractController::Base#process_action'
actionpack (8.0.2) lib/action_controller/metal/rendering.rb:193:in 'ActionController::Rendering#process_action'
actionpack (8.0.2) lib/abstract_controller/callbacks.rb:261:in 'block in AbstractController::Callbacks#process_action'
activesupport (8.0.2) lib/active_support/callbacks.rb:120:in 'block in ActiveSupport::Callbacks#run_callbacks'
turbo-rails (2.0.13) lib/turbo-rails.rb:24:in 'Turbo.with_request_id'
turbo-rails (2.0.13) app/controllers/concerns/turbo/request_id_tracking.rb:10:in 'Turbo::RequestIdTracking#turbo_tracking_request_id'
activesupport (8.0.2) lib/active_support/callbacks.rb:129:in 'block in ActiveSupport::Callbacks#run_callbacks'
actiontext (8.0.2) lib/action_text/rendering.rb:25:in 'ActionText::Rendering::ClassMethods#with_renderer'
actiontext (8.0.2) lib/action_text/engine.rb:71:in 'block (4 levels) in <class:Engine>'
activesupport (8.0.2) lib/active_support/callbacks.rb:129:in 'BasicObject#instance_exec'
activesupport (8.0.2) lib/active_support/callbacks.rb:129:in 'block in ActiveSupport::Callbacks#run_callbacks'
activesupport (8.0.2) lib/active_support/callbacks.rb:140:in 'ActiveSupport::Callbacks#run_callbacks'
actionpack (8.0.2) lib/abstract_controller/callbacks.rb:260:in 'AbstractController::Callbacks#process_action'
actionpack (8.0.2) lib/action_controller/metal/rescue.rb:27:in 'ActionController::Rescue#process_action'
actionpack (8.0.2) lib/action_controller/metal/instrumentation.rb:76:in 'block in ActionController::Instrumentation#process_action'
activesupport (8.0.2) lib/active_support/notifications.rb:210:in 'block in ActiveSupport::Notifications.instrument'
activesupport (8.0.2) lib/active_support/notifications/instrumenter.rb:58:in 'ActiveSupport::Notifications::Instrumenter#instrument'
activesupport (8.0.2) lib/active_support/notifications.rb:210:in 'ActiveSupport::Notifications.instrument'
actionpack (8.0.2) lib/action_controller/metal/instrumentation.rb:75:in 'ActionController::Instrumentation#process_action'
actionpack (8.0.2) lib/action_controller/metal/params_wrapper.rb:259:in 'ActionController::ParamsWrapper#process_action'
activerecord (8.0.2) lib/active_record/railties/controller_runtime.rb:39:in 'ActiveRecord::Railties::ControllerRuntime#process_action'
actionpack (8.0.2) lib/abstract_controller/base.rb:163:in 'AbstractController::Base#process'
actionview (8.0.2) lib/action_view/rendering.rb:40:in 'ActionView::Rendering#process'
actionpack (8.0.2) lib/action_controller/metal.rb:252:in 'ActionController::Metal#dispatch'
actionpack (8.0.2) lib/action_controller/metal.rb:335:in 'ActionController::Metal.dispatch'
actionpack (8.0.2) lib/action_dispatch/routing/route_set.rb:67:in 'ActionDispatch::Routing::RouteSet::Dispatcher#dispatch'
actionpack (8.0.2) lib/action_dispatch/routing/route_set.rb:50:in 'ActionDispatch::Routing::RouteSet::Dispatcher#serve'
actionpack (8.0.2) lib/action_dispatch/journey/router.rb:53:in 'block in ActionDispatch::Journey::Router#serve'
actionpack (8.0.2) lib/action_dispatch/journey/router.rb:133:in 'block in ActionDispatch::Journey::Router#find_routes'
actionpack (8.0.2) lib/action_dispatch/journey/router.rb:126:in 'Array#each'
actionpack (8.0.2) lib/action_dispatch/journey/router.rb:126:in 'ActionDispatch::Journey::Router#find_routes'
actionpack (8.0.2) lib/action_dispatch/journey/router.rb:34:in 'ActionDispatch::Journey::Router#serve'
actionpack (8.0.2) lib/action_dispatch/routing/route_set.rb:908:in 'ActionDispatch::Routing::RouteSet#call'
railties (8.0.2) lib/rails/engine/lazy_route_set.rb:68:in 'Rails::Engine::LazyRouteSet#call'
rack (3.1.15) lib/rack/tempfile_reaper.rb:20:in 'Rack::TempfileReaper#call'
rack (3.1.15) lib/rack/etag.rb:29:in 'Rack::ETag#call'
rack (3.1.15) lib/rack/conditional_get.rb:31:in 'Rack::ConditionalGet#call'
rack (3.1.15) lib/rack/head.rb:15:in 'Rack::Head#call'
actionpack (8.0.2) lib/action_dispatch/http/permissions_policy.rb:38:in 'ActionDispatch::PermissionsPolicy::Middleware#call'
actionpack (8.0.2) lib/action_dispatch/http/content_security_policy.rb:38:in 'ActionDispatch::ContentSecurityPolicy::Middleware#call'
rack-session (2.1.1) lib/rack/session/abstract/id.rb:274:in 'Rack::Session::Abstract::Persisted#context'
rack-session (2.1.1) lib/rack/session/abstract/id.rb:268:in 'Rack::Session::Abstract::Persisted#call'
actionpack (8.0.2) lib/action_dispatch/middleware/cookies.rb:706:in 'ActionDispatch::Cookies#call'
activerecord (8.0.2) lib/active_record/migration.rb:671:in 'ActiveRecord::Migration::CheckPending#call'
actionpack (8.0.2) lib/action_dispatch/middleware/callbacks.rb:31:in 'block in ActionDispatch::Callbacks#call'
activesupport (8.0.2) lib/active_support/callbacks.rb:100:in 'ActiveSupport::Callbacks#run_callbacks'
actionpack (8.0.2) lib/action_dispatch/middleware/callbacks.rb:30:in 'ActionDispatch::Callbacks#call'
actionpack (8.0.2) lib/action_dispatch/middleware/executor.rb:16:in 'ActionDispatch::Executor#call'
actionpack (8.0.2) lib/action_dispatch/middleware/actionable_exceptions.rb:18:in 'ActionDispatch::ActionableExceptions#call'
actionpack (8.0.2) lib/action_dispatch/middleware/debug_exceptions.rb:31:in 'ActionDispatch::DebugExceptions#call'
web-console (4.2.1) lib/web_console/middleware.rb:132:in 'WebConsole::Middleware#call_app'
web-console (4.2.1) lib/web_console/middleware.rb:28:in 'block in WebConsole::Middleware#call'
web-console (4.2.1) lib/web_console/middleware.rb:17:in 'Kernel#catch'
web-console (4.2.1) lib/web_console/middleware.rb:17:in 'WebConsole::Middleware#call'
actionpack (8.0.2) lib/action_dispatch/middleware/show_exceptions.rb:32:in 'ActionDispatch::ShowExceptions#call'
railties (8.0.2) lib/rails/rack/logger.rb:41:in 'Rails::Rack::Logger#call_app'
railties (8.0.2) lib/rails/rack/logger.rb:29:in 'Rails::Rack::Logger#call'
actionpack (8.0.2) lib/action_dispatch/middleware/remote_ip.rb:96:in 'ActionDispatch::RemoteIp#call'
actionpack (8.0.2) lib/action_dispatch/middleware/request_id.rb:34:in 'ActionDispatch::RequestId#call'
rack (3.1.15) lib/rack/method_override.rb:28:in 'Rack::MethodOverride#call'
rack (3.1.15) lib/rack/runtime.rb:24:in 'Rack::Runtime#call'
actionpack (8.0.2) lib/action_dispatch/middleware/server_timing.rb:61:in 'block in ActionDispatch::ServerTiming#call'
actionpack (8.0.2) lib/action_dispatch/middleware/server_timing.rb:26:in 'ActionDispatch::ServerTiming::Subscriber#collect_events'
actionpack (8.0.2) lib/action_dispatch/middleware/server_timing.rb:60:in 'ActionDispatch::ServerTiming#call'
actionpack (8.0.2) lib/action_dispatch/middleware/executor.rb:16:in 'ActionDispatch::Executor#call'
actionpack (8.0.2) lib/action_dispatch/middleware/static.rb:27:in 'ActionDispatch::Static#call'
rack (3.1.15) lib/rack/sendfile.rb:114:in 'Rack::Sendfile#call'
actionpack (8.0.2) lib/action_dispatch/middleware/host_authorization.rb:143:in 'ActionDispatch::HostAuthorization#call'
railties (8.0.2) lib/rails/engine.rb:535:in 'Rails::Engine#call'
puma (6.6.0) lib/puma/configuration.rb:279:in 'Puma::Configuration::ConfigMiddleware#call'
puma (6.6.0) lib/puma/request.rb:99:in 'block in Puma::Request#handle_request'
puma (6.6.0) lib/puma/thread_pool.rb:390:in 'Puma::ThreadPool#with_force_shutdown'
puma (6.6.0) lib/puma/request.rb:98:in 'Puma::Request#handle_request'
puma (6.6.0) lib/puma/server.rb:472:in 'Puma::Server#process_client'
puma (6.6.0) lib/puma/server.rb:254:in 'block in Puma::Server#run'
puma (6.6.0) lib/puma/thread_pool.rb:167:in 'block in Puma::ThreadPool#spawn_thread'
Started GET "/products" for 127.0.0.1 at 2025-06-02 14:53:13 +0300
Processing by ProductsController#index as HTML
Completed 406 Not Acceptable in 618ms (ActiveRecord: 0.0ms (0 queries, 0 cached) | GC: 0.0ms)


  
ActionController::MissingExactTemplate (ProductsController#index is missing a template for request formats: text/html):
  
actionpack (8.0.2) lib/action_controller/metal/implicit_render.rb:49:in 'ActionController::ImplicitRender#default_render'
actionpack (8.0.2) lib/action_controller/metal/basic_implicit_render.rb:9:in 'ActionController::BasicImplicitRender#send_action'
actionpack (8.0.2) lib/abstract_controller/base.rb:226:in 'AbstractController::Base#process_action'
actionpack (8.0.2) lib/action_controller/metal/rendering.rb:193:in 'ActionController::Rendering#process_action'
actionpack (8.0.2) lib/abstract_controller/callbacks.rb:261:in 'block in AbstractController::Callbacks#process_action'
activesupport (8.0.2) lib/active_support/callbacks.rb:120:in 'block in ActiveSupport::Callbacks#run_callbacks'
turbo-rails (2.0.13) lib/turbo-rails.rb:24:in 'Turbo.with_request_id'
turbo-rails (2.0.13) app/controllers/concerns/turbo/request_id_tracking.rb:10:in 'Turbo::RequestIdTracking#turbo_tracking_request_id'
activesupport (8.0.2) lib/active_support/callbacks.rb:129:in 'block in ActiveSupport::Callbacks#run_callbacks'
actiontext (8.0.2) lib/action_text/rendering.rb:25:in 'ActionText::Rendering::ClassMethods#with_renderer'
actiontext (8.0.2) lib/action_text/engine.rb:71:in 'block (4 levels) in <class:Engine>'
activesupport (8.0.2) lib/active_support/callbacks.rb:129:in 'BasicObject#instance_exec'
activesupport (8.0.2) lib/active_support/callbacks.rb:129:in 'block in ActiveSupport::Callbacks#run_callbacks'
activesupport (8.0.2) lib/active_support/callbacks.rb:140:in 'ActiveSupport::Callbacks#run_callbacks'
actionpack (8.0.2) lib/abstract_controller/callbacks.rb:260:in 'AbstractController::Callbacks#process_action'
actionpack (8.0.2) lib/action_controller/metal/rescue.rb:27:in 'ActionController::Rescue#process_action'
actionpack (8.0.2) lib/action_controller/metal/instrumentation.rb:76:in 'block in ActionController::Instrumentation#process_action'
activesupport (8.0.2) lib/active_support/notifications.rb:210:in 'block in ActiveSupport::Notifications.instrument'
activesupport (8.0.2) lib/active_support/notifications/instrumenter.rb:58:in 'ActiveSupport::Notifications::Instrumenter#instrument'
activesupport (8.0.2) lib/active_support/notifications.rb:210:in 'ActiveSupport::Notifications.instrument'
actionpack (8.0.2) lib/action_controller/metal/instrumentation.rb:75:in 'ActionController::Instrumentation#process_action'
actionpack (8.0.2) lib/action_controller/metal/params_wrapper.rb:259:in 'ActionController::ParamsWrapper#process_action'
activerecord (8.0.2) lib/active_record/railties/controller_runtime.rb:39:in 'ActiveRecord::Railties::ControllerRuntime#process_action'
actionpack (8.0.2) lib/abstract_controller/base.rb:163:in 'AbstractController::Base#process'
actionview (8.0.2) lib/action_view/rendering.rb:40:in 'ActionView::Rendering#process'
actionpack (8.0.2) lib/action_controller/metal.rb:252:in 'ActionController::Metal#dispatch'
actionpack (8.0.2) lib/action_controller/metal.rb:335:in 'ActionController::Metal.dispatch'
actionpack (8.0.2) lib/action_dispatch/routing/route_set.rb:67:in 'ActionDispatch::Routing::RouteSet::Dispatcher#dispatch'
actionpack (8.0.2) lib/action_dispatch/routing/route_set.rb:50:in 'ActionDispatch::Routing::RouteSet::Dispatcher#serve'
actionpack (8.0.2) lib/action_dispatch/journey/router.rb:53:in 'block in ActionDispatch::Journey::Router#serve'
actionpack (8.0.2) lib/action_dispatch/journey/router.rb:133:in 'block in ActionDispatch::Journey::Router#find_routes'
actionpack (8.0.2) lib/action_dispatch/journey/router.rb:126:in 'Array#each'
actionpack (8.0.2) lib/action_dispatch/journey/router.rb:126:in 'ActionDispatch::Journey::Router#find_routes'
actionpack (8.0.2) lib/action_dispatch/journey/router.rb:34:in 'ActionDispatch::Journey::Router#serve'
actionpack (8.0.2) lib/action_dispatch/routing/route_set.rb:908:in 'ActionDispatch::Routing::RouteSet#call'
railties (8.0.2) lib/rails/engine/lazy_route_set.rb:68:in 'Rails::Engine::LazyRouteSet#call'
rack (3.1.15) lib/rack/tempfile_reaper.rb:20:in 'Rack::TempfileReaper#call'
rack (3.1.15) lib/rack/etag.rb:29:in 'Rack::ETag#call'
rack (3.1.15) lib/rack/conditional_get.rb:31:in 'Rack::ConditionalGet#call'
rack (3.1.15) lib/rack/head.rb:15:in 'Rack::Head#call'
actionpack (8.0.2) lib/action_dispatch/http/permissions_policy.rb:38:in 'ActionDispatch::PermissionsPolicy::Middleware#call'
actionpack (8.0.2) lib/action_dispatch/http/content_security_policy.rb:38:in 'ActionDispatch::ContentSecurityPolicy::Middleware#call'
rack-session (2.1.1) lib/rack/session/abstract/id.rb:274:in 'Rack::Session::Abstract::Persisted#context'
rack-session (2.1.1) lib/rack/session/abstract/id.rb:268:in 'Rack::Session::Abstract::Persisted#call'
actionpack (8.0.2) lib/action_dispatch/middleware/cookies.rb:706:in 'ActionDispatch::Cookies#call'
activerecord (8.0.2) lib/active_record/migration.rb:671:in 'ActiveRecord::Migration::CheckPending#call'
actionpack (8.0.2) lib/action_dispatch/middleware/callbacks.rb:31:in 'block in ActionDispatch::Callbacks#call'
activesupport (8.0.2) lib/active_support/callbacks.rb:100:in 'ActiveSupport::Callbacks#run_callbacks'
actionpack (8.0.2) lib/action_dispatch/middleware/callbacks.rb:30:in 'ActionDispatch::Callbacks#call'
actionpack (8.0.2) lib/action_dispatch/middleware/executor.rb:16:in 'ActionDispatch::Executor#call'
actionpack (8.0.2) lib/action_dispatch/middleware/actionable_exceptions.rb:18:in 'ActionDispatch::ActionableExceptions#call'
actionpack (8.0.2) lib/action_dispatch/middleware/debug_exceptions.rb:31:in 'ActionDispatch::DebugExceptions#call'
web-console (4.2.1) lib/web_console/middleware.rb:132:in 'WebConsole::Middleware#call_app'
web-console (4.2.1) lib/web_console/middleware.rb:28:in 'block in WebConsole::Middleware#call'
web-console (4.2.1) lib/web_console/middleware.rb:17:in 'Kernel#catch'
web-console (4.2.1) lib/web_console/middleware.rb:17:in 'WebConsole::Middleware#call'
actionpack (8.0.2) lib/action_dispatch/middleware/show_exceptions.rb:32:in 'ActionDispatch::ShowExceptions#call'
railties (8.0.2) lib/rails/rack/logger.rb:41:in 'Rails::Rack::Logger#call_app'
railties (8.0.2) lib/rails/rack/logger.rb:29:in 'Rails::Rack::Logger#call'
actionpack (8.0.2) lib/action_dispatch/middleware/remote_ip.rb:96:in 'ActionDispatch::RemoteIp#call'
actionpack (8.0.2) lib/action_dispatch/middleware/request_id.rb:34:in 'ActionDispatch::RequestId#call'
rack (3.1.15) lib/rack/method_override.rb:28:in 'Rack::MethodOverride#call'
rack (3.1.15) lib/rack/runtime.rb:24:in 'Rack::Runtime#call'
actionpack (8.0.2) lib/action_dispatch/middleware/server_timing.rb:61:in 'block in ActionDispatch::ServerTiming#call'
actionpack (8.0.2) lib/action_dispatch/middleware/server_timing.rb:26:in 'ActionDispatch::ServerTiming::Subscriber#collect_events'
actionpack (8.0.2) lib/action_dispatch/middleware/server_timing.rb:60:in 'ActionDispatch::ServerTiming#call'
actionpack (8.0.2) lib/action_dispatch/middleware/executor.rb:16:in 'ActionDispatch::Executor#call'
actionpack (8.0.2) lib/action_dispatch/middleware/static.rb:27:in 'ActionDispatch::Static#call'
rack (3.1.15) lib/rack/sendfile.rb:114:in 'Rack::Sendfile#call'
actionpack (8.0.2) lib/action_dispatch/middleware/host_authorization.rb:143:in 'ActionDispatch::HostAuthorization#call'
railties (8.0.2) lib/rails/engine.rb:535:in 'Rails::Engine#call'
puma (6.6.0) lib/puma/configuration.rb:279:in 'Puma::Configuration::ConfigMiddleware#call'
puma (6.6.0) lib/puma/request.rb:99:in 'block in Puma::Request#handle_request'
puma (6.6.0) lib/puma/thread_pool.rb:390:in 'Puma::ThreadPool#with_force_shutdown'
puma (6.6.0) lib/puma/request.rb:98:in 'Puma::Request#handle_request'
puma (6.6.0) lib/puma/server.rb:472:in 'Puma::Server#process_client'
puma (6.6.0) lib/puma/server.rb:254:in 'block in Puma::Server#run'
puma (6.6.0) lib/puma/thread_pool.rb:167:in 'block in Puma::ThreadPool#spawn_thread'
Started GET "/products" for 127.0.0.1 at 2025-06-02 14:57:22 +0300
Processing by ProductsController#index as HTML
Completed 406 Not Acceptable in 615ms (ActiveRecord: 0.0ms (0 queries, 0 cached) | GC: 0.0ms)


  
ActionController::MissingExactTemplate (ProductsController#index is missing a template for request formats: text/html):
  
actionpack (8.0.2) lib/action_controller/metal/implicit_render.rb:49:in 'ActionController::ImplicitRender#default_render'
actionpack (8.0.2) lib/action_controller/metal/basic_implicit_render.rb:9:in 'ActionController::BasicImplicitRender#send_action'
actionpack (8.0.2) lib/abstract_controller/base.rb:226:in 'AbstractController::Base#process_action'
actionpack (8.0.2) lib/action_controller/metal/rendering.rb:193:in 'ActionController::Rendering#process_action'
actionpack (8.0.2) lib/abstract_controller/callbacks.rb:261:in 'block in AbstractController::Callbacks#process_action'
activesupport (8.0.2) lib/active_support/callbacks.rb:120:in 'block in ActiveSupport::Callbacks#run_callbacks'
turbo-rails (2.0.13) lib/turbo-rails.rb:24:in 'Turbo.with_request_id'
turbo-rails (2.0.13) app/controllers/concerns/turbo/request_id_tracking.rb:10:in 'Turbo::RequestIdTracking#turbo_tracking_request_id'
activesupport (8.0.2) lib/active_support/callbacks.rb:129:in 'block in ActiveSupport::Callbacks#run_callbacks'
actiontext (8.0.2) lib/action_text/rendering.rb:25:in 'ActionText::Rendering::ClassMethods#with_renderer'
actiontext (8.0.2) lib/action_text/engine.rb:71:in 'block (4 levels) in <class:Engine>'
activesupport (8.0.2) lib/active_support/callbacks.rb:129:in 'BasicObject#instance_exec'
activesupport (8.0.2) lib/active_support/callbacks.rb:129:in 'block in ActiveSupport::Callbacks#run_callbacks'
activesupport (8.0.2) lib/active_support/callbacks.rb:140:in 'ActiveSupport::Callbacks#run_callbacks'
actionpack (8.0.2) lib/abstract_controller/callbacks.rb:260:in 'AbstractController::Callbacks#process_action'
actionpack (8.0.2) lib/action_controller/metal/rescue.rb:27:in 'ActionController::Rescue#process_action'
actionpack (8.0.2) lib/action_controller/metal/instrumentation.rb:76:in 'block in ActionController::Instrumentation#process_action'
activesupport (8.0.2) lib/active_support/notifications.rb:210:in 'block in ActiveSupport::Notifications.instrument'
activesupport (8.0.2) lib/active_support/notifications/instrumenter.rb:58:in 'ActiveSupport::Notifications::Instrumenter#instrument'
activesupport (8.0.2) lib/active_support/notifications.rb:210:in 'ActiveSupport::Notifications.instrument'
actionpack (8.0.2) lib/action_controller/metal/instrumentation.rb:75:in 'ActionController::Instrumentation#process_action'
actionpack (8.0.2) lib/action_controller/metal/params_wrapper.rb:259:in 'ActionController::ParamsWrapper#process_action'
activerecord (8.0.2) lib/active_record/railties/controller_runtime.rb:39:in 'ActiveRecord::Railties::ControllerRuntime#process_action'
actionpack (8.0.2) lib/abstract_controller/base.rb:163:in 'AbstractController::Base#process'
actionview (8.0.2) lib/action_view/rendering.rb:40:in 'ActionView::Rendering#process'
actionpack (8.0.2) lib/action_controller/metal.rb:252:in 'ActionController::Metal#dispatch'
actionpack (8.0.2) lib/action_controller/metal.rb:335:in 'ActionController::Metal.dispatch'
actionpack (8.0.2) lib/action_dispatch/routing/route_set.rb:67:in 'ActionDispatch::Routing::RouteSet::Dispatcher#dispatch'
actionpack (8.0.2) lib/action_dispatch/routing/route_set.rb:50:in 'ActionDispatch::Routing::RouteSet::Dispatcher#serve'
actionpack (8.0.2) lib/action_dispatch/journey/router.rb:53:in 'block in ActionDispatch::Journey::Router#serve'
actionpack (8.0.2) lib/action_dispatch/journey/router.rb:133:in 'block in ActionDispatch::Journey::Router#find_routes'
actionpack (8.0.2) lib/action_dispatch/journey/router.rb:126:in 'Array#each'
actionpack (8.0.2) lib/action_dispatch/journey/router.rb:126:in 'ActionDispatch::Journey::Router#find_routes'
actionpack (8.0.2) lib/action_dispatch/journey/router.rb:34:in 'ActionDispatch::Journey::Router#serve'
actionpack (8.0.2) lib/action_dispatch/routing/route_set.rb:908:in 'ActionDispatch::Routing::RouteSet#call'
railties (8.0.2) lib/rails/engine/lazy_route_set.rb:68:in 'Rails::Engine::LazyRouteSet#call'
rack (3.1.15) lib/rack/tempfile_reaper.rb:20:in 'Rack::TempfileReaper#call'
rack (3.1.15) lib/rack/etag.rb:29:in 'Rack::ETag#call'
rack (3.1.15) lib/rack/conditional_get.rb:31:in 'Rack::ConditionalGet#call'
rack (3.1.15) lib/rack/head.rb:15:in 'Rack::Head#call'
actionpack (8.0.2) lib/action_dispatch/http/permissions_policy.rb:38:in 'ActionDispatch::PermissionsPolicy::Middleware#call'
actionpack (8.0.2) lib/action_dispatch/http/content_security_policy.rb:38:in 'ActionDispatch::ContentSecurityPolicy::Middleware#call'
rack-session (2.1.1) lib/rack/session/abstract/id.rb:274:in 'Rack::Session::Abstract::Persisted#context'
rack-session (2.1.1) lib/rack/session/abstract/id.rb:268:in 'Rack::Session::Abstract::Persisted#call'
actionpack (8.0.2) lib/action_dispatch/middleware/cookies.rb:706:in 'ActionDispatch::Cookies#call'
activerecord (8.0.2) lib/active_record/migration.rb:671:in 'ActiveRecord::Migration::CheckPending#call'
actionpack (8.0.2) lib/action_dispatch/middleware/callbacks.rb:31:in 'block in ActionDispatch::Callbacks#call'
activesupport (8.0.2) lib/active_support/callbacks.rb:100:in 'ActiveSupport::Callbacks#run_callbacks'
actionpack (8.0.2) lib/action_dispatch/middleware/callbacks.rb:30:in 'ActionDispatch::Callbacks#call'
actionpack (8.0.2) lib/action_dispatch/middleware/executor.rb:16:in 'ActionDispatch::Executor#call'
actionpack (8.0.2) lib/action_dispatch/middleware/actionable_exceptions.rb:18:in 'ActionDispatch::ActionableExceptions#call'
actionpack (8.0.2) lib/action_dispatch/middleware/debug_exceptions.rb:31:in 'ActionDispatch::DebugExceptions#call'
web-console (4.2.1) lib/web_console/middleware.rb:132:in 'WebConsole::Middleware#call_app'
web-console (4.2.1) lib/web_console/middleware.rb:28:in 'block in WebConsole::Middleware#call'
web-console (4.2.1) lib/web_console/middleware.rb:17:in 'Kernel#catch'
web-console (4.2.1) lib/web_console/middleware.rb:17:in 'WebConsole::Middleware#call'
actionpack (8.0.2) lib/action_dispatch/middleware/show_exceptions.rb:32:in 'ActionDispatch::ShowExceptions#call'
railties (8.0.2) lib/rails/rack/logger.rb:41:in 'Rails::Rack::Logger#call_app'
railties (8.0.2) lib/rails/rack/logger.rb:29:in 'Rails::Rack::Logger#call'
actionpack (8.0.2) lib/action_dispatch/middleware/remote_ip.rb:96:in 'ActionDispatch::RemoteIp#call'
actionpack (8.0.2) lib/action_dispatch/middleware/request_id.rb:34:in 'ActionDispatch::RequestId#call'
rack (3.1.15) lib/rack/method_override.rb:28:in 'Rack::MethodOverride#call'
rack (3.1.15) lib/rack/runtime.rb:24:in 'Rack::Runtime#call'
actionpack (8.0.2) lib/action_dispatch/middleware/server_timing.rb:61:in 'block in ActionDispatch::ServerTiming#call'
actionpack (8.0.2) lib/action_dispatch/middleware/server_timing.rb:26:in 'ActionDispatch::ServerTiming::Subscriber#collect_events'
actionpack (8.0.2) lib/action_dispatch/middleware/server_timing.rb:60:in 'ActionDispatch::ServerTiming#call'
actionpack (8.0.2) lib/action_dispatch/middleware/executor.rb:16:in 'ActionDispatch::Executor#call'
actionpack (8.0.2) lib/action_dispatch/middleware/static.rb:27:in 'ActionDispatch::Static#call'
rack (3.1.15) lib/rack/sendfile.rb:114:in 'Rack::Sendfile#call'
actionpack (8.0.2) lib/action_dispatch/middleware/host_authorization.rb:143:in 'ActionDispatch::HostAuthorization#call'
railties (8.0.2) lib/rails/engine.rb:535:in 'Rails::Engine#call'
puma (6.6.0) lib/puma/configuration.rb:279:in 'Puma::Configuration::ConfigMiddleware#call'
puma (6.6.0) lib/puma/request.rb:99:in 'block in Puma::Request#handle_request'
puma (6.6.0) lib/puma/thread_pool.rb:390:in 'Puma::ThreadPool#with_force_shutdown'
puma (6.6.0) lib/puma/request.rb:98:in 'Puma::Request#handle_request'
puma (6.6.0) lib/puma/server.rb:472:in 'Puma::Server#process_client'
puma (6.6.0) lib/puma/server.rb:254:in 'block in Puma::Server#run'
puma (6.6.0) lib/puma/thread_pool.rb:167:in 'block in Puma::ThreadPool#spawn_thread'
Started GET "/products/index" for 127.0.0.1 at 2025-06-02 14:57:28 +0300
  
AbstractController::ActionNotFound (The action 'show' could not be found for ProductsController):
  
actionpack (8.0.2) lib/abstract_controller/base.rb:158:in 'AbstractController::Base#process'
actionview (8.0.2) lib/action_view/rendering.rb:40:in 'ActionView::Rendering#process'
actionpack (8.0.2) lib/action_controller/metal.rb:252:in 'ActionController::Metal#dispatch'
actionpack (8.0.2) lib/action_controller/metal.rb:335:in 'ActionController::Metal.dispatch'
actionpack (8.0.2) lib/action_dispatch/routing/route_set.rb:67:in 'ActionDispatch::Routing::RouteSet::Dispatcher#dispatch'
actionpack (8.0.2) lib/action_dispatch/routing/route_set.rb:50:in 'ActionDispatch::Routing::RouteSet::Dispatcher#serve'
actionpack (8.0.2) lib/action_dispatch/journey/router.rb:53:in 'block in ActionDispatch::Journey::Router#serve'
actionpack (8.0.2) lib/action_dispatch/journey/router.rb:133:in 'block in ActionDispatch::Journey::Router#find_routes'
actionpack (8.0.2) lib/action_dispatch/journey/router.rb:126:in 'Array#each'
actionpack (8.0.2) lib/action_dispatch/journey/router.rb:126:in 'ActionDispatch::Journey::Router#find_routes'
actionpack (8.0.2) lib/action_dispatch/journey/router.rb:34:in 'ActionDispatch::Journey::Router#serve'
actionpack (8.0.2) lib/action_dispatch/routing/route_set.rb:908:in 'ActionDispatch::Routing::RouteSet#call'
railties (8.0.2) lib/rails/engine/lazy_route_set.rb:68:in 'Rails::Engine::LazyRouteSet#call'
rack (3.1.15) lib/rack/tempfile_reaper.rb:20:in 'Rack::TempfileReaper#call'
rack (3.1.15) lib/rack/etag.rb:29:in 'Rack::ETag#call'
rack (3.1.15) lib/rack/conditional_get.rb:31:in 'Rack::ConditionalGet#call'
rack (3.1.15) lib/rack/head.rb:15:in 'Rack::Head#call'
actionpack (8.0.2) lib/action_dispatch/http/permissions_policy.rb:38:in 'ActionDispatch::PermissionsPolicy::Middleware#call'
actionpack (8.0.2) lib/action_dispatch/http/content_security_policy.rb:38:in 'ActionDispatch::ContentSecurityPolicy::Middleware#call'
rack-session (2.1.1) lib/rack/session/abstract/id.rb:274:in 'Rack::Session::Abstract::Persisted#context'
rack-session (2.1.1) lib/rack/session/abstract/id.rb:268:in 'Rack::Session::Abstract::Persisted#call'
actionpack (8.0.2) lib/action_dispatch/middleware/cookies.rb:706:in 'ActionDispatch::Cookies#call'
activerecord (8.0.2) lib/active_record/migration.rb:671:in 'ActiveRecord::Migration::CheckPending#call'
actionpack (8.0.2) lib/action_dispatch/middleware/callbacks.rb:31:in 'block in ActionDispatch::Callbacks#call'
activesupport (8.0.2) lib/active_support/callbacks.rb:100:in 'ActiveSupport::Callbacks#run_callbacks'
actionpack (8.0.2) lib/action_dispatch/middleware/callbacks.rb:30:in 'ActionDispatch::Callbacks#call'
actionpack (8.0.2) lib/action_dispatch/middleware/executor.rb:16:in 'ActionDispatch::Executor#call'
actionpack (8.0.2) lib/action_dispatch/middleware/actionable_exceptions.rb:18:in 'ActionDispatch::ActionableExceptions#call'
actionpack (8.0.2) lib/action_dispatch/middleware/debug_exceptions.rb:31:in 'ActionDispatch::DebugExceptions#call'
web-console (4.2.1) lib/web_console/middleware.rb:132:in 'WebConsole::Middleware#call_app'
web-console (4.2.1) lib/web_console/middleware.rb:28:in 'block in WebConsole::Middleware#call'
web-console (4.2.1) lib/web_console/middleware.rb:17:in 'Kernel#catch'
web-console (4.2.1) lib/web_console/middleware.rb:17:in 'WebConsole::Middleware#call'
actionpack (8.0.2) lib/action_dispatch/middleware/show_exceptions.rb:32:in 'ActionDispatch::ShowExceptions#call'
railties (8.0.2) lib/rails/rack/logger.rb:41:in 'Rails::Rack::Logger#call_app'
railties (8.0.2) lib/rails/rack/logger.rb:29:in 'Rails::Rack::Logger#call'
actionpack (8.0.2) lib/action_dispatch/middleware/remote_ip.rb:96:in 'ActionDispatch::RemoteIp#call'
actionpack (8.0.2) lib/action_dispatch/middleware/request_id.rb:34:in 'ActionDispatch::RequestId#call'
rack (3.1.15) lib/rack/method_override.rb:28:in 'Rack::MethodOverride#call'
rack (3.1.15) lib/rack/runtime.rb:24:in 'Rack::Runtime#call'
actionpack (8.0.2) lib/action_dispatch/middleware/server_timing.rb:61:in 'block in ActionDispatch::ServerTiming#call'
actionpack (8.0.2) lib/action_dispatch/middleware/server_timing.rb:26:in 'ActionDispatch::ServerTiming::Subscriber#collect_events'
actionpack (8.0.2) lib/action_dispatch/middleware/server_timing.rb:60:in 'ActionDispatch::ServerTiming#call'
actionpack (8.0.2) lib/action_dispatch/middleware/executor.rb:16:in 'ActionDispatch::Executor#call'
actionpack (8.0.2) lib/action_dispatch/middleware/static.rb:27:in 'ActionDispatch::Static#call'
rack (3.1.15) lib/rack/sendfile.rb:114:in 'Rack::Sendfile#call'
actionpack (8.0.2) lib/action_dispatch/middleware/host_authorization.rb:143:in 'ActionDispatch::HostAuthorization#call'
railties (8.0.2) lib/rails/engine.rb:535:in 'Rails::Engine#call'
puma (6.6.0) lib/puma/configuration.rb:279:in 'Puma::Configuration::ConfigMiddleware#call'
puma (6.6.0) lib/puma/request.rb:99:in 'block in Puma::Request#handle_request'
puma (6.6.0) lib/puma/thread_pool.rb:390:in 'Puma::ThreadPool#with_force_shutdown'
puma (6.6.0) lib/puma/request.rb:98:in 'Puma::Request#handle_request'
puma (6.6.0) lib/puma/server.rb:472:in 'Puma::Server#process_client'
puma (6.6.0) lib/puma/server.rb:254:in 'block in Puma::Server#run'
puma (6.6.0) lib/puma/thread_pool.rb:167:in 'block in Puma::ThreadPool#spawn_thread'
Started GET "/products" for 127.0.0.1 at 2025-06-02 14:57:32 +0300
Processing by ProductsController#index as HTML
Completed 406 Not Acceptable in 607ms (ActiveRecord: 0.0ms (0 queries, 0 cached) | GC: 0.0ms)


  
ActionController::MissingExactTemplate (ProductsController#index is missing a template for request formats: text/html):
  
actionpack (8.0.2) lib/action_controller/metal/implicit_render.rb:49:in 'ActionController::ImplicitRender#default_render'
actionpack (8.0.2) lib/action_controller/metal/basic_implicit_render.rb:9:in 'ActionController::BasicImplicitRender#send_action'
actionpack (8.0.2) lib/abstract_controller/base.rb:226:in 'AbstractController::Base#process_action'
actionpack (8.0.2) lib/action_controller/metal/rendering.rb:193:in 'ActionController::Rendering#process_action'
actionpack (8.0.2) lib/abstract_controller/callbacks.rb:261:in 'block in AbstractController::Callbacks#process_action'
activesupport (8.0.2) lib/active_support/callbacks.rb:120:in 'block in ActiveSupport::Callbacks#run_callbacks'
turbo-rails (2.0.13) lib/turbo-rails.rb:24:in 'Turbo.with_request_id'
turbo-rails (2.0.13) app/controllers/concerns/turbo/request_id_tracking.rb:10:in 'Turbo::RequestIdTracking#turbo_tracking_request_id'
activesupport (8.0.2) lib/active_support/callbacks.rb:129:in 'block in ActiveSupport::Callbacks#run_callbacks'
actiontext (8.0.2) lib/action_text/rendering.rb:25:in 'ActionText::Rendering::ClassMethods#with_renderer'
actiontext (8.0.2) lib/action_text/engine.rb:71:in 'block (4 levels) in <class:Engine>'
activesupport (8.0.2) lib/active_support/callbacks.rb:129:in 'BasicObject#instance_exec'
activesupport (8.0.2) lib/active_support/callbacks.rb:129:in 'block in ActiveSupport::Callbacks#run_callbacks'
activesupport (8.0.2) lib/active_support/callbacks.rb:140:in 'ActiveSupport::Callbacks#run_callbacks'
actionpack (8.0.2) lib/abstract_controller/callbacks.rb:260:in 'AbstractController::Callbacks#process_action'
actionpack (8.0.2) lib/action_controller/metal/rescue.rb:27:in 'ActionController::Rescue#process_action'
actionpack (8.0.2) lib/action_controller/metal/instrumentation.rb:76:in 'block in ActionController::Instrumentation#process_action'
activesupport (8.0.2) lib/active_support/notifications.rb:210:in 'block in ActiveSupport::Notifications.instrument'
activesupport (8.0.2) lib/active_support/notifications/instrumenter.rb:58:in 'ActiveSupport::Notifications::Instrumenter#instrument'
activesupport (8.0.2) lib/active_support/notifications.rb:210:in 'ActiveSupport::Notifications.instrument'
actionpack (8.0.2) lib/action_controller/metal/instrumentation.rb:75:in 'ActionController::Instrumentation#process_action'
actionpack (8.0.2) lib/action_controller/metal/params_wrapper.rb:259:in 'ActionController::ParamsWrapper#process_action'
activerecord (8.0.2) lib/active_record/railties/controller_runtime.rb:39:in 'ActiveRecord::Railties::ControllerRuntime#process_action'
actionpack (8.0.2) lib/abstract_controller/base.rb:163:in 'AbstractController::Base#process'
actionview (8.0.2) lib/action_view/rendering.rb:40:in 'ActionView::Rendering#process'
actionpack (8.0.2) lib/action_controller/metal.rb:252:in 'ActionController::Metal#dispatch'
actionpack (8.0.2) lib/action_controller/metal.rb:335:in 'ActionController::Metal.dispatch'
actionpack (8.0.2) lib/action_dispatch/routing/route_set.rb:67:in 'ActionDispatch::Routing::RouteSet::Dispatcher#dispatch'
actionpack (8.0.2) lib/action_dispatch/routing/route_set.rb:50:in 'ActionDispatch::Routing::RouteSet::Dispatcher#serve'
actionpack (8.0.2) lib/action_dispatch/journey/router.rb:53:in 'block in ActionDispatch::Journey::Router#serve'
actionpack (8.0.2) lib/action_dispatch/journey/router.rb:133:in 'block in ActionDispatch::Journey::Router#find_routes'
actionpack (8.0.2) lib/action_dispatch/journey/router.rb:126:in 'Array#each'
actionpack (8.0.2) lib/action_dispatch/journey/router.rb:126:in 'ActionDispatch::Journey::Router#find_routes'
actionpack (8.0.2) lib/action_dispatch/journey/router.rb:34:in 'ActionDispatch::Journey::Router#serve'
actionpack (8.0.2) lib/action_dispatch/routing/route_set.rb:908:in 'ActionDispatch::Routing::RouteSet#call'
railties (8.0.2) lib/rails/engine/lazy_route_set.rb:68:in 'Rails::Engine::LazyRouteSet#call'
rack (3.1.15) lib/rack/tempfile_reaper.rb:20:in 'Rack::TempfileReaper#call'
rack (3.1.15) lib/rack/etag.rb:29:in 'Rack::ETag#call'
rack (3.1.15) lib/rack/conditional_get.rb:31:in 'Rack::ConditionalGet#call'
rack (3.1.15) lib/rack/head.rb:15:in 'Rack::Head#call'
actionpack (8.0.2) lib/action_dispatch/http/permissions_policy.rb:38:in 'ActionDispatch::PermissionsPolicy::Middleware#call'
actionpack (8.0.2) lib/action_dispatch/http/content_security_policy.rb:38:in 'ActionDispatch::ContentSecurityPolicy::Middleware#call'
rack-session (2.1.1) lib/rack/session/abstract/id.rb:274:in 'Rack::Session::Abstract::Persisted#context'
rack-session (2.1.1) lib/rack/session/abstract/id.rb:268:in 'Rack::Session::Abstract::Persisted#call'
actionpack (8.0.2) lib/action_dispatch/middleware/cookies.rb:706:in 'ActionDispatch::Cookies#call'
activerecord (8.0.2) lib/active_record/migration.rb:671:in 'ActiveRecord::Migration::CheckPending#call'
actionpack (8.0.2) lib/action_dispatch/middleware/callbacks.rb:31:in 'block in ActionDispatch::Callbacks#call'
activesupport (8.0.2) lib/active_support/callbacks.rb:100:in 'ActiveSupport::Callbacks#run_callbacks'
actionpack (8.0.2) lib/action_dispatch/middleware/callbacks.rb:30:in 'ActionDispatch::Callbacks#call'
actionpack (8.0.2) lib/action_dispatch/middleware/executor.rb:16:in 'ActionDispatch::Executor#call'
actionpack (8.0.2) lib/action_dispatch/middleware/actionable_exceptions.rb:18:in 'ActionDispatch::ActionableExceptions#call'
actionpack (8.0.2) lib/action_dispatch/middleware/debug_exceptions.rb:31:in 'ActionDispatch::DebugExceptions#call'
web-console (4.2.1) lib/web_console/middleware.rb:132:in 'WebConsole::Middleware#call_app'
web-console (4.2.1) lib/web_console/middleware.rb:28:in 'block in WebConsole::Middleware#call'
web-console (4.2.1) lib/web_console/middleware.rb:17:in 'Kernel#catch'
web-console (4.2.1) lib/web_console/middleware.rb:17:in 'WebConsole::Middleware#call'
actionpack (8.0.2) lib/action_dispatch/middleware/show_exceptions.rb:32:in 'ActionDispatch::ShowExceptions#call'
railties (8.0.2) lib/rails/rack/logger.rb:41:in 'Rails::Rack::Logger#call_app'
railties (8.0.2) lib/rails/rack/logger.rb:29:in 'Rails::Rack::Logger#call'
actionpack (8.0.2) lib/action_dispatch/middleware/remote_ip.rb:96:in 'ActionDispatch::RemoteIp#call'
actionpack (8.0.2) lib/action_dispatch/middleware/request_id.rb:34:in 'ActionDispatch::RequestId#call'
rack (3.1.15) lib/rack/method_override.rb:28:in 'Rack::MethodOverride#call'
rack (3.1.15) lib/rack/runtime.rb:24:in 'Rack::Runtime#call'
actionpack (8.0.2) lib/action_dispatch/middleware/server_timing.rb:61:in 'block in ActionDispatch::ServerTiming#call'
actionpack (8.0.2) lib/action_dispatch/middleware/server_timing.rb:26:in 'ActionDispatch::ServerTiming::Subscriber#collect_events'
actionpack (8.0.2) lib/action_dispatch/middleware/server_timing.rb:60:in 'ActionDispatch::ServerTiming#call'
actionpack (8.0.2) lib/action_dispatch/middleware/executor.rb:16:in 'ActionDispatch::Executor#call'
actionpack (8.0.2) lib/action_dispatch/middleware/static.rb:27:in 'ActionDispatch::Static#call'
rack (3.1.15) lib/rack/sendfile.rb:114:in 'Rack::Sendfile#call'
actionpack (8.0.2) lib/action_dispatch/middleware/host_authorization.rb:143:in 'ActionDispatch::HostAuthorization#call'
railties (8.0.2) lib/rails/engine.rb:535:in 'Rails::Engine#call'
puma (6.6.0) lib/puma/configuration.rb:279:in 'Puma::Configuration::ConfigMiddleware#call'
puma (6.6.0) lib/puma/request.rb:99:in 'block in Puma::Request#handle_request'
puma (6.6.0) lib/puma/thread_pool.rb:390:in 'Puma::ThreadPool#with_force_shutdown'
puma (6.6.0) lib/puma/request.rb:98:in 'Puma::Request#handle_request'
puma (6.6.0) lib/puma/server.rb:472:in 'Puma::Server#process_client'
puma (6.6.0) lib/puma/server.rb:254:in 'block in Puma::Server#run'
puma (6.6.0) lib/puma/thread_pool.rb:167:in 'block in Puma::ThreadPool#spawn_thread'
Started GET "/products" for 127.0.0.1 at 2025-06-02 15:00:23 +0300
Processing by ProductsController#index as HTML
Completed 406 Not Acceptable in 643ms (ActiveRecord: 0.0ms (0 queries, 0 cached) | GC: 0.0ms)


  
ActionController::MissingExactTemplate (ProductsController#index is missing a template for request formats: text/html):
  
actionpack (8.0.2) lib/action_controller/metal/implicit_render.rb:49:in 'ActionController::ImplicitRender#default_render'
actionpack (8.0.2) lib/action_controller/metal/basic_implicit_render.rb:9:in 'ActionController::BasicImplicitRender#send_action'
actionpack (8.0.2) lib/abstract_controller/base.rb:226:in 'AbstractController::Base#process_action'
actionpack (8.0.2) lib/action_controller/metal/rendering.rb:193:in 'ActionController::Rendering#process_action'
actionpack (8.0.2) lib/abstract_controller/callbacks.rb:261:in 'block in AbstractController::Callbacks#process_action'
activesupport (8.0.2) lib/active_support/callbacks.rb:120:in 'block in ActiveSupport::Callbacks#run_callbacks'
turbo-rails (2.0.13) lib/turbo-rails.rb:24:in 'Turbo.with_request_id'
turbo-rails (2.0.13) app/controllers/concerns/turbo/request_id_tracking.rb:10:in 'Turbo::RequestIdTracking#turbo_tracking_request_id'
activesupport (8.0.2) lib/active_support/callbacks.rb:129:in 'block in ActiveSupport::Callbacks#run_callbacks'
actiontext (8.0.2) lib/action_text/rendering.rb:25:in 'ActionText::Rendering::ClassMethods#with_renderer'
actiontext (8.0.2) lib/action_text/engine.rb:71:in 'block (4 levels) in <class:Engine>'
activesupport (8.0.2) lib/active_support/callbacks.rb:129:in 'BasicObject#instance_exec'
activesupport (8.0.2) lib/active_support/callbacks.rb:129:in 'block in ActiveSupport::Callbacks#run_callbacks'
activesupport (8.0.2) lib/active_support/callbacks.rb:140:in 'ActiveSupport::Callbacks#run_callbacks'
actionpack (8.0.2) lib/abstract_controller/callbacks.rb:260:in 'AbstractController::Callbacks#process_action'
actionpack (8.0.2) lib/action_controller/metal/rescue.rb:27:in 'ActionController::Rescue#process_action'
actionpack (8.0.2) lib/action_controller/metal/instrumentation.rb:76:in 'block in ActionController::Instrumentation#process_action'
activesupport (8.0.2) lib/active_support/notifications.rb:210:in 'block in ActiveSupport::Notifications.instrument'
activesupport (8.0.2) lib/active_support/notifications/instrumenter.rb:58:in 'ActiveSupport::Notifications::Instrumenter#instrument'
activesupport (8.0.2) lib/active_support/notifications.rb:210:in 'ActiveSupport::Notifications.instrument'
actionpack (8.0.2) lib/action_controller/metal/instrumentation.rb:75:in 'ActionController::Instrumentation#process_action'
actionpack (8.0.2) lib/action_controller/metal/params_wrapper.rb:259:in 'ActionController::ParamsWrapper#process_action'
activerecord (8.0.2) lib/active_record/railties/controller_runtime.rb:39:in 'ActiveRecord::Railties::ControllerRuntime#process_action'
actionpack (8.0.2) lib/abstract_controller/base.rb:163:in 'AbstractController::Base#process'
actionview (8.0.2) lib/action_view/rendering.rb:40:in 'ActionView::Rendering#process'
actionpack (8.0.2) lib/action_controller/metal.rb:252:in 'ActionController::Metal#dispatch'
actionpack (8.0.2) lib/action_controller/metal.rb:335:in 'ActionController::Metal.dispatch'
actionpack (8.0.2) lib/action_dispatch/routing/route_set.rb:67:in 'ActionDispatch::Routing::RouteSet::Dispatcher#dispatch'
actionpack (8.0.2) lib/action_dispatch/routing/route_set.rb:50:in 'ActionDispatch::Routing::RouteSet::Dispatcher#serve'
actionpack (8.0.2) lib/action_dispatch/journey/router.rb:53:in 'block in ActionDispatch::Journey::Router#serve'
actionpack (8.0.2) lib/action_dispatch/journey/router.rb:133:in 'block in ActionDispatch::Journey::Router#find_routes'
actionpack (8.0.2) lib/action_dispatch/journey/router.rb:126:in 'Array#each'
actionpack (8.0.2) lib/action_dispatch/journey/router.rb:126:in 'ActionDispatch::Journey::Router#find_routes'
actionpack (8.0.2) lib/action_dispatch/journey/router.rb:34:in 'ActionDispatch::Journey::Router#serve'
actionpack (8.0.2) lib/action_dispatch/routing/route_set.rb:908:in 'ActionDispatch::Routing::RouteSet#call'
railties (8.0.2) lib/rails/engine/lazy_route_set.rb:68:in 'Rails::Engine::LazyRouteSet#call'
rack (3.1.15) lib/rack/tempfile_reaper.rb:20:in 'Rack::TempfileReaper#call'
rack (3.1.15) lib/rack/etag.rb:29:in 'Rack::ETag#call'
rack (3.1.15) lib/rack/conditional_get.rb:31:in 'Rack::ConditionalGet#call'
rack (3.1.15) lib/rack/head.rb:15:in 'Rack::Head#call'
actionpack (8.0.2) lib/action_dispatch/http/permissions_policy.rb:38:in 'ActionDispatch::PermissionsPolicy::Middleware#call'
actionpack (8.0.2) lib/action_dispatch/http/content_security_policy.rb:38:in 'ActionDispatch::ContentSecurityPolicy::Middleware#call'
rack-session (2.1.1) lib/rack/session/abstract/id.rb:274:in 'Rack::Session::Abstract::Persisted#context'
rack-session (2.1.1) lib/rack/session/abstract/id.rb:268:in 'Rack::Session::Abstract::Persisted#call'
actionpack (8.0.2) lib/action_dispatch/middleware/cookies.rb:706:in 'ActionDispatch::Cookies#call'
activerecord (8.0.2) lib/active_record/migration.rb:671:in 'ActiveRecord::Migration::CheckPending#call'
actionpack (8.0.2) lib/action_dispatch/middleware/callbacks.rb:31:in 'block in ActionDispatch::Callbacks#call'
activesupport (8.0.2) lib/active_support/callbacks.rb:100:in 'ActiveSupport::Callbacks#run_callbacks'
actionpack (8.0.2) lib/action_dispatch/middleware/callbacks.rb:30:in 'ActionDispatch::Callbacks#call'
actionpack (8.0.2) lib/action_dispatch/middleware/executor.rb:16:in 'ActionDispatch::Executor#call'
actionpack (8.0.2) lib/action_dispatch/middleware/actionable_exceptions.rb:18:in 'ActionDispatch::ActionableExceptions#call'
actionpack (8.0.2) lib/action_dispatch/middleware/debug_exceptions.rb:31:in 'ActionDispatch::DebugExceptions#call'
web-console (4.2.1) lib/web_console/middleware.rb:132:in 'WebConsole::Middleware#call_app'
web-console (4.2.1) lib/web_console/middleware.rb:28:in 'block in WebConsole::Middleware#call'
web-console (4.2.1) lib/web_console/middleware.rb:17:in 'Kernel#catch'
web-console (4.2.1) lib/web_console/middleware.rb:17:in 'WebConsole::Middleware#call'
actionpack (8.0.2) lib/action_dispatch/middleware/show_exceptions.rb:32:in 'ActionDispatch::ShowExceptions#call'
railties (8.0.2) lib/rails/rack/logger.rb:41:in 'Rails::Rack::Logger#call_app'
railties (8.0.2) lib/rails/rack/logger.rb:29:in 'Rails::Rack::Logger#call'
actionpack (8.0.2) lib/action_dispatch/middleware/remote_ip.rb:96:in 'ActionDispatch::RemoteIp#call'
actionpack (8.0.2) lib/action_dispatch/middleware/request_id.rb:34:in 'ActionDispatch::RequestId#call'
rack (3.1.15) lib/rack/method_override.rb:28:in 'Rack::MethodOverride#call'
rack (3.1.15) lib/rack/runtime.rb:24:in 'Rack::Runtime#call'
actionpack (8.0.2) lib/action_dispatch/middleware/server_timing.rb:61:in 'block in ActionDispatch::ServerTiming#call'
actionpack (8.0.2) lib/action_dispatch/middleware/server_timing.rb:26:in 'ActionDispatch::ServerTiming::Subscriber#collect_events'
actionpack (8.0.2) lib/action_dispatch/middleware/server_timing.rb:60:in 'ActionDispatch::ServerTiming#call'
actionpack (8.0.2) lib/action_dispatch/middleware/executor.rb:16:in 'ActionDispatch::Executor#call'
actionpack (8.0.2) lib/action_dispatch/middleware/static.rb:27:in 'ActionDispatch::Static#call'
rack (3.1.15) lib/rack/sendfile.rb:114:in 'Rack::Sendfile#call'
actionpack (8.0.2) lib/action_dispatch/middleware/host_authorization.rb:143:in 'ActionDispatch::HostAuthorization#call'
railties (8.0.2) lib/rails/engine.rb:535:in 'Rails::Engine#call'
puma (6.6.0) lib/puma/configuration.rb:279:in 'Puma::Configuration::ConfigMiddleware#call'
puma (6.6.0) lib/puma/request.rb:99:in 'block in Puma::Request#handle_request'
puma (6.6.0) lib/puma/thread_pool.rb:390:in 'Puma::ThreadPool#with_force_shutdown'
puma (6.6.0) lib/puma/request.rb:98:in 'Puma::Request#handle_request'
puma (6.6.0) lib/puma/server.rb:472:in 'Puma::Server#process_client'
puma (6.6.0) lib/puma/server.rb:254:in 'block in Puma::Server#run'
puma (6.6.0) lib/puma/thread_pool.rb:167:in 'block in Puma::ThreadPool#spawn_thread'
Started GET "/products" for 127.0.0.1 at 2025-06-02 15:01:49 +0300
  [1m[36mActiveRecord::SchemaMigration Load (0.2ms)[0m  [1m[34mSELECT "schema_migrations"."version" FROM "schema_migrations" ORDER BY "schema_migrations"."version" ASC /*application='Store2'*/[0m
Processing by ProductsController#index as HTML
Completed 406 Not Acceptable in 1390ms (ActiveRecord: 0.0ms (0 queries, 0 cached) | GC: 0.0ms)


  
ActionController::MissingExactTemplate (ProductsController#index is missing a template for request formats: text/html):
  
actionpack (8.0.2) lib/action_controller/metal/implicit_render.rb:49:in 'ActionController::ImplicitRender#default_render'
actionpack (8.0.2) lib/action_controller/metal/basic_implicit_render.rb:9:in 'ActionController::BasicImplicitRender#send_action'
actionpack (8.0.2) lib/abstract_controller/base.rb:226:in 'AbstractController::Base#process_action'
actionpack (8.0.2) lib/action_controller/metal/rendering.rb:193:in 'ActionController::Rendering#process_action'
actionpack (8.0.2) lib/abstract_controller/callbacks.rb:261:in 'block in AbstractController::Callbacks#process_action'
activesupport (8.0.2) lib/active_support/callbacks.rb:120:in 'block in ActiveSupport::Callbacks#run_callbacks'
turbo-rails (2.0.13) lib/turbo-rails.rb:24:in 'Turbo.with_request_id'
turbo-rails (2.0.13) app/controllers/concerns/turbo/request_id_tracking.rb:10:in 'Turbo::RequestIdTracking#turbo_tracking_request_id'
activesupport (8.0.2) lib/active_support/callbacks.rb:129:in 'block in ActiveSupport::Callbacks#run_callbacks'
actiontext (8.0.2) lib/action_text/rendering.rb:25:in 'ActionText::Rendering::ClassMethods#with_renderer'
actiontext (8.0.2) lib/action_text/engine.rb:71:in 'block (4 levels) in <class:Engine>'
activesupport (8.0.2) lib/active_support/callbacks.rb:129:in 'BasicObject#instance_exec'
activesupport (8.0.2) lib/active_support/callbacks.rb:129:in 'block in ActiveSupport::Callbacks#run_callbacks'
activesupport (8.0.2) lib/active_support/callbacks.rb:140:in 'ActiveSupport::Callbacks#run_callbacks'
actionpack (8.0.2) lib/abstract_controller/callbacks.rb:260:in 'AbstractController::Callbacks#process_action'
actionpack (8.0.2) lib/action_controller/metal/rescue.rb:27:in 'ActionController::Rescue#process_action'
actionpack (8.0.2) lib/action_controller/metal/instrumentation.rb:76:in 'block in ActionController::Instrumentation#process_action'
activesupport (8.0.2) lib/active_support/notifications.rb:210:in 'block in ActiveSupport::Notifications.instrument'
activesupport (8.0.2) lib/active_support/notifications/instrumenter.rb:58:in 'ActiveSupport::Notifications::Instrumenter#instrument'
activesupport (8.0.2) lib/active_support/notifications.rb:210:in 'ActiveSupport::Notifications.instrument'
actionpack (8.0.2) lib/action_controller/metal/instrumentation.rb:75:in 'ActionController::Instrumentation#process_action'
actionpack (8.0.2) lib/action_controller/metal/params_wrapper.rb:259:in 'ActionController::ParamsWrapper#process_action'
activerecord (8.0.2) lib/active_record/railties/controller_runtime.rb:39:in 'ActiveRecord::Railties::ControllerRuntime#process_action'
actionpack (8.0.2) lib/abstract_controller/base.rb:163:in 'AbstractController::Base#process'
actionview (8.0.2) lib/action_view/rendering.rb:40:in 'ActionView::Rendering#process'
actionpack (8.0.2) lib/action_controller/metal.rb:252:in 'ActionController::Metal#dispatch'
actionpack (8.0.2) lib/action_controller/metal.rb:335:in 'ActionController::Metal.dispatch'
actionpack (8.0.2) lib/action_dispatch/routing/route_set.rb:67:in 'ActionDispatch::Routing::RouteSet::Dispatcher#dispatch'
actionpack (8.0.2) lib/action_dispatch/routing/route_set.rb:50:in 'ActionDispatch::Routing::RouteSet::Dispatcher#serve'
actionpack (8.0.2) lib/action_dispatch/journey/router.rb:53:in 'block in ActionDispatch::Journey::Router#serve'
actionpack (8.0.2) lib/action_dispatch/journey/router.rb:133:in 'block in ActionDispatch::Journey::Router#find_routes'
actionpack (8.0.2) lib/action_dispatch/journey/router.rb:126:in 'Array#each'
actionpack (8.0.2) lib/action_dispatch/journey/router.rb:126:in 'ActionDispatch::Journey::Router#find_routes'
actionpack (8.0.2) lib/action_dispatch/journey/router.rb:34:in 'ActionDispatch::Journey::Router#serve'
actionpack (8.0.2) lib/action_dispatch/routing/route_set.rb:908:in 'ActionDispatch::Routing::RouteSet#call'
railties (8.0.2) lib/rails/engine/lazy_route_set.rb:68:in 'Rails::Engine::LazyRouteSet#call'
rack (3.1.15) lib/rack/tempfile_reaper.rb:20:in 'Rack::TempfileReaper#call'
rack (3.1.15) lib/rack/etag.rb:29:in 'Rack::ETag#call'
rack (3.1.15) lib/rack/conditional_get.rb:31:in 'Rack::ConditionalGet#call'
rack (3.1.15) lib/rack/head.rb:15:in 'Rack::Head#call'
actionpack (8.0.2) lib/action_dispatch/http/permissions_policy.rb:38:in 'ActionDispatch::PermissionsPolicy::Middleware#call'
actionpack (8.0.2) lib/action_dispatch/http/content_security_policy.rb:38:in 'ActionDispatch::ContentSecurityPolicy::Middleware#call'
rack-session (2.1.1) lib/rack/session/abstract/id.rb:274:in 'Rack::Session::Abstract::Persisted#context'
rack-session (2.1.1) lib/rack/session/abstract/id.rb:268:in 'Rack::Session::Abstract::Persisted#call'
actionpack (8.0.2) lib/action_dispatch/middleware/cookies.rb:706:in 'ActionDispatch::Cookies#call'
activerecord (8.0.2) lib/active_record/migration.rb:671:in 'ActiveRecord::Migration::CheckPending#call'
actionpack (8.0.2) lib/action_dispatch/middleware/callbacks.rb:31:in 'block in ActionDispatch::Callbacks#call'
activesupport (8.0.2) lib/active_support/callbacks.rb:100:in 'ActiveSupport::Callbacks#run_callbacks'
actionpack (8.0.2) lib/action_dispatch/middleware/callbacks.rb:30:in 'ActionDispatch::Callbacks#call'
actionpack (8.0.2) lib/action_dispatch/middleware/executor.rb:16:in 'ActionDispatch::Executor#call'
actionpack (8.0.2) lib/action_dispatch/middleware/actionable_exceptions.rb:18:in 'ActionDispatch::ActionableExceptions#call'
actionpack (8.0.2) lib/action_dispatch/middleware/debug_exceptions.rb:31:in 'ActionDispatch::DebugExceptions#call'
web-console (4.2.1) lib/web_console/middleware.rb:132:in 'WebConsole::Middleware#call_app'
web-console (4.2.1) lib/web_console/middleware.rb:28:in 'block in WebConsole::Middleware#call'
web-console (4.2.1) lib/web_console/middleware.rb:17:in 'Kernel#catch'
web-console (4.2.1) lib/web_console/middleware.rb:17:in 'WebConsole::Middleware#call'
actionpack (8.0.2) lib/action_dispatch/middleware/show_exceptions.rb:32:in 'ActionDispatch::ShowExceptions#call'
railties (8.0.2) lib/rails/rack/logger.rb:41:in 'Rails::Rack::Logger#call_app'
railties (8.0.2) lib/rails/rack/logger.rb:29:in 'Rails::Rack::Logger#call'
actionpack (8.0.2) lib/action_dispatch/middleware/remote_ip.rb:96:in 'ActionDispatch::RemoteIp#call'
actionpack (8.0.2) lib/action_dispatch/middleware/request_id.rb:34:in 'ActionDispatch::RequestId#call'
rack (3.1.15) lib/rack/method_override.rb:28:in 'Rack::MethodOverride#call'
rack (3.1.15) lib/rack/runtime.rb:24:in 'Rack::Runtime#call'
actionpack (8.0.2) lib/action_dispatch/middleware/server_timing.rb:61:in 'block in ActionDispatch::ServerTiming#call'
actionpack (8.0.2) lib/action_dispatch/middleware/server_timing.rb:26:in 'ActionDispatch::ServerTiming::Subscriber#collect_events'
actionpack (8.0.2) lib/action_dispatch/middleware/server_timing.rb:60:in 'ActionDispatch::ServerTiming#call'
actionpack (8.0.2) lib/action_dispatch/middleware/executor.rb:16:in 'ActionDispatch::Executor#call'
actionpack (8.0.2) lib/action_dispatch/middleware/static.rb:27:in 'ActionDispatch::Static#call'
rack (3.1.15) lib/rack/sendfile.rb:114:in 'Rack::Sendfile#call'
actionpack (8.0.2) lib/action_dispatch/middleware/host_authorization.rb:143:in 'ActionDispatch::HostAuthorization#call'
railties (8.0.2) lib/rails/engine.rb:535:in 'Rails::Engine#call'
puma (6.6.0) lib/puma/configuration.rb:279:in 'Puma::Configuration::ConfigMiddleware#call'
puma (6.6.0) lib/puma/request.rb:99:in 'block in Puma::Request#handle_request'
puma (6.6.0) lib/puma/thread_pool.rb:390:in 'Puma::ThreadPool#with_force_shutdown'
puma (6.6.0) lib/puma/request.rb:98:in 'Puma::Request#handle_request'
puma (6.6.0) lib/puma/server.rb:472:in 'Puma::Server#process_client'
puma (6.6.0) lib/puma/server.rb:254:in 'block in Puma::Server#run'
puma (6.6.0) lib/puma/thread_pool.rb:167:in 'block in Puma::ThreadPool#spawn_thread'
Started GET "/products" for 127.0.0.1 at 2025-06-02 15:06:42 +0300
Processing by ProductsController#index as HTML
Completed 406 Not Acceptable in 1863ms (ActiveRecord: 0.0ms (0 queries, 0 cached) | GC: 0.0ms)


  
ActionController::MissingExactTemplate (ProductsController#index is missing a template for request formats: text/html):
  
actionpack (8.0.2) lib/action_controller/metal/implicit_render.rb:49:in 'ActionController::ImplicitRender#default_render'
actionpack (8.0.2) lib/action_controller/metal/basic_implicit_render.rb:9:in 'ActionController::BasicImplicitRender#send_action'
actionpack (8.0.2) lib/abstract_controller/base.rb:226:in 'AbstractController::Base#process_action'
actionpack (8.0.2) lib/action_controller/metal/rendering.rb:193:in 'ActionController::Rendering#process_action'
actionpack (8.0.2) lib/abstract_controller/callbacks.rb:261:in 'block in AbstractController::Callbacks#process_action'
activesupport (8.0.2) lib/active_support/callbacks.rb:120:in 'block in ActiveSupport::Callbacks#run_callbacks'
turbo-rails (2.0.13) lib/turbo-rails.rb:24:in 'Turbo.with_request_id'
turbo-rails (2.0.13) app/controllers/concerns/turbo/request_id_tracking.rb:10:in 'Turbo::RequestIdTracking#turbo_tracking_request_id'
activesupport (8.0.2) lib/active_support/callbacks.rb:129:in 'block in ActiveSupport::Callbacks#run_callbacks'
actiontext (8.0.2) lib/action_text/rendering.rb:25:in 'ActionText::Rendering::ClassMethods#with_renderer'
actiontext (8.0.2) lib/action_text/engine.rb:71:in 'block (4 levels) in <class:Engine>'
activesupport (8.0.2) lib/active_support/callbacks.rb:129:in 'BasicObject#instance_exec'
activesupport (8.0.2) lib/active_support/callbacks.rb:129:in 'block in ActiveSupport::Callbacks#run_callbacks'
activesupport (8.0.2) lib/active_support/callbacks.rb:140:in 'ActiveSupport::Callbacks#run_callbacks'
actionpack (8.0.2) lib/abstract_controller/callbacks.rb:260:in 'AbstractController::Callbacks#process_action'
actionpack (8.0.2) lib/action_controller/metal/rescue.rb:27:in 'ActionController::Rescue#process_action'
actionpack (8.0.2) lib/action_controller/metal/instrumentation.rb:76:in 'block in ActionController::Instrumentation#process_action'
activesupport (8.0.2) lib/active_support/notifications.rb:210:in 'block in ActiveSupport::Notifications.instrument'
activesupport (8.0.2) lib/active_support/notifications/instrumenter.rb:58:in 'ActiveSupport::Notifications::Instrumenter#instrument'
activesupport (8.0.2) lib/active_support/notifications.rb:210:in 'ActiveSupport::Notifications.instrument'
actionpack (8.0.2) lib/action_controller/metal/instrumentation.rb:75:in 'ActionController::Instrumentation#process_action'
actionpack (8.0.2) lib/action_controller/metal/params_wrapper.rb:259:in 'ActionController::ParamsWrapper#process_action'
activerecord (8.0.2) lib/active_record/railties/controller_runtime.rb:39:in 'ActiveRecord::Railties::ControllerRuntime#process_action'
actionpack (8.0.2) lib/abstract_controller/base.rb:163:in 'AbstractController::Base#process'
actionview (8.0.2) lib/action_view/rendering.rb:40:in 'ActionView::Rendering#process'
actionpack (8.0.2) lib/action_controller/metal.rb:252:in 'ActionController::Metal#dispatch'
actionpack (8.0.2) lib/action_controller/metal.rb:335:in 'ActionController::Metal.dispatch'
actionpack (8.0.2) lib/action_dispatch/routing/route_set.rb:67:in 'ActionDispatch::Routing::RouteSet::Dispatcher#dispatch'
actionpack (8.0.2) lib/action_dispatch/routing/route_set.rb:50:in 'ActionDispatch::Routing::RouteSet::Dispatcher#serve'
actionpack (8.0.2) lib/action_dispatch/journey/router.rb:53:in 'block in ActionDispatch::Journey::Router#serve'
actionpack (8.0.2) lib/action_dispatch/journey/router.rb:133:in 'block in ActionDispatch::Journey::Router#find_routes'
actionpack (8.0.2) lib/action_dispatch/journey/router.rb:126:in 'Array#each'
actionpack (8.0.2) lib/action_dispatch/journey/router.rb:126:in 'ActionDispatch::Journey::Router#find_routes'
actionpack (8.0.2) lib/action_dispatch/journey/router.rb:34:in 'ActionDispatch::Journey::Router#serve'
actionpack (8.0.2) lib/action_dispatch/routing/route_set.rb:908:in 'ActionDispatch::Routing::RouteSet#call'
railties (8.0.2) lib/rails/engine/lazy_route_set.rb:68:in 'Rails::Engine::LazyRouteSet#call'
rack (3.1.15) lib/rack/tempfile_reaper.rb:20:in 'Rack::TempfileReaper#call'
rack (3.1.15) lib/rack/etag.rb:29:in 'Rack::ETag#call'
rack (3.1.15) lib/rack/conditional_get.rb:31:in 'Rack::ConditionalGet#call'
rack (3.1.15) lib/rack/head.rb:15:in 'Rack::Head#call'
actionpack (8.0.2) lib/action_dispatch/http/permissions_policy.rb:38:in 'ActionDispatch::PermissionsPolicy::Middleware#call'
actionpack (8.0.2) lib/action_dispatch/http/content_security_policy.rb:38:in 'ActionDispatch::ContentSecurityPolicy::Middleware#call'
rack-session (2.1.1) lib/rack/session/abstract/id.rb:274:in 'Rack::Session::Abstract::Persisted#context'
rack-session (2.1.1) lib/rack/session/abstract/id.rb:268:in 'Rack::Session::Abstract::Persisted#call'
actionpack (8.0.2) lib/action_dispatch/middleware/cookies.rb:706:in 'ActionDispatch::Cookies#call'
activerecord (8.0.2) lib/active_record/migration.rb:671:in 'ActiveRecord::Migration::CheckPending#call'
actionpack (8.0.2) lib/action_dispatch/middleware/callbacks.rb:31:in 'block in ActionDispatch::Callbacks#call'
activesupport (8.0.2) lib/active_support/callbacks.rb:100:in 'ActiveSupport::Callbacks#run_callbacks'
actionpack (8.0.2) lib/action_dispatch/middleware/callbacks.rb:30:in 'ActionDispatch::Callbacks#call'
actionpack (8.0.2) lib/action_dispatch/middleware/executor.rb:16:in 'ActionDispatch::Executor#call'
actionpack (8.0.2) lib/action_dispatch/middleware/actionable_exceptions.rb:18:in 'ActionDispatch::ActionableExceptions#call'
actionpack (8.0.2) lib/action_dispatch/middleware/debug_exceptions.rb:31:in 'ActionDispatch::DebugExceptions#call'
web-console (4.2.1) lib/web_console/middleware.rb:132:in 'WebConsole::Middleware#call_app'
web-console (4.2.1) lib/web_console/middleware.rb:28:in 'block in WebConsole::Middleware#call'
web-console (4.2.1) lib/web_console/middleware.rb:17:in 'Kernel#catch'
web-console (4.2.1) lib/web_console/middleware.rb:17:in 'WebConsole::Middleware#call'
actionpack (8.0.2) lib/action_dispatch/middleware/show_exceptions.rb:32:in 'ActionDispatch::ShowExceptions#call'
railties (8.0.2) lib/rails/rack/logger.rb:41:in 'Rails::Rack::Logger#call_app'
railties (8.0.2) lib/rails/rack/logger.rb:29:in 'Rails::Rack::Logger#call'
actionpack (8.0.2) lib/action_dispatch/middleware/remote_ip.rb:96:in 'ActionDispatch::RemoteIp#call'
actionpack (8.0.2) lib/action_dispatch/middleware/request_id.rb:34:in 'ActionDispatch::RequestId#call'
rack (3.1.15) lib/rack/method_override.rb:28:in 'Rack::MethodOverride#call'
rack (3.1.15) lib/rack/runtime.rb:24:in 'Rack::Runtime#call'
actionpack (8.0.2) lib/action_dispatch/middleware/server_timing.rb:61:in 'block in ActionDispatch::ServerTiming#call'
actionpack (8.0.2) lib/action_dispatch/middleware/server_timing.rb:26:in 'ActionDispatch::ServerTiming::Subscriber#collect_events'
actionpack (8.0.2) lib/action_dispatch/middleware/server_timing.rb:60:in 'ActionDispatch::ServerTiming#call'
actionpack (8.0.2) lib/action_dispatch/middleware/executor.rb:16:in 'ActionDispatch::Executor#call'
actionpack (8.0.2) lib/action_dispatch/middleware/static.rb:27:in 'ActionDispatch::Static#call'
rack (3.1.15) lib/rack/sendfile.rb:114:in 'Rack::Sendfile#call'
actionpack (8.0.2) lib/action_dispatch/middleware/host_authorization.rb:143:in 'ActionDispatch::HostAuthorization#call'
railties (8.0.2) lib/rails/engine.rb:535:in 'Rails::Engine#call'
puma (6.6.0) lib/puma/configuration.rb:279:in 'Puma::Configuration::ConfigMiddleware#call'
puma (6.6.0) lib/puma/request.rb:99:in 'block in Puma::Request#handle_request'
puma (6.6.0) lib/puma/thread_pool.rb:390:in 'Puma::ThreadPool#with_force_shutdown'
puma (6.6.0) lib/puma/request.rb:98:in 'Puma::Request#handle_request'
puma (6.6.0) lib/puma/server.rb:472:in 'Puma::Server#process_client'
puma (6.6.0) lib/puma/server.rb:254:in 'block in Puma::Server#run'
puma (6.6.0) lib/puma/thread_pool.rb:167:in 'block in Puma::ThreadPool#spawn_thread'
Started GET "/products" for 127.0.0.1 at 2025-06-02 15:07:00 +0300
Processing by ProductsController#index as HTML
Completed 406 Not Acceptable in 1732ms (ActiveRecord: 0.0ms (0 queries, 0 cached) | GC: 0.0ms)


  
ActionController::MissingExactTemplate (ProductsController#index is missing a template for request formats: text/html):
  
actionpack (8.0.2) lib/action_controller/metal/implicit_render.rb:49:in 'ActionController::ImplicitRender#default_render'
actionpack (8.0.2) lib/action_controller/metal/basic_implicit_render.rb:9:in 'ActionController::BasicImplicitRender#send_action'
actionpack (8.0.2) lib/abstract_controller/base.rb:226:in 'AbstractController::Base#process_action'
actionpack (8.0.2) lib/action_controller/metal/rendering.rb:193:in 'ActionController::Rendering#process_action'
actionpack (8.0.2) lib/abstract_controller/callbacks.rb:261:in 'block in AbstractController::Callbacks#process_action'
activesupport (8.0.2) lib/active_support/callbacks.rb:120:in 'block in ActiveSupport::Callbacks#run_callbacks'
turbo-rails (2.0.13) lib/turbo-rails.rb:24:in 'Turbo.with_request_id'
turbo-rails (2.0.13) app/controllers/concerns/turbo/request_id_tracking.rb:10:in 'Turbo::RequestIdTracking#turbo_tracking_request_id'
activesupport (8.0.2) lib/active_support/callbacks.rb:129:in 'block in ActiveSupport::Callbacks#run_callbacks'
actiontext (8.0.2) lib/action_text/rendering.rb:25:in 'ActionText::Rendering::ClassMethods#with_renderer'
actiontext (8.0.2) lib/action_text/engine.rb:71:in 'block (4 levels) in <class:Engine>'
activesupport (8.0.2) lib/active_support/callbacks.rb:129:in 'BasicObject#instance_exec'
activesupport (8.0.2) lib/active_support/callbacks.rb:129:in 'block in ActiveSupport::Callbacks#run_callbacks'
activesupport (8.0.2) lib/active_support/callbacks.rb:140:in 'ActiveSupport::Callbacks#run_callbacks'
actionpack (8.0.2) lib/abstract_controller/callbacks.rb:260:in 'AbstractController::Callbacks#process_action'
actionpack (8.0.2) lib/action_controller/metal/rescue.rb:27:in 'ActionController::Rescue#process_action'
actionpack (8.0.2) lib/action_controller/metal/instrumentation.rb:76:in 'block in ActionController::Instrumentation#process_action'
activesupport (8.0.2) lib/active_support/notifications.rb:210:in 'block in ActiveSupport::Notifications.instrument'
activesupport (8.0.2) lib/active_support/notifications/instrumenter.rb:58:in 'ActiveSupport::Notifications::Instrumenter#instrument'
activesupport (8.0.2) lib/active_support/notifications.rb:210:in 'ActiveSupport::Notifications.instrument'
actionpack (8.0.2) lib/action_controller/metal/instrumentation.rb:75:in 'ActionController::Instrumentation#process_action'
actionpack (8.0.2) lib/action_controller/metal/params_wrapper.rb:259:in 'ActionController::ParamsWrapper#process_action'
activerecord (8.0.2) lib/active_record/railties/controller_runtime.rb:39:in 'ActiveRecord::Railties::ControllerRuntime#process_action'
actionpack (8.0.2) lib/abstract_controller/base.rb:163:in 'AbstractController::Base#process'
actionview (8.0.2) lib/action_view/rendering.rb:40:in 'ActionView::Rendering#process'
actionpack (8.0.2) lib/action_controller/metal.rb:252:in 'ActionController::Metal#dispatch'
actionpack (8.0.2) lib/action_controller/metal.rb:335:in 'ActionController::Metal.dispatch'
actionpack (8.0.2) lib/action_dispatch/routing/route_set.rb:67:in 'ActionDispatch::Routing::RouteSet::Dispatcher#dispatch'
actionpack (8.0.2) lib/action_dispatch/routing/route_set.rb:50:in 'ActionDispatch::Routing::RouteSet::Dispatcher#serve'
actionpack (8.0.2) lib/action_dispatch/journey/router.rb:53:in 'block in ActionDispatch::Journey::Router#serve'
actionpack (8.0.2) lib/action_dispatch/journey/router.rb:133:in 'block in ActionDispatch::Journey::Router#find_routes'
actionpack (8.0.2) lib/action_dispatch/journey/router.rb:126:in 'Array#each'
actionpack (8.0.2) lib/action_dispatch/journey/router.rb:126:in 'ActionDispatch::Journey::Router#find_routes'
actionpack (8.0.2) lib/action_dispatch/journey/router.rb:34:in 'ActionDispatch::Journey::Router#serve'
actionpack (8.0.2) lib/action_dispatch/routing/route_set.rb:908:in 'ActionDispatch::Routing::RouteSet#call'
railties (8.0.2) lib/rails/engine/lazy_route_set.rb:68:in 'Rails::Engine::LazyRouteSet#call'
rack (3.1.15) lib/rack/tempfile_reaper.rb:20:in 'Rack::TempfileReaper#call'
rack (3.1.15) lib/rack/etag.rb:29:in 'Rack::ETag#call'
rack (3.1.15) lib/rack/conditional_get.rb:31:in 'Rack::ConditionalGet#call'
rack (3.1.15) lib/rack/head.rb:15:in 'Rack::Head#call'
actionpack (8.0.2) lib/action_dispatch/http/permissions_policy.rb:38:in 'ActionDispatch::PermissionsPolicy::Middleware#call'
actionpack (8.0.2) lib/action_dispatch/http/content_security_policy.rb:38:in 'ActionDispatch::ContentSecurityPolicy::Middleware#call'
rack-session (2.1.1) lib/rack/session/abstract/id.rb:274:in 'Rack::Session::Abstract::Persisted#context'
rack-session (2.1.1) lib/rack/session/abstract/id.rb:268:in 'Rack::Session::Abstract::Persisted#call'
actionpack (8.0.2) lib/action_dispatch/middleware/cookies.rb:706:in 'ActionDispatch::Cookies#call'
activerecord (8.0.2) lib/active_record/migration.rb:671:in 'ActiveRecord::Migration::CheckPending#call'
actionpack (8.0.2) lib/action_dispatch/middleware/callbacks.rb:31:in 'block in ActionDispatch::Callbacks#call'
activesupport (8.0.2) lib/active_support/callbacks.rb:100:in 'ActiveSupport::Callbacks#run_callbacks'
actionpack (8.0.2) lib/action_dispatch/middleware/callbacks.rb:30:in 'ActionDispatch::Callbacks#call'
actionpack (8.0.2) lib/action_dispatch/middleware/executor.rb:16:in 'ActionDispatch::Executor#call'
actionpack (8.0.2) lib/action_dispatch/middleware/actionable_exceptions.rb:18:in 'ActionDispatch::ActionableExceptions#call'
actionpack (8.0.2) lib/action_dispatch/middleware/debug_exceptions.rb:31:in 'ActionDispatch::DebugExceptions#call'
web-console (4.2.1) lib/web_console/middleware.rb:132:in 'WebConsole::Middleware#call_app'
web-console (4.2.1) lib/web_console/middleware.rb:28:in 'block in WebConsole::Middleware#call'
web-console (4.2.1) lib/web_console/middleware.rb:17:in 'Kernel#catch'
web-console (4.2.1) lib/web_console/middleware.rb:17:in 'WebConsole::Middleware#call'
actionpack (8.0.2) lib/action_dispatch/middleware/show_exceptions.rb:32:in 'ActionDispatch::ShowExceptions#call'
railties (8.0.2) lib/rails/rack/logger.rb:41:in 'Rails::Rack::Logger#call_app'
railties (8.0.2) lib/rails/rack/logger.rb:29:in 'Rails::Rack::Logger#call'
actionpack (8.0.2) lib/action_dispatch/middleware/remote_ip.rb:96:in 'ActionDispatch::RemoteIp#call'
actionpack (8.0.2) lib/action_dispatch/middleware/request_id.rb:34:in 'ActionDispatch::RequestId#call'
rack (3.1.15) lib/rack/method_override.rb:28:in 'Rack::MethodOverride#call'
rack (3.1.15) lib/rack/runtime.rb:24:in 'Rack::Runtime#call'
actionpack (8.0.2) lib/action_dispatch/middleware/server_timing.rb:61:in 'block in ActionDispatch::ServerTiming#call'
actionpack (8.0.2) lib/action_dispatch/middleware/server_timing.rb:26:in 'ActionDispatch::ServerTiming::Subscriber#collect_events'
actionpack (8.0.2) lib/action_dispatch/middleware/server_timing.rb:60:in 'ActionDispatch::ServerTiming#call'
actionpack (8.0.2) lib/action_dispatch/middleware/executor.rb:16:in 'ActionDispatch::Executor#call'
actionpack (8.0.2) lib/action_dispatch/middleware/static.rb:27:in 'ActionDispatch::Static#call'
rack (3.1.15) lib/rack/sendfile.rb:114:in 'Rack::Sendfile#call'
actionpack (8.0.2) lib/action_dispatch/middleware/host_authorization.rb:143:in 'ActionDispatch::HostAuthorization#call'
railties (8.0.2) lib/rails/engine.rb:535:in 'Rails::Engine#call'
puma (6.6.0) lib/puma/configuration.rb:279:in 'Puma::Configuration::ConfigMiddleware#call'
puma (6.6.0) lib/puma/request.rb:99:in 'block in Puma::Request#handle_request'
puma (6.6.0) lib/puma/thread_pool.rb:390:in 'Puma::ThreadPool#with_force_shutdown'
puma (6.6.0) lib/puma/request.rb:98:in 'Puma::Request#handle_request'
puma (6.6.0) lib/puma/server.rb:472:in 'Puma::Server#process_client'
puma (6.6.0) lib/puma/server.rb:254:in 'block in Puma::Server#run'
puma (6.6.0) lib/puma/thread_pool.rb:167:in 'block in Puma::ThreadPool#spawn_thread'
Started GET "/" for 127.0.0.1 at 2025-06-02 15:07:03 +0300
Processing by Rails::WelcomeController#index as HTML
  Rendering C:/Ruby34-x64/lib/ruby/gems/3.4.0/gems/railties-8.0.2/lib/rails/templates/rails/welcome/index.html.erb
  Rendered C:/Ruby34-x64/lib/ruby/gems/3.4.0/gems/railties-8.0.2/lib/rails/templates/rails/welcome/index.html.erb (Duration: 2.1ms | GC: 0.0ms)
Completed 200 OK in 1444ms (Views: 4.5ms | ActiveRecord: 0.0ms (0 queries, 0 cached) | GC: 0.0ms)


Started GET "/products" for 127.0.0.1 at 2025-06-02 15:07:10 +0300
Processing by ProductsController#index as HTML
Completed 406 Not Acceptable in 1574ms (ActiveRecord: 0.0ms (0 queries, 0 cached) | GC: 0.0ms)


  
ActionController::MissingExactTemplate (ProductsController#index is missing a template for request formats: text/html):
  
actionpack (8.0.2) lib/action_controller/metal/implicit_render.rb:49:in 'ActionController::ImplicitRender#default_render'
actionpack (8.0.2) lib/action_controller/metal/basic_implicit_render.rb:9:in 'ActionController::BasicImplicitRender#send_action'
actionpack (8.0.2) lib/abstract_controller/base.rb:226:in 'AbstractController::Base#process_action'
actionpack (8.0.2) lib/action_controller/metal/rendering.rb:193:in 'ActionController::Rendering#process_action'
actionpack (8.0.2) lib/abstract_controller/callbacks.rb:261:in 'block in AbstractController::Callbacks#process_action'
activesupport (8.0.2) lib/active_support/callbacks.rb:120:in 'block in ActiveSupport::Callbacks#run_callbacks'
turbo-rails (2.0.13) lib/turbo-rails.rb:24:in 'Turbo.with_request_id'
turbo-rails (2.0.13) app/controllers/concerns/turbo/request_id_tracking.rb:10:in 'Turbo::RequestIdTracking#turbo_tracking_request_id'
activesupport (8.0.2) lib/active_support/callbacks.rb:129:in 'block in ActiveSupport::Callbacks#run_callbacks'
actiontext (8.0.2) lib/action_text/rendering.rb:25:in 'ActionText::Rendering::ClassMethods#with_renderer'
actiontext (8.0.2) lib/action_text/engine.rb:71:in 'block (4 levels) in <class:Engine>'
activesupport (8.0.2) lib/active_support/callbacks.rb:129:in 'BasicObject#instance_exec'
activesupport (8.0.2) lib/active_support/callbacks.rb:129:in 'block in ActiveSupport::Callbacks#run_callbacks'
activesupport (8.0.2) lib/active_support/callbacks.rb:140:in 'ActiveSupport::Callbacks#run_callbacks'
actionpack (8.0.2) lib/abstract_controller/callbacks.rb:260:in 'AbstractController::Callbacks#process_action'
actionpack (8.0.2) lib/action_controller/metal/rescue.rb:27:in 'ActionController::Rescue#process_action'
actionpack (8.0.2) lib/action_controller/metal/instrumentation.rb:76:in 'block in ActionController::Instrumentation#process_action'
activesupport (8.0.2) lib/active_support/notifications.rb:210:in 'block in ActiveSupport::Notifications.instrument'
activesupport (8.0.2) lib/active_support/notifications/instrumenter.rb:58:in 'ActiveSupport::Notifications::Instrumenter#instrument'
activesupport (8.0.2) lib/active_support/notifications.rb:210:in 'ActiveSupport::Notifications.instrument'
actionpack (8.0.2) lib/action_controller/metal/instrumentation.rb:75:in 'ActionController::Instrumentation#process_action'
actionpack (8.0.2) lib/action_controller/metal/params_wrapper.rb:259:in 'ActionController::ParamsWrapper#process_action'
activerecord (8.0.2) lib/active_record/railties/controller_runtime.rb:39:in 'ActiveRecord::Railties::ControllerRuntime#process_action'
actionpack (8.0.2) lib/abstract_controller/base.rb:163:in 'AbstractController::Base#process'
actionview (8.0.2) lib/action_view/rendering.rb:40:in 'ActionView::Rendering#process'
actionpack (8.0.2) lib/action_controller/metal.rb:252:in 'ActionController::Metal#dispatch'
actionpack (8.0.2) lib/action_controller/metal.rb:335:in 'ActionController::Metal.dispatch'
actionpack (8.0.2) lib/action_dispatch/routing/route_set.rb:67:in 'ActionDispatch::Routing::RouteSet::Dispatcher#dispatch'
actionpack (8.0.2) lib/action_dispatch/routing/route_set.rb:50:in 'ActionDispatch::Routing::RouteSet::Dispatcher#serve'
actionpack (8.0.2) lib/action_dispatch/journey/router.rb:53:in 'block in ActionDispatch::Journey::Router#serve'
actionpack (8.0.2) lib/action_dispatch/journey/router.rb:133:in 'block in ActionDispatch::Journey::Router#find_routes'
actionpack (8.0.2) lib/action_dispatch/journey/router.rb:126:in 'Array#each'
actionpack (8.0.2) lib/action_dispatch/journey/router.rb:126:in 'ActionDispatch::Journey::Router#find_routes'
actionpack (8.0.2) lib/action_dispatch/journey/router.rb:34:in 'ActionDispatch::Journey::Router#serve'
actionpack (8.0.2) lib/action_dispatch/routing/route_set.rb:908:in 'ActionDispatch::Routing::RouteSet#call'
railties (8.0.2) lib/rails/engine/lazy_route_set.rb:68:in 'Rails::Engine::LazyRouteSet#call'
rack (3.1.15) lib/rack/tempfile_reaper.rb:20:in 'Rack::TempfileReaper#call'
rack (3.1.15) lib/rack/etag.rb:29:in 'Rack::ETag#call'
rack (3.1.15) lib/rack/conditional_get.rb:31:in 'Rack::ConditionalGet#call'
rack (3.1.15) lib/rack/head.rb:15:in 'Rack::Head#call'
actionpack (8.0.2) lib/action_dispatch/http/permissions_policy.rb:38:in 'ActionDispatch::PermissionsPolicy::Middleware#call'
actionpack (8.0.2) lib/action_dispatch/http/content_security_policy.rb:38:in 'ActionDispatch::ContentSecurityPolicy::Middleware#call'
rack-session (2.1.1) lib/rack/session/abstract/id.rb:274:in 'Rack::Session::Abstract::Persisted#context'
rack-session (2.1.1) lib/rack/session/abstract/id.rb:268:in 'Rack::Session::Abstract::Persisted#call'
actionpack (8.0.2) lib/action_dispatch/middleware/cookies.rb:706:in 'ActionDispatch::Cookies#call'
activerecord (8.0.2) lib/active_record/migration.rb:671:in 'ActiveRecord::Migration::CheckPending#call'
actionpack (8.0.2) lib/action_dispatch/middleware/callbacks.rb:31:in 'block in ActionDispatch::Callbacks#call'
activesupport (8.0.2) lib/active_support/callbacks.rb:100:in 'ActiveSupport::Callbacks#run_callbacks'
actionpack (8.0.2) lib/action_dispatch/middleware/callbacks.rb:30:in 'ActionDispatch::Callbacks#call'
actionpack (8.0.2) lib/action_dispatch/middleware/executor.rb:16:in 'ActionDispatch::Executor#call'
actionpack (8.0.2) lib/action_dispatch/middleware/actionable_exceptions.rb:18:in 'ActionDispatch::ActionableExceptions#call'
actionpack (8.0.2) lib/action_dispatch/middleware/debug_exceptions.rb:31:in 'ActionDispatch::DebugExceptions#call'
web-console (4.2.1) lib/web_console/middleware.rb:132:in 'WebConsole::Middleware#call_app'
web-console (4.2.1) lib/web_console/middleware.rb:28:in 'block in WebConsole::Middleware#call'
web-console (4.2.1) lib/web_console/middleware.rb:17:in 'Kernel#catch'
web-console (4.2.1) lib/web_console/middleware.rb:17:in 'WebConsole::Middleware#call'
actionpack (8.0.2) lib/action_dispatch/middleware/show_exceptions.rb:32:in 'ActionDispatch::ShowExceptions#call'
railties (8.0.2) lib/rails/rack/logger.rb:41:in 'Rails::Rack::Logger#call_app'
railties (8.0.2) lib/rails/rack/logger.rb:29:in 'Rails::Rack::Logger#call'
actionpack (8.0.2) lib/action_dispatch/middleware/remote_ip.rb:96:in 'ActionDispatch::RemoteIp#call'
actionpack (8.0.2) lib/action_dispatch/middleware/request_id.rb:34:in 'ActionDispatch::RequestId#call'
rack (3.1.15) lib/rack/method_override.rb:28:in 'Rack::MethodOverride#call'
rack (3.1.15) lib/rack/runtime.rb:24:in 'Rack::Runtime#call'
actionpack (8.0.2) lib/action_dispatch/middleware/server_timing.rb:61:in 'block in ActionDispatch::ServerTiming#call'
actionpack (8.0.2) lib/action_dispatch/middleware/server_timing.rb:26:in 'ActionDispatch::ServerTiming::Subscriber#collect_events'
actionpack (8.0.2) lib/action_dispatch/middleware/server_timing.rb:60:in 'ActionDispatch::ServerTiming#call'
actionpack (8.0.2) lib/action_dispatch/middleware/executor.rb:16:in 'ActionDispatch::Executor#call'
actionpack (8.0.2) lib/action_dispatch/middleware/static.rb:27:in 'ActionDispatch::Static#call'
rack (3.1.15) lib/rack/sendfile.rb:114:in 'Rack::Sendfile#call'
actionpack (8.0.2) lib/action_dispatch/middleware/host_authorization.rb:143:in 'ActionDispatch::HostAuthorization#call'
railties (8.0.2) lib/rails/engine.rb:535:in 'Rails::Engine#call'
puma (6.6.0) lib/puma/configuration.rb:279:in 'Puma::Configuration::ConfigMiddleware#call'
puma (6.6.0) lib/puma/request.rb:99:in 'block in Puma::Request#handle_request'
puma (6.6.0) lib/puma/thread_pool.rb:390:in 'Puma::ThreadPool#with_force_shutdown'
puma (6.6.0) lib/puma/request.rb:98:in 'Puma::Request#handle_request'
puma (6.6.0) lib/puma/server.rb:472:in 'Puma::Server#process_client'
puma (6.6.0) lib/puma/server.rb:254:in 'block in Puma::Server#run'
puma (6.6.0) lib/puma/thread_pool.rb:167:in 'block in Puma::ThreadPool#spawn_thread'
Started GET "/products" for 127.0.0.1 at 2025-06-02 15:11:09 +0300
Processing by ProductsController#index as HTML
Completed 406 Not Acceptable in 1456ms (ActiveRecord: 0.0ms (0 queries, 0 cached) | GC: 0.2ms)


  
ActionController::MissingExactTemplate (ProductsController#index is missing a template for request formats: text/html):
  
actionpack (8.0.2) lib/action_controller/metal/implicit_render.rb:49:in 'ActionController::ImplicitRender#default_render'
actionpack (8.0.2) lib/action_controller/metal/basic_implicit_render.rb:9:in 'ActionController::BasicImplicitRender#send_action'
actionpack (8.0.2) lib/abstract_controller/base.rb:226:in 'AbstractController::Base#process_action'
actionpack (8.0.2) lib/action_controller/metal/rendering.rb:193:in 'ActionController::Rendering#process_action'
actionpack (8.0.2) lib/abstract_controller/callbacks.rb:261:in 'block in AbstractController::Callbacks#process_action'
activesupport (8.0.2) lib/active_support/callbacks.rb:120:in 'block in ActiveSupport::Callbacks#run_callbacks'
turbo-rails (2.0.13) lib/turbo-rails.rb:24:in 'Turbo.with_request_id'
turbo-rails (2.0.13) app/controllers/concerns/turbo/request_id_tracking.rb:10:in 'Turbo::RequestIdTracking#turbo_tracking_request_id'
activesupport (8.0.2) lib/active_support/callbacks.rb:129:in 'block in ActiveSupport::Callbacks#run_callbacks'
actiontext (8.0.2) lib/action_text/rendering.rb:25:in 'ActionText::Rendering::ClassMethods#with_renderer'
actiontext (8.0.2) lib/action_text/engine.rb:71:in 'block (4 levels) in <class:Engine>'
activesupport (8.0.2) lib/active_support/callbacks.rb:129:in 'BasicObject#instance_exec'
activesupport (8.0.2) lib/active_support/callbacks.rb:129:in 'block in ActiveSupport::Callbacks#run_callbacks'
activesupport (8.0.2) lib/active_support/callbacks.rb:140:in 'ActiveSupport::Callbacks#run_callbacks'
actionpack (8.0.2) lib/abstract_controller/callbacks.rb:260:in 'AbstractController::Callbacks#process_action'
actionpack (8.0.2) lib/action_controller/metal/rescue.rb:27:in 'ActionController::Rescue#process_action'
actionpack (8.0.2) lib/action_controller/metal/instrumentation.rb:76:in 'block in ActionController::Instrumentation#process_action'
activesupport (8.0.2) lib/active_support/notifications.rb:210:in 'block in ActiveSupport::Notifications.instrument'
activesupport (8.0.2) lib/active_support/notifications/instrumenter.rb:58:in 'ActiveSupport::Notifications::Instrumenter#instrument'
activesupport (8.0.2) lib/active_support/notifications.rb:210:in 'ActiveSupport::Notifications.instrument'
actionpack (8.0.2) lib/action_controller/metal/instrumentation.rb:75:in 'ActionController::Instrumentation#process_action'
actionpack (8.0.2) lib/action_controller/metal/params_wrapper.rb:259:in 'ActionController::ParamsWrapper#process_action'
activerecord (8.0.2) lib/active_record/railties/controller_runtime.rb:39:in 'ActiveRecord::Railties::ControllerRuntime#process_action'
actionpack (8.0.2) lib/abstract_controller/base.rb:163:in 'AbstractController::Base#process'
actionview (8.0.2) lib/action_view/rendering.rb:40:in 'ActionView::Rendering#process'
actionpack (8.0.2) lib/action_controller/metal.rb:252:in 'ActionController::Metal#dispatch'
actionpack (8.0.2) lib/action_controller/metal.rb:335:in 'ActionController::Metal.dispatch'
actionpack (8.0.2) lib/action_dispatch/routing/route_set.rb:67:in 'ActionDispatch::Routing::RouteSet::Dispatcher#dispatch'
actionpack (8.0.2) lib/action_dispatch/routing/route_set.rb:50:in 'ActionDispatch::Routing::RouteSet::Dispatcher#serve'
actionpack (8.0.2) lib/action_dispatch/journey/router.rb:53:in 'block in ActionDispatch::Journey::Router#serve'
actionpack (8.0.2) lib/action_dispatch/journey/router.rb:133:in 'block in ActionDispatch::Journey::Router#find_routes'
actionpack (8.0.2) lib/action_dispatch/journey/router.rb:126:in 'Array#each'
actionpack (8.0.2) lib/action_dispatch/journey/router.rb:126:in 'ActionDispatch::Journey::Router#find_routes'
actionpack (8.0.2) lib/action_dispatch/journey/router.rb:34:in 'ActionDispatch::Journey::Router#serve'
actionpack (8.0.2) lib/action_dispatch/routing/route_set.rb:908:in 'ActionDispatch::Routing::RouteSet#call'
railties (8.0.2) lib/rails/engine/lazy_route_set.rb:68:in 'Rails::Engine::LazyRouteSet#call'
rack (3.1.15) lib/rack/tempfile_reaper.rb:20:in 'Rack::TempfileReaper#call'
rack (3.1.15) lib/rack/etag.rb:29:in 'Rack::ETag#call'
rack (3.1.15) lib/rack/conditional_get.rb:31:in 'Rack::ConditionalGet#call'
rack (3.1.15) lib/rack/head.rb:15:in 'Rack::Head#call'
actionpack (8.0.2) lib/action_dispatch/http/permissions_policy.rb:38:in 'ActionDispatch::PermissionsPolicy::Middleware#call'
actionpack (8.0.2) lib/action_dispatch/http/content_security_policy.rb:38:in 'ActionDispatch::ContentSecurityPolicy::Middleware#call'
rack-session (2.1.1) lib/rack/session/abstract/id.rb:274:in 'Rack::Session::Abstract::Persisted#context'
rack-session (2.1.1) lib/rack/session/abstract/id.rb:268:in 'Rack::Session::Abstract::Persisted#call'
actionpack (8.0.2) lib/action_dispatch/middleware/cookies.rb:706:in 'ActionDispatch::Cookies#call'
activerecord (8.0.2) lib/active_record/migration.rb:671:in 'ActiveRecord::Migration::CheckPending#call'
actionpack (8.0.2) lib/action_dispatch/middleware/callbacks.rb:31:in 'block in ActionDispatch::Callbacks#call'
activesupport (8.0.2) lib/active_support/callbacks.rb:100:in 'ActiveSupport::Callbacks#run_callbacks'
actionpack (8.0.2) lib/action_dispatch/middleware/callbacks.rb:30:in 'ActionDispatch::Callbacks#call'
actionpack (8.0.2) lib/action_dispatch/middleware/executor.rb:16:in 'ActionDispatch::Executor#call'
actionpack (8.0.2) lib/action_dispatch/middleware/actionable_exceptions.rb:18:in 'ActionDispatch::ActionableExceptions#call'
actionpack (8.0.2) lib/action_dispatch/middleware/debug_exceptions.rb:31:in 'ActionDispatch::DebugExceptions#call'
web-console (4.2.1) lib/web_console/middleware.rb:132:in 'WebConsole::Middleware#call_app'
web-console (4.2.1) lib/web_console/middleware.rb:28:in 'block in WebConsole::Middleware#call'
web-console (4.2.1) lib/web_console/middleware.rb:17:in 'Kernel#catch'
web-console (4.2.1) lib/web_console/middleware.rb:17:in 'WebConsole::Middleware#call'
actionpack (8.0.2) lib/action_dispatch/middleware/show_exceptions.rb:32:in 'ActionDispatch::ShowExceptions#call'
railties (8.0.2) lib/rails/rack/logger.rb:41:in 'Rails::Rack::Logger#call_app'
railties (8.0.2) lib/rails/rack/logger.rb:29:in 'Rails::Rack::Logger#call'
actionpack (8.0.2) lib/action_dispatch/middleware/remote_ip.rb:96:in 'ActionDispatch::RemoteIp#call'
actionpack (8.0.2) lib/action_dispatch/middleware/request_id.rb:34:in 'ActionDispatch::RequestId#call'
rack (3.1.15) lib/rack/method_override.rb:28:in 'Rack::MethodOverride#call'
rack (3.1.15) lib/rack/runtime.rb:24:in 'Rack::Runtime#call'
actionpack (8.0.2) lib/action_dispatch/middleware/server_timing.rb:61:in 'block in ActionDispatch::ServerTiming#call'
actionpack (8.0.2) lib/action_dispatch/middleware/server_timing.rb:26:in 'ActionDispatch::ServerTiming::Subscriber#collect_events'
actionpack (8.0.2) lib/action_dispatch/middleware/server_timing.rb:60:in 'ActionDispatch::ServerTiming#call'
actionpack (8.0.2) lib/action_dispatch/middleware/executor.rb:16:in 'ActionDispatch::Executor#call'
actionpack (8.0.2) lib/action_dispatch/middleware/static.rb:27:in 'ActionDispatch::Static#call'
rack (3.1.15) lib/rack/sendfile.rb:114:in 'Rack::Sendfile#call'
actionpack (8.0.2) lib/action_dispatch/middleware/host_authorization.rb:143:in 'ActionDispatch::HostAuthorization#call'
railties (8.0.2) lib/rails/engine.rb:535:in 'Rails::Engine#call'
puma (6.6.0) lib/puma/configuration.rb:279:in 'Puma::Configuration::ConfigMiddleware#call'
puma (6.6.0) lib/puma/request.rb:99:in 'block in Puma::Request#handle_request'
puma (6.6.0) lib/puma/thread_pool.rb:390:in 'Puma::ThreadPool#with_force_shutdown'
puma (6.6.0) lib/puma/request.rb:98:in 'Puma::Request#handle_request'
puma (6.6.0) lib/puma/server.rb:472:in 'Puma::Server#process_client'
puma (6.6.0) lib/puma/server.rb:254:in 'block in Puma::Server#run'
puma (6.6.0) lib/puma/thread_pool.rb:167:in 'block in Puma::ThreadPool#spawn_thread'
Started GET "/products" for 127.0.0.1 at 2025-06-02 15:11:13 +0300
Processing by ProductsController#index as HTML
Completed 406 Not Acceptable in 1768ms (ActiveRecord: 0.0ms (0 queries, 0 cached) | GC: 0.0ms)


  
ActionController::MissingExactTemplate (ProductsController#index is missing a template for request formats: text/html):
  
actionpack (8.0.2) lib/action_controller/metal/implicit_render.rb:49:in 'ActionController::ImplicitRender#default_render'
actionpack (8.0.2) lib/action_controller/metal/basic_implicit_render.rb:9:in 'ActionController::BasicImplicitRender#send_action'
actionpack (8.0.2) lib/abstract_controller/base.rb:226:in 'AbstractController::Base#process_action'
actionpack (8.0.2) lib/action_controller/metal/rendering.rb:193:in 'ActionController::Rendering#process_action'
actionpack (8.0.2) lib/abstract_controller/callbacks.rb:261:in 'block in AbstractController::Callbacks#process_action'
activesupport (8.0.2) lib/active_support/callbacks.rb:120:in 'block in ActiveSupport::Callbacks#run_callbacks'
turbo-rails (2.0.13) lib/turbo-rails.rb:24:in 'Turbo.with_request_id'
turbo-rails (2.0.13) app/controllers/concerns/turbo/request_id_tracking.rb:10:in 'Turbo::RequestIdTracking#turbo_tracking_request_id'
activesupport (8.0.2) lib/active_support/callbacks.rb:129:in 'block in ActiveSupport::Callbacks#run_callbacks'
actiontext (8.0.2) lib/action_text/rendering.rb:25:in 'ActionText::Rendering::ClassMethods#with_renderer'
actiontext (8.0.2) lib/action_text/engine.rb:71:in 'block (4 levels) in <class:Engine>'
activesupport (8.0.2) lib/active_support/callbacks.rb:129:in 'BasicObject#instance_exec'
activesupport (8.0.2) lib/active_support/callbacks.rb:129:in 'block in ActiveSupport::Callbacks#run_callbacks'
activesupport (8.0.2) lib/active_support/callbacks.rb:140:in 'ActiveSupport::Callbacks#run_callbacks'
actionpack (8.0.2) lib/abstract_controller/callbacks.rb:260:in 'AbstractController::Callbacks#process_action'
actionpack (8.0.2) lib/action_controller/metal/rescue.rb:27:in 'ActionController::Rescue#process_action'
actionpack (8.0.2) lib/action_controller/metal/instrumentation.rb:76:in 'block in ActionController::Instrumentation#process_action'
activesupport (8.0.2) lib/active_support/notifications.rb:210:in 'block in ActiveSupport::Notifications.instrument'
activesupport (8.0.2) lib/active_support/notifications/instrumenter.rb:58:in 'ActiveSupport::Notifications::Instrumenter#instrument'
activesupport (8.0.2) lib/active_support/notifications.rb:210:in 'ActiveSupport::Notifications.instrument'
actionpack (8.0.2) lib/action_controller/metal/instrumentation.rb:75:in 'ActionController::Instrumentation#process_action'
actionpack (8.0.2) lib/action_controller/metal/params_wrapper.rb:259:in 'ActionController::ParamsWrapper#process_action'
activerecord (8.0.2) lib/active_record/railties/controller_runtime.rb:39:in 'ActiveRecord::Railties::ControllerRuntime#process_action'
actionpack (8.0.2) lib/abstract_controller/base.rb:163:in 'AbstractController::Base#process'
actionview (8.0.2) lib/action_view/rendering.rb:40:in 'ActionView::Rendering#process'
actionpack (8.0.2) lib/action_controller/metal.rb:252:in 'ActionController::Metal#dispatch'
actionpack (8.0.2) lib/action_controller/metal.rb:335:in 'ActionController::Metal.dispatch'
actionpack (8.0.2) lib/action_dispatch/routing/route_set.rb:67:in 'ActionDispatch::Routing::RouteSet::Dispatcher#dispatch'
actionpack (8.0.2) lib/action_dispatch/routing/route_set.rb:50:in 'ActionDispatch::Routing::RouteSet::Dispatcher#serve'
actionpack (8.0.2) lib/action_dispatch/journey/router.rb:53:in 'block in ActionDispatch::Journey::Router#serve'
actionpack (8.0.2) lib/action_dispatch/journey/router.rb:133:in 'block in ActionDispatch::Journey::Router#find_routes'
actionpack (8.0.2) lib/action_dispatch/journey/router.rb:126:in 'Array#each'
actionpack (8.0.2) lib/action_dispatch/journey/router.rb:126:in 'ActionDispatch::Journey::Router#find_routes'
actionpack (8.0.2) lib/action_dispatch/journey/router.rb:34:in 'ActionDispatch::Journey::Router#serve'
actionpack (8.0.2) lib/action_dispatch/routing/route_set.rb:908:in 'ActionDispatch::Routing::RouteSet#call'
railties (8.0.2) lib/rails/engine/lazy_route_set.rb:68:in 'Rails::Engine::LazyRouteSet#call'
rack (3.1.15) lib/rack/tempfile_reaper.rb:20:in 'Rack::TempfileReaper#call'
rack (3.1.15) lib/rack/etag.rb:29:in 'Rack::ETag#call'
rack (3.1.15) lib/rack/conditional_get.rb:31:in 'Rack::ConditionalGet#call'
rack (3.1.15) lib/rack/head.rb:15:in 'Rack::Head#call'
actionpack (8.0.2) lib/action_dispatch/http/permissions_policy.rb:38:in 'ActionDispatch::PermissionsPolicy::Middleware#call'
actionpack (8.0.2) lib/action_dispatch/http/content_security_policy.rb:38:in 'ActionDispatch::ContentSecurityPolicy::Middleware#call'
rack-session (2.1.1) lib/rack/session/abstract/id.rb:274:in 'Rack::Session::Abstract::Persisted#context'
rack-session (2.1.1) lib/rack/session/abstract/id.rb:268:in 'Rack::Session::Abstract::Persisted#call'
actionpack (8.0.2) lib/action_dispatch/middleware/cookies.rb:706:in 'ActionDispatch::Cookies#call'
activerecord (8.0.2) lib/active_record/migration.rb:671:in 'ActiveRecord::Migration::CheckPending#call'
actionpack (8.0.2) lib/action_dispatch/middleware/callbacks.rb:31:in 'block in ActionDispatch::Callbacks#call'
activesupport (8.0.2) lib/active_support/callbacks.rb:100:in 'ActiveSupport::Callbacks#run_callbacks'
actionpack (8.0.2) lib/action_dispatch/middleware/callbacks.rb:30:in 'ActionDispatch::Callbacks#call'
actionpack (8.0.2) lib/action_dispatch/middleware/executor.rb:16:in 'ActionDispatch::Executor#call'
actionpack (8.0.2) lib/action_dispatch/middleware/actionable_exceptions.rb:18:in 'ActionDispatch::ActionableExceptions#call'
actionpack (8.0.2) lib/action_dispatch/middleware/debug_exceptions.rb:31:in 'ActionDispatch::DebugExceptions#call'
web-console (4.2.1) lib/web_console/middleware.rb:132:in 'WebConsole::Middleware#call_app'
web-console (4.2.1) lib/web_console/middleware.rb:28:in 'block in WebConsole::Middleware#call'
web-console (4.2.1) lib/web_console/middleware.rb:17:in 'Kernel#catch'
web-console (4.2.1) lib/web_console/middleware.rb:17:in 'WebConsole::Middleware#call'
actionpack (8.0.2) lib/action_dispatch/middleware/show_exceptions.rb:32:in 'ActionDispatch::ShowExceptions#call'
railties (8.0.2) lib/rails/rack/logger.rb:41:in 'Rails::Rack::Logger#call_app'
railties (8.0.2) lib/rails/rack/logger.rb:29:in 'Rails::Rack::Logger#call'
actionpack (8.0.2) lib/action_dispatch/middleware/remote_ip.rb:96:in 'ActionDispatch::RemoteIp#call'
actionpack (8.0.2) lib/action_dispatch/middleware/request_id.rb:34:in 'ActionDispatch::RequestId#call'
rack (3.1.15) lib/rack/method_override.rb:28:in 'Rack::MethodOverride#call'
rack (3.1.15) lib/rack/runtime.rb:24:in 'Rack::Runtime#call'
actionpack (8.0.2) lib/action_dispatch/middleware/server_timing.rb:61:in 'block in ActionDispatch::ServerTiming#call'
actionpack (8.0.2) lib/action_dispatch/middleware/server_timing.rb:26:in 'ActionDispatch::ServerTiming::Subscriber#collect_events'
actionpack (8.0.2) lib/action_dispatch/middleware/server_timing.rb:60:in 'ActionDispatch::ServerTiming#call'
actionpack (8.0.2) lib/action_dispatch/middleware/executor.rb:16:in 'ActionDispatch::Executor#call'
actionpack (8.0.2) lib/action_dispatch/middleware/static.rb:27:in 'ActionDispatch::Static#call'
rack (3.1.15) lib/rack/sendfile.rb:114:in 'Rack::Sendfile#call'
actionpack (8.0.2) lib/action_dispatch/middleware/host_authorization.rb:143:in 'ActionDispatch::HostAuthorization#call'
railties (8.0.2) lib/rails/engine.rb:535:in 'Rails::Engine#call'
puma (6.6.0) lib/puma/configuration.rb:279:in 'Puma::Configuration::ConfigMiddleware#call'
puma (6.6.0) lib/puma/request.rb:99:in 'block in Puma::Request#handle_request'
puma (6.6.0) lib/puma/thread_pool.rb:390:in 'Puma::ThreadPool#with_force_shutdown'
puma (6.6.0) lib/puma/request.rb:98:in 'Puma::Request#handle_request'
puma (6.6.0) lib/puma/server.rb:472:in 'Puma::Server#process_client'
puma (6.6.0) lib/puma/server.rb:254:in 'block in Puma::Server#run'
puma (6.6.0) lib/puma/thread_pool.rb:167:in 'block in Puma::ThreadPool#spawn_thread'
Started GET "/products" for 127.0.0.1 at 2025-06-02 15:11:47 +0300
Processing by ProductsController#index as HTML
Started GET "/products" for 127.0.0.1 at 2025-06-02 15:11:48 +0300
Completed 406 Not Acceptable in 1456ms (ActiveRecord: 0.0ms (0 queries, 0 cached) | GC: 0.0ms)


  
ActionController::MissingExactTemplate (ProductsController#index is missing a template for request formats: text/html):
  
actionpack (8.0.2) lib/action_controller/metal/implicit_render.rb:49:in 'ActionController::ImplicitRender#default_render'
actionpack (8.0.2) lib/action_controller/metal/basic_implicit_render.rb:9:in 'ActionController::BasicImplicitRender#send_action'
actionpack (8.0.2) lib/abstract_controller/base.rb:226:in 'AbstractController::Base#process_action'
actionpack (8.0.2) lib/action_controller/metal/rendering.rb:193:in 'ActionController::Rendering#process_action'
actionpack (8.0.2) lib/abstract_controller/callbacks.rb:261:in 'block in AbstractController::Callbacks#process_action'
activesupport (8.0.2) lib/active_support/callbacks.rb:120:in 'block in ActiveSupport::Callbacks#run_callbacks'
turbo-rails (2.0.13) lib/turbo-rails.rb:24:in 'Turbo.with_request_id'
turbo-rails (2.0.13) app/controllers/concerns/turbo/request_id_tracking.rb:10:in 'Turbo::RequestIdTracking#turbo_tracking_request_id'
activesupport (8.0.2) lib/active_support/callbacks.rb:129:in 'block in ActiveSupport::Callbacks#run_callbacks'
actiontext (8.0.2) lib/action_text/rendering.rb:25:in 'ActionText::Rendering::ClassMethods#with_renderer'
actiontext (8.0.2) lib/action_text/engine.rb:71:in 'block (4 levels) in <class:Engine>'
activesupport (8.0.2) lib/active_support/callbacks.rb:129:in 'BasicObject#instance_exec'
activesupport (8.0.2) lib/active_support/callbacks.rb:129:in 'block in ActiveSupport::Callbacks#run_callbacks'
activesupport (8.0.2) lib/active_support/callbacks.rb:140:in 'ActiveSupport::Callbacks#run_callbacks'
actionpack (8.0.2) lib/abstract_controller/callbacks.rb:260:in 'AbstractController::Callbacks#process_action'
actionpack (8.0.2) lib/action_controller/metal/rescue.rb:27:in 'ActionController::Rescue#process_action'
actionpack (8.0.2) lib/action_controller/metal/instrumentation.rb:76:in 'block in ActionController::Instrumentation#process_action'
activesupport (8.0.2) lib/active_support/notifications.rb:210:in 'block in ActiveSupport::Notifications.instrument'
activesupport (8.0.2) lib/active_support/notifications/instrumenter.rb:58:in 'ActiveSupport::Notifications::Instrumenter#instrument'
activesupport (8.0.2) lib/active_support/notifications.rb:210:in 'ActiveSupport::Notifications.instrument'
actionpack (8.0.2) lib/action_controller/metal/instrumentation.rb:75:in 'ActionController::Instrumentation#process_action'
actionpack (8.0.2) lib/action_controller/metal/params_wrapper.rb:259:in 'ActionController::ParamsWrapper#process_action'
activerecord (8.0.2) lib/active_record/railties/controller_runtime.rb:39:in 'ActiveRecord::Railties::ControllerRuntime#process_action'
actionpack (8.0.2) lib/abstract_controller/base.rb:163:in 'AbstractController::Base#process'
actionview (8.0.2) lib/action_view/rendering.rb:40:in 'ActionView::Rendering#process'
actionpack (8.0.2) lib/action_controller/metal.rb:252:in 'ActionController::Metal#dispatch'
actionpack (8.0.2) lib/action_controller/metal.rb:335:in 'ActionController::Metal.dispatch'
actionpack (8.0.2) lib/action_dispatch/routing/route_set.rb:67:in 'ActionDispatch::Routing::RouteSet::Dispatcher#dispatch'
actionpack (8.0.2) lib/action_dispatch/routing/route_set.rb:50:in 'ActionDispatch::Routing::RouteSet::Dispatcher#serve'
actionpack (8.0.2) lib/action_dispatch/journey/router.rb:53:in 'block in ActionDispatch::Journey::Router#serve'
actionpack (8.0.2) lib/action_dispatch/journey/router.rb:133:in 'block in ActionDispatch::Journey::Router#find_routes'
actionpack (8.0.2) lib/action_dispatch/journey/router.rb:126:in 'Array#each'
actionpack (8.0.2) lib/action_dispatch/journey/router.rb:126:in 'ActionDispatch::Journey::Router#find_routes'
actionpack (8.0.2) lib/action_dispatch/journey/router.rb:34:in 'ActionDispatch::Journey::Router#serve'
actionpack (8.0.2) lib/action_dispatch/routing/route_set.rb:908:in 'ActionDispatch::Routing::RouteSet#call'
railties (8.0.2) lib/rails/engine/lazy_route_set.rb:68:in 'Rails::Engine::LazyRouteSet#call'
rack (3.1.15) lib/rack/tempfile_reaper.rb:20:in 'Rack::TempfileReaper#call'
rack (3.1.15) lib/rack/etag.rb:29:in 'Rack::ETag#call'
rack (3.1.15) lib/rack/conditional_get.rb:31:in 'Rack::ConditionalGet#call'
rack (3.1.15) lib/rack/head.rb:15:in 'Rack::Head#call'
actionpack (8.0.2) lib/action_dispatch/http/permissions_policy.rb:38:in 'ActionDispatch::PermissionsPolicy::Middleware#call'
actionpack (8.0.2) lib/action_dispatch/http/content_security_policy.rb:38:in 'ActionDispatch::ContentSecurityPolicy::Middleware#call'
rack-session (2.1.1) lib/rack/session/abstract/id.rb:274:in 'Rack::Session::Abstract::Persisted#context'
rack-session (2.1.1) lib/rack/session/abstract/id.rb:268:in 'Rack::Session::Abstract::Persisted#call'
actionpack (8.0.2) lib/action_dispatch/middleware/cookies.rb:706:in 'ActionDispatch::Cookies#call'
activerecord (8.0.2) lib/active_record/migration.rb:671:in 'ActiveRecord::Migration::CheckPending#call'
actionpack (8.0.2) lib/action_dispatch/middleware/callbacks.rb:31:in 'block in ActionDispatch::Callbacks#call'
activesupport (8.0.2) lib/active_support/callbacks.rb:100:in 'ActiveSupport::Callbacks#run_callbacks'
actionpack (8.0.2) lib/action_dispatch/middleware/callbacks.rb:30:in 'ActionDispatch::Callbacks#call'
actionpack (8.0.2) lib/action_dispatch/middleware/executor.rb:16:in 'ActionDispatch::Executor#call'
actionpack (8.0.2) lib/action_dispatch/middleware/actionable_exceptions.rb:18:in 'ActionDispatch::ActionableExceptions#call'
actionpack (8.0.2) lib/action_dispatch/middleware/debug_exceptions.rb:31:in 'ActionDispatch::DebugExceptions#call'
web-console (4.2.1) lib/web_console/middleware.rb:132:in 'WebConsole::Middleware#call_app'
web-console (4.2.1) lib/web_console/middleware.rb:28:in 'block in WebConsole::Middleware#call'
web-console (4.2.1) lib/web_console/middleware.rb:17:in 'Kernel#catch'
web-console (4.2.1) lib/web_console/middleware.rb:17:in 'WebConsole::Middleware#call'
actionpack (8.0.2) lib/action_dispatch/middleware/show_exceptions.rb:32:in 'ActionDispatch::ShowExceptions#call'
railties (8.0.2) lib/rails/rack/logger.rb:41:in 'Rails::Rack::Logger#call_app'
railties (8.0.2) lib/rails/rack/logger.rb:29:in 'Rails::Rack::Logger#call'
actionpack (8.0.2) lib/action_dispatch/middleware/remote_ip.rb:96:in 'ActionDispatch::RemoteIp#call'
actionpack (8.0.2) lib/action_dispatch/middleware/request_id.rb:34:in 'ActionDispatch::RequestId#call'
rack (3.1.15) lib/rack/method_override.rb:28:in 'Rack::MethodOverride#call'
rack (3.1.15) lib/rack/runtime.rb:24:in 'Rack::Runtime#call'
actionpack (8.0.2) lib/action_dispatch/middleware/server_timing.rb:61:in 'block in ActionDispatch::ServerTiming#call'
actionpack (8.0.2) lib/action_dispatch/middleware/server_timing.rb:26:in 'ActionDispatch::ServerTiming::Subscriber#collect_events'
actionpack (8.0.2) lib/action_dispatch/middleware/server_timing.rb:60:in 'ActionDispatch::ServerTiming#call'
actionpack (8.0.2) lib/action_dispatch/middleware/executor.rb:16:in 'ActionDispatch::Executor#call'
actionpack (8.0.2) lib/action_dispatch/middleware/static.rb:27:in 'ActionDispatch::Static#call'
rack (3.1.15) lib/rack/sendfile.rb:114:in 'Rack::Sendfile#call'
actionpack (8.0.2) lib/action_dispatch/middleware/host_authorization.rb:143:in 'ActionDispatch::HostAuthorization#call'
railties (8.0.2) lib/rails/engine.rb:535:in 'Rails::Engine#call'
puma (6.6.0) lib/puma/configuration.rb:279:in 'Puma::Configuration::ConfigMiddleware#call'
puma (6.6.0) lib/puma/request.rb:99:in 'block in Puma::Request#handle_request'
puma (6.6.0) lib/puma/thread_pool.rb:390:in 'Puma::ThreadPool#with_force_shutdown'
puma (6.6.0) lib/puma/request.rb:98:in 'Puma::Request#handle_request'
puma (6.6.0) lib/puma/server.rb:472:in 'Puma::Server#process_client'
puma (6.6.0) lib/puma/server.rb:254:in 'block in Puma::Server#run'
puma (6.6.0) lib/puma/thread_pool.rb:167:in 'block in Puma::ThreadPool#spawn_thread'
Processing by ProductsController#index as HTML
Completed 406 Not Acceptable in 1608ms (ActiveRecord: 0.0ms (0 queries, 0 cached) | GC: 0.0ms)


  
ActionController::MissingExactTemplate (ProductsController#index is missing a template for request formats: text/html):
  
actionpack (8.0.2) lib/action_controller/metal/implicit_render.rb:49:in 'ActionController::ImplicitRender#default_render'
actionpack (8.0.2) lib/action_controller/metal/basic_implicit_render.rb:9:in 'ActionController::BasicImplicitRender#send_action'
actionpack (8.0.2) lib/abstract_controller/base.rb:226:in 'AbstractController::Base#process_action'
actionpack (8.0.2) lib/action_controller/metal/rendering.rb:193:in 'ActionController::Rendering#process_action'
actionpack (8.0.2) lib/abstract_controller/callbacks.rb:261:in 'block in AbstractController::Callbacks#process_action'
activesupport (8.0.2) lib/active_support/callbacks.rb:120:in 'block in ActiveSupport::Callbacks#run_callbacks'
turbo-rails (2.0.13) lib/turbo-rails.rb:24:in 'Turbo.with_request_id'
turbo-rails (2.0.13) app/controllers/concerns/turbo/request_id_tracking.rb:10:in 'Turbo::RequestIdTracking#turbo_tracking_request_id'
activesupport (8.0.2) lib/active_support/callbacks.rb:129:in 'block in ActiveSupport::Callbacks#run_callbacks'
actiontext (8.0.2) lib/action_text/rendering.rb:25:in 'ActionText::Rendering::ClassMethods#with_renderer'
actiontext (8.0.2) lib/action_text/engine.rb:71:in 'block (4 levels) in <class:Engine>'
activesupport (8.0.2) lib/active_support/callbacks.rb:129:in 'BasicObject#instance_exec'
activesupport (8.0.2) lib/active_support/callbacks.rb:129:in 'block in ActiveSupport::Callbacks#run_callbacks'
activesupport (8.0.2) lib/active_support/callbacks.rb:140:in 'ActiveSupport::Callbacks#run_callbacks'
actionpack (8.0.2) lib/abstract_controller/callbacks.rb:260:in 'AbstractController::Callbacks#process_action'
actionpack (8.0.2) lib/action_controller/metal/rescue.rb:27:in 'ActionController::Rescue#process_action'
actionpack (8.0.2) lib/action_controller/metal/instrumentation.rb:76:in 'block in ActionController::Instrumentation#process_action'
activesupport (8.0.2) lib/active_support/notifications.rb:210:in 'block in ActiveSupport::Notifications.instrument'
activesupport (8.0.2) lib/active_support/notifications/instrumenter.rb:58:in 'ActiveSupport::Notifications::Instrumenter#instrument'
activesupport (8.0.2) lib/active_support/notifications.rb:210:in 'ActiveSupport::Notifications.instrument'
actionpack (8.0.2) lib/action_controller/metal/instrumentation.rb:75:in 'ActionController::Instrumentation#process_action'
actionpack (8.0.2) lib/action_controller/metal/params_wrapper.rb:259:in 'ActionController::ParamsWrapper#process_action'
activerecord (8.0.2) lib/active_record/railties/controller_runtime.rb:39:in 'ActiveRecord::Railties::ControllerRuntime#process_action'
actionpack (8.0.2) lib/abstract_controller/base.rb:163:in 'AbstractController::Base#process'
actionview (8.0.2) lib/action_view/rendering.rb:40:in 'ActionView::Rendering#process'
actionpack (8.0.2) lib/action_controller/metal.rb:252:in 'ActionController::Metal#dispatch'
actionpack (8.0.2) lib/action_controller/metal.rb:335:in 'ActionController::Metal.dispatch'
actionpack (8.0.2) lib/action_dispatch/routing/route_set.rb:67:in 'ActionDispatch::Routing::RouteSet::Dispatcher#dispatch'
actionpack (8.0.2) lib/action_dispatch/routing/route_set.rb:50:in 'ActionDispatch::Routing::RouteSet::Dispatcher#serve'
actionpack (8.0.2) lib/action_dispatch/journey/router.rb:53:in 'block in ActionDispatch::Journey::Router#serve'
actionpack (8.0.2) lib/action_dispatch/journey/router.rb:133:in 'block in ActionDispatch::Journey::Router#find_routes'
actionpack (8.0.2) lib/action_dispatch/journey/router.rb:126:in 'Array#each'
actionpack (8.0.2) lib/action_dispatch/journey/router.rb:126:in 'ActionDispatch::Journey::Router#find_routes'
actionpack (8.0.2) lib/action_dispatch/journey/router.rb:34:in 'ActionDispatch::Journey::Router#serve'
actionpack (8.0.2) lib/action_dispatch/routing/route_set.rb:908:in 'ActionDispatch::Routing::RouteSet#call'
railties (8.0.2) lib/rails/engine/lazy_route_set.rb:68:in 'Rails::Engine::LazyRouteSet#call'
rack (3.1.15) lib/rack/tempfile_reaper.rb:20:in 'Rack::TempfileReaper#call'
rack (3.1.15) lib/rack/etag.rb:29:in 'Rack::ETag#call'
rack (3.1.15) lib/rack/conditional_get.rb:31:in 'Rack::ConditionalGet#call'
rack (3.1.15) lib/rack/head.rb:15:in 'Rack::Head#call'
actionpack (8.0.2) lib/action_dispatch/http/permissions_policy.rb:38:in 'ActionDispatch::PermissionsPolicy::Middleware#call'
actionpack (8.0.2) lib/action_dispatch/http/content_security_policy.rb:38:in 'ActionDispatch::ContentSecurityPolicy::Middleware#call'
rack-session (2.1.1) lib/rack/session/abstract/id.rb:274:in 'Rack::Session::Abstract::Persisted#context'
rack-session (2.1.1) lib/rack/session/abstract/id.rb:268:in 'Rack::Session::Abstract::Persisted#call'
actionpack (8.0.2) lib/action_dispatch/middleware/cookies.rb:706:in 'ActionDispatch::Cookies#call'
activerecord (8.0.2) lib/active_record/migration.rb:671:in 'ActiveRecord::Migration::CheckPending#call'
actionpack (8.0.2) lib/action_dispatch/middleware/callbacks.rb:31:in 'block in ActionDispatch::Callbacks#call'
activesupport (8.0.2) lib/active_support/callbacks.rb:100:in 'ActiveSupport::Callbacks#run_callbacks'
actionpack (8.0.2) lib/action_dispatch/middleware/callbacks.rb:30:in 'ActionDispatch::Callbacks#call'
actionpack (8.0.2) lib/action_dispatch/middleware/executor.rb:16:in 'ActionDispatch::Executor#call'
actionpack (8.0.2) lib/action_dispatch/middleware/actionable_exceptions.rb:18:in 'ActionDispatch::ActionableExceptions#call'
actionpack (8.0.2) lib/action_dispatch/middleware/debug_exceptions.rb:31:in 'ActionDispatch::DebugExceptions#call'
web-console (4.2.1) lib/web_console/middleware.rb:132:in 'WebConsole::Middleware#call_app'
web-console (4.2.1) lib/web_console/middleware.rb:28:in 'block in WebConsole::Middleware#call'
web-console (4.2.1) lib/web_console/middleware.rb:17:in 'Kernel#catch'
web-console (4.2.1) lib/web_console/middleware.rb:17:in 'WebConsole::Middleware#call'
actionpack (8.0.2) lib/action_dispatch/middleware/show_exceptions.rb:32:in 'ActionDispatch::ShowExceptions#call'
railties (8.0.2) lib/rails/rack/logger.rb:41:in 'Rails::Rack::Logger#call_app'
railties (8.0.2) lib/rails/rack/logger.rb:29:in 'Rails::Rack::Logger#call'
actionpack (8.0.2) lib/action_dispatch/middleware/remote_ip.rb:96:in 'ActionDispatch::RemoteIp#call'
actionpack (8.0.2) lib/action_dispatch/middleware/request_id.rb:34:in 'ActionDispatch::RequestId#call'
rack (3.1.15) lib/rack/method_override.rb:28:in 'Rack::MethodOverride#call'
rack (3.1.15) lib/rack/runtime.rb:24:in 'Rack::Runtime#call'
actionpack (8.0.2) lib/action_dispatch/middleware/server_timing.rb:61:in 'block in ActionDispatch::ServerTiming#call'
actionpack (8.0.2) lib/action_dispatch/middleware/server_timing.rb:26:in 'ActionDispatch::ServerTiming::Subscriber#collect_events'
actionpack (8.0.2) lib/action_dispatch/middleware/server_timing.rb:60:in 'ActionDispatch::ServerTiming#call'
actionpack (8.0.2) lib/action_dispatch/middleware/executor.rb:16:in 'ActionDispatch::Executor#call'
actionpack (8.0.2) lib/action_dispatch/middleware/static.rb:27:in 'ActionDispatch::Static#call'
rack (3.1.15) lib/rack/sendfile.rb:114:in 'Rack::Sendfile#call'
actionpack (8.0.2) lib/action_dispatch/middleware/host_authorization.rb:143:in 'ActionDispatch::HostAuthorization#call'
railties (8.0.2) lib/rails/engine.rb:535:in 'Rails::Engine#call'
puma (6.6.0) lib/puma/configuration.rb:279:in 'Puma::Configuration::ConfigMiddleware#call'
puma (6.6.0) lib/puma/request.rb:99:in 'block in Puma::Request#handle_request'
puma (6.6.0) lib/puma/thread_pool.rb:390:in 'Puma::ThreadPool#with_force_shutdown'
puma (6.6.0) lib/puma/request.rb:98:in 'Puma::Request#handle_request'
puma (6.6.0) lib/puma/server.rb:472:in 'Puma::Server#process_client'
puma (6.6.0) lib/puma/server.rb:254:in 'block in Puma::Server#run'
puma (6.6.0) lib/puma/thread_pool.rb:167:in 'block in Puma::ThreadPool#spawn_thread'
Started GET "/" for 127.0.0.1 at 2025-06-02 15:16:25 +0300
Processing by Rails::WelcomeController#index as HTML
  Rendering C:/Ruby34-x64/lib/ruby/gems/3.4.0/gems/railties-8.0.2/lib/rails/templates/rails/welcome/index.html.erb
  Rendered C:/Ruby34-x64/lib/ruby/gems/3.4.0/gems/railties-8.0.2/lib/rails/templates/rails/welcome/index.html.erb (Duration: 1.8ms | GC: 0.0ms)
Completed 200 OK in 1507ms (Views: 4.7ms | ActiveRecord: 0.0ms (0 queries, 0 cached) | GC: 0.0ms)


Started GET "/products" for 127.0.0.1 at 2025-06-02 15:16:36 +0300
Processing by ProductsController#index as HTML
Completed 406 Not Acceptable in 1750ms (ActiveRecord: 0.0ms (0 queries, 0 cached) | GC: 0.0ms)


  
ActionController::MissingExactTemplate (ProductsController#index is missing a template for request formats: text/html):
  
actionpack (8.0.2) lib/action_controller/metal/implicit_render.rb:49:in 'ActionController::ImplicitRender#default_render'
actionpack (8.0.2) lib/action_controller/metal/basic_implicit_render.rb:9:in 'ActionController::BasicImplicitRender#send_action'
actionpack (8.0.2) lib/abstract_controller/base.rb:226:in 'AbstractController::Base#process_action'
actionpack (8.0.2) lib/action_controller/metal/rendering.rb:193:in 'ActionController::Rendering#process_action'
actionpack (8.0.2) lib/abstract_controller/callbacks.rb:261:in 'block in AbstractController::Callbacks#process_action'
activesupport (8.0.2) lib/active_support/callbacks.rb:120:in 'block in ActiveSupport::Callbacks#run_callbacks'
turbo-rails (2.0.13) lib/turbo-rails.rb:24:in 'Turbo.with_request_id'
turbo-rails (2.0.13) app/controllers/concerns/turbo/request_id_tracking.rb:10:in 'Turbo::RequestIdTracking#turbo_tracking_request_id'
activesupport (8.0.2) lib/active_support/callbacks.rb:129:in 'block in ActiveSupport::Callbacks#run_callbacks'
actiontext (8.0.2) lib/action_text/rendering.rb:25:in 'ActionText::Rendering::ClassMethods#with_renderer'
actiontext (8.0.2) lib/action_text/engine.rb:71:in 'block (4 levels) in <class:Engine>'
activesupport (8.0.2) lib/active_support/callbacks.rb:129:in 'BasicObject#instance_exec'
activesupport (8.0.2) lib/active_support/callbacks.rb:129:in 'block in ActiveSupport::Callbacks#run_callbacks'
activesupport (8.0.2) lib/active_support/callbacks.rb:140:in 'ActiveSupport::Callbacks#run_callbacks'
actionpack (8.0.2) lib/abstract_controller/callbacks.rb:260:in 'AbstractController::Callbacks#process_action'
actionpack (8.0.2) lib/action_controller/metal/rescue.rb:27:in 'ActionController::Rescue#process_action'
actionpack (8.0.2) lib/action_controller/metal/instrumentation.rb:76:in 'block in ActionController::Instrumentation#process_action'
activesupport (8.0.2) lib/active_support/notifications.rb:210:in 'block in ActiveSupport::Notifications.instrument'
activesupport (8.0.2) lib/active_support/notifications/instrumenter.rb:58:in 'ActiveSupport::Notifications::Instrumenter#instrument'
activesupport (8.0.2) lib/active_support/notifications.rb:210:in 'ActiveSupport::Notifications.instrument'
actionpack (8.0.2) lib/action_controller/metal/instrumentation.rb:75:in 'ActionController::Instrumentation#process_action'
actionpack (8.0.2) lib/action_controller/metal/params_wrapper.rb:259:in 'ActionController::ParamsWrapper#process_action'
activerecord (8.0.2) lib/active_record/railties/controller_runtime.rb:39:in 'ActiveRecord::Railties::ControllerRuntime#process_action'
actionpack (8.0.2) lib/abstract_controller/base.rb:163:in 'AbstractController::Base#process'
actionview (8.0.2) lib/action_view/rendering.rb:40:in 'ActionView::Rendering#process'
actionpack (8.0.2) lib/action_controller/metal.rb:252:in 'ActionController::Metal#dispatch'
actionpack (8.0.2) lib/action_controller/metal.rb:335:in 'ActionController::Metal.dispatch'
actionpack (8.0.2) lib/action_dispatch/routing/route_set.rb:67:in 'ActionDispatch::Routing::RouteSet::Dispatcher#dispatch'
actionpack (8.0.2) lib/action_dispatch/routing/route_set.rb:50:in 'ActionDispatch::Routing::RouteSet::Dispatcher#serve'
actionpack (8.0.2) lib/action_dispatch/journey/router.rb:53:in 'block in ActionDispatch::Journey::Router#serve'
actionpack (8.0.2) lib/action_dispatch/journey/router.rb:133:in 'block in ActionDispatch::Journey::Router#find_routes'
actionpack (8.0.2) lib/action_dispatch/journey/router.rb:126:in 'Array#each'
actionpack (8.0.2) lib/action_dispatch/journey/router.rb:126:in 'ActionDispatch::Journey::Router#find_routes'
actionpack (8.0.2) lib/action_dispatch/journey/router.rb:34:in 'ActionDispatch::Journey::Router#serve'
actionpack (8.0.2) lib/action_dispatch/routing/route_set.rb:908:in 'ActionDispatch::Routing::RouteSet#call'
railties (8.0.2) lib/rails/engine/lazy_route_set.rb:68:in 'Rails::Engine::LazyRouteSet#call'
rack (3.1.15) lib/rack/tempfile_reaper.rb:20:in 'Rack::TempfileReaper#call'
rack (3.1.15) lib/rack/etag.rb:29:in 'Rack::ETag#call'
rack (3.1.15) lib/rack/conditional_get.rb:31:in 'Rack::ConditionalGet#call'
rack (3.1.15) lib/rack/head.rb:15:in 'Rack::Head#call'
actionpack (8.0.2) lib/action_dispatch/http/permissions_policy.rb:38:in 'ActionDispatch::PermissionsPolicy::Middleware#call'
actionpack (8.0.2) lib/action_dispatch/http/content_security_policy.rb:38:in 'ActionDispatch::ContentSecurityPolicy::Middleware#call'
rack-session (2.1.1) lib/rack/session/abstract/id.rb:274:in 'Rack::Session::Abstract::Persisted#context'
rack-session (2.1.1) lib/rack/session/abstract/id.rb:268:in 'Rack::Session::Abstract::Persisted#call'
actionpack (8.0.2) lib/action_dispatch/middleware/cookies.rb:706:in 'ActionDispatch::Cookies#call'
activerecord (8.0.2) lib/active_record/migration.rb:671:in 'ActiveRecord::Migration::CheckPending#call'
actionpack (8.0.2) lib/action_dispatch/middleware/callbacks.rb:31:in 'block in ActionDispatch::Callbacks#call'
activesupport (8.0.2) lib/active_support/callbacks.rb:100:in 'ActiveSupport::Callbacks#run_callbacks'
actionpack (8.0.2) lib/action_dispatch/middleware/callbacks.rb:30:in 'ActionDispatch::Callbacks#call'
actionpack (8.0.2) lib/action_dispatch/middleware/executor.rb:16:in 'ActionDispatch::Executor#call'
actionpack (8.0.2) lib/action_dispatch/middleware/actionable_exceptions.rb:18:in 'ActionDispatch::ActionableExceptions#call'
actionpack (8.0.2) lib/action_dispatch/middleware/debug_exceptions.rb:31:in 'ActionDispatch::DebugExceptions#call'
web-console (4.2.1) lib/web_console/middleware.rb:132:in 'WebConsole::Middleware#call_app'
web-console (4.2.1) lib/web_console/middleware.rb:28:in 'block in WebConsole::Middleware#call'
web-console (4.2.1) lib/web_console/middleware.rb:17:in 'Kernel#catch'
web-console (4.2.1) lib/web_console/middleware.rb:17:in 'WebConsole::Middleware#call'
actionpack (8.0.2) lib/action_dispatch/middleware/show_exceptions.rb:32:in 'ActionDispatch::ShowExceptions#call'
railties (8.0.2) lib/rails/rack/logger.rb:41:in 'Rails::Rack::Logger#call_app'
railties (8.0.2) lib/rails/rack/logger.rb:29:in 'Rails::Rack::Logger#call'
actionpack (8.0.2) lib/action_dispatch/middleware/remote_ip.rb:96:in 'ActionDispatch::RemoteIp#call'
actionpack (8.0.2) lib/action_dispatch/middleware/request_id.rb:34:in 'ActionDispatch::RequestId#call'
rack (3.1.15) lib/rack/method_override.rb:28:in 'Rack::MethodOverride#call'
rack (3.1.15) lib/rack/runtime.rb:24:in 'Rack::Runtime#call'
actionpack (8.0.2) lib/action_dispatch/middleware/server_timing.rb:61:in 'block in ActionDispatch::ServerTiming#call'
actionpack (8.0.2) lib/action_dispatch/middleware/server_timing.rb:26:in 'ActionDispatch::ServerTiming::Subscriber#collect_events'
actionpack (8.0.2) lib/action_dispatch/middleware/server_timing.rb:60:in 'ActionDispatch::ServerTiming#call'
actionpack (8.0.2) lib/action_dispatch/middleware/executor.rb:16:in 'ActionDispatch::Executor#call'
actionpack (8.0.2) lib/action_dispatch/middleware/static.rb:27:in 'ActionDispatch::Static#call'
rack (3.1.15) lib/rack/sendfile.rb:114:in 'Rack::Sendfile#call'
actionpack (8.0.2) lib/action_dispatch/middleware/host_authorization.rb:143:in 'ActionDispatch::HostAuthorization#call'
railties (8.0.2) lib/rails/engine.rb:535:in 'Rails::Engine#call'
puma (6.6.0) lib/puma/configuration.rb:279:in 'Puma::Configuration::ConfigMiddleware#call'
puma (6.6.0) lib/puma/request.rb:99:in 'block in Puma::Request#handle_request'
puma (6.6.0) lib/puma/thread_pool.rb:390:in 'Puma::ThreadPool#with_force_shutdown'
puma (6.6.0) lib/puma/request.rb:98:in 'Puma::Request#handle_request'
puma (6.6.0) lib/puma/server.rb:472:in 'Puma::Server#process_client'
puma (6.6.0) lib/puma/server.rb:254:in 'block in Puma::Server#run'
puma (6.6.0) lib/puma/thread_pool.rb:167:in 'block in Puma::ThreadPool#spawn_thread'
Started GET "/products" for 127.0.0.1 at 2025-06-02 15:23:28 +0300
Processing by ProductsController#index as HTML
Completed 406 Not Acceptable in 1671ms (ActiveRecord: 0.0ms (0 queries, 0 cached) | GC: 0.0ms)


  
ActionController::MissingExactTemplate (ProductsController#index is missing a template for request formats: text/html):
  
actionpack (8.0.2) lib/action_controller/metal/implicit_render.rb:49:in 'ActionController::ImplicitRender#default_render'
actionpack (8.0.2) lib/action_controller/metal/basic_implicit_render.rb:9:in 'ActionController::BasicImplicitRender#send_action'
actionpack (8.0.2) lib/abstract_controller/base.rb:226:in 'AbstractController::Base#process_action'
actionpack (8.0.2) lib/action_controller/metal/rendering.rb:193:in 'ActionController::Rendering#process_action'
actionpack (8.0.2) lib/abstract_controller/callbacks.rb:261:in 'block in AbstractController::Callbacks#process_action'
activesupport (8.0.2) lib/active_support/callbacks.rb:120:in 'block in ActiveSupport::Callbacks#run_callbacks'
turbo-rails (2.0.13) lib/turbo-rails.rb:24:in 'Turbo.with_request_id'
turbo-rails (2.0.13) app/controllers/concerns/turbo/request_id_tracking.rb:10:in 'Turbo::RequestIdTracking#turbo_tracking_request_id'
activesupport (8.0.2) lib/active_support/callbacks.rb:129:in 'block in ActiveSupport::Callbacks#run_callbacks'
actiontext (8.0.2) lib/action_text/rendering.rb:25:in 'ActionText::Rendering::ClassMethods#with_renderer'
actiontext (8.0.2) lib/action_text/engine.rb:71:in 'block (4 levels) in <class:Engine>'
activesupport (8.0.2) lib/active_support/callbacks.rb:129:in 'BasicObject#instance_exec'
activesupport (8.0.2) lib/active_support/callbacks.rb:129:in 'block in ActiveSupport::Callbacks#run_callbacks'
activesupport (8.0.2) lib/active_support/callbacks.rb:140:in 'ActiveSupport::Callbacks#run_callbacks'
actionpack (8.0.2) lib/abstract_controller/callbacks.rb:260:in 'AbstractController::Callbacks#process_action'
actionpack (8.0.2) lib/action_controller/metal/rescue.rb:27:in 'ActionController::Rescue#process_action'
actionpack (8.0.2) lib/action_controller/metal/instrumentation.rb:76:in 'block in ActionController::Instrumentation#process_action'
activesupport (8.0.2) lib/active_support/notifications.rb:210:in 'block in ActiveSupport::Notifications.instrument'
activesupport (8.0.2) lib/active_support/notifications/instrumenter.rb:58:in 'ActiveSupport::Notifications::Instrumenter#instrument'
activesupport (8.0.2) lib/active_support/notifications.rb:210:in 'ActiveSupport::Notifications.instrument'
actionpack (8.0.2) lib/action_controller/metal/instrumentation.rb:75:in 'ActionController::Instrumentation#process_action'
actionpack (8.0.2) lib/action_controller/metal/params_wrapper.rb:259:in 'ActionController::ParamsWrapper#process_action'
activerecord (8.0.2) lib/active_record/railties/controller_runtime.rb:39:in 'ActiveRecord::Railties::ControllerRuntime#process_action'
actionpack (8.0.2) lib/abstract_controller/base.rb:163:in 'AbstractController::Base#process'
actionview (8.0.2) lib/action_view/rendering.rb:40:in 'ActionView::Rendering#process'
actionpack (8.0.2) lib/action_controller/metal.rb:252:in 'ActionController::Metal#dispatch'
actionpack (8.0.2) lib/action_controller/metal.rb:335:in 'ActionController::Metal.dispatch'
actionpack (8.0.2) lib/action_dispatch/routing/route_set.rb:67:in 'ActionDispatch::Routing::RouteSet::Dispatcher#dispatch'
actionpack (8.0.2) lib/action_dispatch/routing/route_set.rb:50:in 'ActionDispatch::Routing::RouteSet::Dispatcher#serve'
actionpack (8.0.2) lib/action_dispatch/journey/router.rb:53:in 'block in ActionDispatch::Journey::Router#serve'
actionpack (8.0.2) lib/action_dispatch/journey/router.rb:133:in 'block in ActionDispatch::Journey::Router#find_routes'
actionpack (8.0.2) lib/action_dispatch/journey/router.rb:126:in 'Array#each'
actionpack (8.0.2) lib/action_dispatch/journey/router.rb:126:in 'ActionDispatch::Journey::Router#find_routes'
actionpack (8.0.2) lib/action_dispatch/journey/router.rb:34:in 'ActionDispatch::Journey::Router#serve'
actionpack (8.0.2) lib/action_dispatch/routing/route_set.rb:908:in 'ActionDispatch::Routing::RouteSet#call'
railties (8.0.2) lib/rails/engine/lazy_route_set.rb:68:in 'Rails::Engine::LazyRouteSet#call'
rack (3.1.15) lib/rack/tempfile_reaper.rb:20:in 'Rack::TempfileReaper#call'
rack (3.1.15) lib/rack/etag.rb:29:in 'Rack::ETag#call'
rack (3.1.15) lib/rack/conditional_get.rb:31:in 'Rack::ConditionalGet#call'
rack (3.1.15) lib/rack/head.rb:15:in 'Rack::Head#call'
actionpack (8.0.2) lib/action_dispatch/http/permissions_policy.rb:38:in 'ActionDispatch::PermissionsPolicy::Middleware#call'
actionpack (8.0.2) lib/action_dispatch/http/content_security_policy.rb:38:in 'ActionDispatch::ContentSecurityPolicy::Middleware#call'
rack-session (2.1.1) lib/rack/session/abstract/id.rb:274:in 'Rack::Session::Abstract::Persisted#context'
rack-session (2.1.1) lib/rack/session/abstract/id.rb:268:in 'Rack::Session::Abstract::Persisted#call'
actionpack (8.0.2) lib/action_dispatch/middleware/cookies.rb:706:in 'ActionDispatch::Cookies#call'
activerecord (8.0.2) lib/active_record/migration.rb:671:in 'ActiveRecord::Migration::CheckPending#call'
actionpack (8.0.2) lib/action_dispatch/middleware/callbacks.rb:31:in 'block in ActionDispatch::Callbacks#call'
activesupport (8.0.2) lib/active_support/callbacks.rb:100:in 'ActiveSupport::Callbacks#run_callbacks'
actionpack (8.0.2) lib/action_dispatch/middleware/callbacks.rb:30:in 'ActionDispatch::Callbacks#call'
actionpack (8.0.2) lib/action_dispatch/middleware/executor.rb:16:in 'ActionDispatch::Executor#call'
actionpack (8.0.2) lib/action_dispatch/middleware/actionable_exceptions.rb:18:in 'ActionDispatch::ActionableExceptions#call'
actionpack (8.0.2) lib/action_dispatch/middleware/debug_exceptions.rb:31:in 'ActionDispatch::DebugExceptions#call'
web-console (4.2.1) lib/web_console/middleware.rb:132:in 'WebConsole::Middleware#call_app'
web-console (4.2.1) lib/web_console/middleware.rb:28:in 'block in WebConsole::Middleware#call'
web-console (4.2.1) lib/web_console/middleware.rb:17:in 'Kernel#catch'
web-console (4.2.1) lib/web_console/middleware.rb:17:in 'WebConsole::Middleware#call'
actionpack (8.0.2) lib/action_dispatch/middleware/show_exceptions.rb:32:in 'ActionDispatch::ShowExceptions#call'
railties (8.0.2) lib/rails/rack/logger.rb:41:in 'Rails::Rack::Logger#call_app'
railties (8.0.2) lib/rails/rack/logger.rb:29:in 'Rails::Rack::Logger#call'
actionpack (8.0.2) lib/action_dispatch/middleware/remote_ip.rb:96:in 'ActionDispatch::RemoteIp#call'
actionpack (8.0.2) lib/action_dispatch/middleware/request_id.rb:34:in 'ActionDispatch::RequestId#call'
rack (3.1.15) lib/rack/method_override.rb:28:in 'Rack::MethodOverride#call'
rack (3.1.15) lib/rack/runtime.rb:24:in 'Rack::Runtime#call'
actionpack (8.0.2) lib/action_dispatch/middleware/server_timing.rb:61:in 'block in ActionDispatch::ServerTiming#call'
actionpack (8.0.2) lib/action_dispatch/middleware/server_timing.rb:26:in 'ActionDispatch::ServerTiming::Subscriber#collect_events'
actionpack (8.0.2) lib/action_dispatch/middleware/server_timing.rb:60:in 'ActionDispatch::ServerTiming#call'
actionpack (8.0.2) lib/action_dispatch/middleware/executor.rb:16:in 'ActionDispatch::Executor#call'
actionpack (8.0.2) lib/action_dispatch/middleware/static.rb:27:in 'ActionDispatch::Static#call'
rack (3.1.15) lib/rack/sendfile.rb:114:in 'Rack::Sendfile#call'
actionpack (8.0.2) lib/action_dispatch/middleware/host_authorization.rb:143:in 'ActionDispatch::HostAuthorization#call'
railties (8.0.2) lib/rails/engine.rb:535:in 'Rails::Engine#call'
puma (6.6.0) lib/puma/configuration.rb:279:in 'Puma::Configuration::ConfigMiddleware#call'
puma (6.6.0) lib/puma/request.rb:99:in 'block in Puma::Request#handle_request'
puma (6.6.0) lib/puma/thread_pool.rb:390:in 'Puma::ThreadPool#with_force_shutdown'
puma (6.6.0) lib/puma/request.rb:98:in 'Puma::Request#handle_request'
puma (6.6.0) lib/puma/server.rb:472:in 'Puma::Server#process_client'
puma (6.6.0) lib/puma/server.rb:254:in 'block in Puma::Server#run'
puma (6.6.0) lib/puma/thread_pool.rb:167:in 'block in Puma::ThreadPool#spawn_thread'
Started GET "/products" for 127.0.0.1 at 2025-06-02 15:25:02 +0300
Processing by ProductsController#index as HTML
Completed 406 Not Acceptable in 636ms (ActiveRecord: 0.0ms (0 queries, 0 cached) | GC: 0.0ms)


  
ActionController::MissingExactTemplate (ProductsController#index is missing a template for request formats: text/html):
  
actionpack (8.0.2) lib/action_controller/metal/implicit_render.rb:49:in 'ActionController::ImplicitRender#default_render'
actionpack (8.0.2) lib/action_controller/metal/basic_implicit_render.rb:9:in 'ActionController::BasicImplicitRender#send_action'
actionpack (8.0.2) lib/abstract_controller/base.rb:226:in 'AbstractController::Base#process_action'
actionpack (8.0.2) lib/action_controller/metal/rendering.rb:193:in 'ActionController::Rendering#process_action'
actionpack (8.0.2) lib/abstract_controller/callbacks.rb:261:in 'block in AbstractController::Callbacks#process_action'
activesupport (8.0.2) lib/active_support/callbacks.rb:120:in 'block in ActiveSupport::Callbacks#run_callbacks'
turbo-rails (2.0.13) lib/turbo-rails.rb:24:in 'Turbo.with_request_id'
turbo-rails (2.0.13) app/controllers/concerns/turbo/request_id_tracking.rb:10:in 'Turbo::RequestIdTracking#turbo_tracking_request_id'
activesupport (8.0.2) lib/active_support/callbacks.rb:129:in 'block in ActiveSupport::Callbacks#run_callbacks'
actiontext (8.0.2) lib/action_text/rendering.rb:25:in 'ActionText::Rendering::ClassMethods#with_renderer'
actiontext (8.0.2) lib/action_text/engine.rb:71:in 'block (4 levels) in <class:Engine>'
activesupport (8.0.2) lib/active_support/callbacks.rb:129:in 'BasicObject#instance_exec'
activesupport (8.0.2) lib/active_support/callbacks.rb:129:in 'block in ActiveSupport::Callbacks#run_callbacks'
activesupport (8.0.2) lib/active_support/callbacks.rb:140:in 'ActiveSupport::Callbacks#run_callbacks'
actionpack (8.0.2) lib/abstract_controller/callbacks.rb:260:in 'AbstractController::Callbacks#process_action'
actionpack (8.0.2) lib/action_controller/metal/rescue.rb:27:in 'ActionController::Rescue#process_action'
actionpack (8.0.2) lib/action_controller/metal/instrumentation.rb:76:in 'block in ActionController::Instrumentation#process_action'
activesupport (8.0.2) lib/active_support/notifications.rb:210:in 'block in ActiveSupport::Notifications.instrument'
activesupport (8.0.2) lib/active_support/notifications/instrumenter.rb:58:in 'ActiveSupport::Notifications::Instrumenter#instrument'
activesupport (8.0.2) lib/active_support/notifications.rb:210:in 'ActiveSupport::Notifications.instrument'
actionpack (8.0.2) lib/action_controller/metal/instrumentation.rb:75:in 'ActionController::Instrumentation#process_action'
actionpack (8.0.2) lib/action_controller/metal/params_wrapper.rb:259:in 'ActionController::ParamsWrapper#process_action'
activerecord (8.0.2) lib/active_record/railties/controller_runtime.rb:39:in 'ActiveRecord::Railties::ControllerRuntime#process_action'
actionpack (8.0.2) lib/abstract_controller/base.rb:163:in 'AbstractController::Base#process'
actionview (8.0.2) lib/action_view/rendering.rb:40:in 'ActionView::Rendering#process'
actionpack (8.0.2) lib/action_controller/metal.rb:252:in 'ActionController::Metal#dispatch'
actionpack (8.0.2) lib/action_controller/metal.rb:335:in 'ActionController::Metal.dispatch'
actionpack (8.0.2) lib/action_dispatch/routing/route_set.rb:67:in 'ActionDispatch::Routing::RouteSet::Dispatcher#dispatch'
actionpack (8.0.2) lib/action_dispatch/routing/route_set.rb:50:in 'ActionDispatch::Routing::RouteSet::Dispatcher#serve'
actionpack (8.0.2) lib/action_dispatch/journey/router.rb:53:in 'block in ActionDispatch::Journey::Router#serve'
actionpack (8.0.2) lib/action_dispatch/journey/router.rb:133:in 'block in ActionDispatch::Journey::Router#find_routes'
actionpack (8.0.2) lib/action_dispatch/journey/router.rb:126:in 'Array#each'
actionpack (8.0.2) lib/action_dispatch/journey/router.rb:126:in 'ActionDispatch::Journey::Router#find_routes'
actionpack (8.0.2) lib/action_dispatch/journey/router.rb:34:in 'ActionDispatch::Journey::Router#serve'
actionpack (8.0.2) lib/action_dispatch/routing/route_set.rb:908:in 'ActionDispatch::Routing::RouteSet#call'
railties (8.0.2) lib/rails/engine/lazy_route_set.rb:68:in 'Rails::Engine::LazyRouteSet#call'
rack (3.1.15) lib/rack/tempfile_reaper.rb:20:in 'Rack::TempfileReaper#call'
rack (3.1.15) lib/rack/etag.rb:29:in 'Rack::ETag#call'
rack (3.1.15) lib/rack/conditional_get.rb:31:in 'Rack::ConditionalGet#call'
rack (3.1.15) lib/rack/head.rb:15:in 'Rack::Head#call'
actionpack (8.0.2) lib/action_dispatch/http/permissions_policy.rb:38:in 'ActionDispatch::PermissionsPolicy::Middleware#call'
actionpack (8.0.2) lib/action_dispatch/http/content_security_policy.rb:38:in 'ActionDispatch::ContentSecurityPolicy::Middleware#call'
rack-session (2.1.1) lib/rack/session/abstract/id.rb:274:in 'Rack::Session::Abstract::Persisted#context'
rack-session (2.1.1) lib/rack/session/abstract/id.rb:268:in 'Rack::Session::Abstract::Persisted#call'
actionpack (8.0.2) lib/action_dispatch/middleware/cookies.rb:706:in 'ActionDispatch::Cookies#call'
activerecord (8.0.2) lib/active_record/migration.rb:671:in 'ActiveRecord::Migration::CheckPending#call'
actionpack (8.0.2) lib/action_dispatch/middleware/callbacks.rb:31:in 'block in ActionDispatch::Callbacks#call'
activesupport (8.0.2) lib/active_support/callbacks.rb:100:in 'ActiveSupport::Callbacks#run_callbacks'
actionpack (8.0.2) lib/action_dispatch/middleware/callbacks.rb:30:in 'ActionDispatch::Callbacks#call'
actionpack (8.0.2) lib/action_dispatch/middleware/executor.rb:16:in 'ActionDispatch::Executor#call'
actionpack (8.0.2) lib/action_dispatch/middleware/actionable_exceptions.rb:18:in 'ActionDispatch::ActionableExceptions#call'
actionpack (8.0.2) lib/action_dispatch/middleware/debug_exceptions.rb:31:in 'ActionDispatch::DebugExceptions#call'
web-console (4.2.1) lib/web_console/middleware.rb:132:in 'WebConsole::Middleware#call_app'
web-console (4.2.1) lib/web_console/middleware.rb:28:in 'block in WebConsole::Middleware#call'
web-console (4.2.1) lib/web_console/middleware.rb:17:in 'Kernel#catch'
web-console (4.2.1) lib/web_console/middleware.rb:17:in 'WebConsole::Middleware#call'
actionpack (8.0.2) lib/action_dispatch/middleware/show_exceptions.rb:32:in 'ActionDispatch::ShowExceptions#call'
railties (8.0.2) lib/rails/rack/logger.rb:41:in 'Rails::Rack::Logger#call_app'
railties (8.0.2) lib/rails/rack/logger.rb:29:in 'Rails::Rack::Logger#call'
actionpack (8.0.2) lib/action_dispatch/middleware/remote_ip.rb:96:in 'ActionDispatch::RemoteIp#call'
actionpack (8.0.2) lib/action_dispatch/middleware/request_id.rb:34:in 'ActionDispatch::RequestId#call'
rack (3.1.15) lib/rack/method_override.rb:28:in 'Rack::MethodOverride#call'
rack (3.1.15) lib/rack/runtime.rb:24:in 'Rack::Runtime#call'
actionpack (8.0.2) lib/action_dispatch/middleware/server_timing.rb:61:in 'block in ActionDispatch::ServerTiming#call'
actionpack (8.0.2) lib/action_dispatch/middleware/server_timing.rb:26:in 'ActionDispatch::ServerTiming::Subscriber#collect_events'
actionpack (8.0.2) lib/action_dispatch/middleware/server_timing.rb:60:in 'ActionDispatch::ServerTiming#call'
actionpack (8.0.2) lib/action_dispatch/middleware/executor.rb:16:in 'ActionDispatch::Executor#call'
actionpack (8.0.2) lib/action_dispatch/middleware/static.rb:27:in 'ActionDispatch::Static#call'
rack (3.1.15) lib/rack/sendfile.rb:114:in 'Rack::Sendfile#call'
actionpack (8.0.2) lib/action_dispatch/middleware/host_authorization.rb:143:in 'ActionDispatch::HostAuthorization#call'
railties (8.0.2) lib/rails/engine.rb:535:in 'Rails::Engine#call'
puma (6.6.0) lib/puma/configuration.rb:279:in 'Puma::Configuration::ConfigMiddleware#call'
puma (6.6.0) lib/puma/request.rb:99:in 'block in Puma::Request#handle_request'
puma (6.6.0) lib/puma/thread_pool.rb:390:in 'Puma::ThreadPool#with_force_shutdown'
puma (6.6.0) lib/puma/request.rb:98:in 'Puma::Request#handle_request'
puma (6.6.0) lib/puma/server.rb:472:in 'Puma::Server#process_client'
puma (6.6.0) lib/puma/server.rb:254:in 'block in Puma::Server#run'
puma (6.6.0) lib/puma/thread_pool.rb:167:in 'block in Puma::ThreadPool#spawn_thread'
Started GET "/products" for 127.0.0.1 at 2025-06-02 15:28:46 +0300
Processing by ProductsController#index as HTML
Completed 406 Not Acceptable in 615ms (ActiveRecord: 0.0ms (0 queries, 0 cached) | GC: 0.0ms)


  
ActionController::MissingExactTemplate (ProductsController#index is missing a template for request formats: text/html):
  
actionpack (8.0.2) lib/action_controller/metal/implicit_render.rb:49:in 'ActionController::ImplicitRender#default_render'
actionpack (8.0.2) lib/action_controller/metal/basic_implicit_render.rb:9:in 'ActionController::BasicImplicitRender#send_action'
actionpack (8.0.2) lib/abstract_controller/base.rb:226:in 'AbstractController::Base#process_action'
actionpack (8.0.2) lib/action_controller/metal/rendering.rb:193:in 'ActionController::Rendering#process_action'
actionpack (8.0.2) lib/abstract_controller/callbacks.rb:261:in 'block in AbstractController::Callbacks#process_action'
activesupport (8.0.2) lib/active_support/callbacks.rb:120:in 'block in ActiveSupport::Callbacks#run_callbacks'
turbo-rails (2.0.13) lib/turbo-rails.rb:24:in 'Turbo.with_request_id'
turbo-rails (2.0.13) app/controllers/concerns/turbo/request_id_tracking.rb:10:in 'Turbo::RequestIdTracking#turbo_tracking_request_id'
activesupport (8.0.2) lib/active_support/callbacks.rb:129:in 'block in ActiveSupport::Callbacks#run_callbacks'
actiontext (8.0.2) lib/action_text/rendering.rb:25:in 'ActionText::Rendering::ClassMethods#with_renderer'
actiontext (8.0.2) lib/action_text/engine.rb:71:in 'block (4 levels) in <class:Engine>'
activesupport (8.0.2) lib/active_support/callbacks.rb:129:in 'BasicObject#instance_exec'
activesupport (8.0.2) lib/active_support/callbacks.rb:129:in 'block in ActiveSupport::Callbacks#run_callbacks'
activesupport (8.0.2) lib/active_support/callbacks.rb:140:in 'ActiveSupport::Callbacks#run_callbacks'
actionpack (8.0.2) lib/abstract_controller/callbacks.rb:260:in 'AbstractController::Callbacks#process_action'
actionpack (8.0.2) lib/action_controller/metal/rescue.rb:27:in 'ActionController::Rescue#process_action'
actionpack (8.0.2) lib/action_controller/metal/instrumentation.rb:76:in 'block in ActionController::Instrumentation#process_action'
activesupport (8.0.2) lib/active_support/notifications.rb:210:in 'block in ActiveSupport::Notifications.instrument'
activesupport (8.0.2) lib/active_support/notifications/instrumenter.rb:58:in 'ActiveSupport::Notifications::Instrumenter#instrument'
activesupport (8.0.2) lib/active_support/notifications.rb:210:in 'ActiveSupport::Notifications.instrument'
actionpack (8.0.2) lib/action_controller/metal/instrumentation.rb:75:in 'ActionController::Instrumentation#process_action'
actionpack (8.0.2) lib/action_controller/metal/params_wrapper.rb:259:in 'ActionController::ParamsWrapper#process_action'
activerecord (8.0.2) lib/active_record/railties/controller_runtime.rb:39:in 'ActiveRecord::Railties::ControllerRuntime#process_action'
actionpack (8.0.2) lib/abstract_controller/base.rb:163:in 'AbstractController::Base#process'
actionview (8.0.2) lib/action_view/rendering.rb:40:in 'ActionView::Rendering#process'
actionpack (8.0.2) lib/action_controller/metal.rb:252:in 'ActionController::Metal#dispatch'
actionpack (8.0.2) lib/action_controller/metal.rb:335:in 'ActionController::Metal.dispatch'
actionpack (8.0.2) lib/action_dispatch/routing/route_set.rb:67:in 'ActionDispatch::Routing::RouteSet::Dispatcher#dispatch'
actionpack (8.0.2) lib/action_dispatch/routing/route_set.rb:50:in 'ActionDispatch::Routing::RouteSet::Dispatcher#serve'
actionpack (8.0.2) lib/action_dispatch/journey/router.rb:53:in 'block in ActionDispatch::Journey::Router#serve'
actionpack (8.0.2) lib/action_dispatch/journey/router.rb:133:in 'block in ActionDispatch::Journey::Router#find_routes'
actionpack (8.0.2) lib/action_dispatch/journey/router.rb:126:in 'Array#each'
actionpack (8.0.2) lib/action_dispatch/journey/router.rb:126:in 'ActionDispatch::Journey::Router#find_routes'
actionpack (8.0.2) lib/action_dispatch/journey/router.rb:34:in 'ActionDispatch::Journey::Router#serve'
actionpack (8.0.2) lib/action_dispatch/routing/route_set.rb:908:in 'ActionDispatch::Routing::RouteSet#call'
railties (8.0.2) lib/rails/engine/lazy_route_set.rb:68:in 'Rails::Engine::LazyRouteSet#call'
rack (3.1.15) lib/rack/tempfile_reaper.rb:20:in 'Rack::TempfileReaper#call'
rack (3.1.15) lib/rack/etag.rb:29:in 'Rack::ETag#call'
rack (3.1.15) lib/rack/conditional_get.rb:31:in 'Rack::ConditionalGet#call'
rack (3.1.15) lib/rack/head.rb:15:in 'Rack::Head#call'
actionpack (8.0.2) lib/action_dispatch/http/permissions_policy.rb:38:in 'ActionDispatch::PermissionsPolicy::Middleware#call'
actionpack (8.0.2) lib/action_dispatch/http/content_security_policy.rb:38:in 'ActionDispatch::ContentSecurityPolicy::Middleware#call'
rack-session (2.1.1) lib/rack/session/abstract/id.rb:274:in 'Rack::Session::Abstract::Persisted#context'
rack-session (2.1.1) lib/rack/session/abstract/id.rb:268:in 'Rack::Session::Abstract::Persisted#call'
actionpack (8.0.2) lib/action_dispatch/middleware/cookies.rb:706:in 'ActionDispatch::Cookies#call'
activerecord (8.0.2) lib/active_record/migration.rb:671:in 'ActiveRecord::Migration::CheckPending#call'
actionpack (8.0.2) lib/action_dispatch/middleware/callbacks.rb:31:in 'block in ActionDispatch::Callbacks#call'
activesupport (8.0.2) lib/active_support/callbacks.rb:100:in 'ActiveSupport::Callbacks#run_callbacks'
actionpack (8.0.2) lib/action_dispatch/middleware/callbacks.rb:30:in 'ActionDispatch::Callbacks#call'
actionpack (8.0.2) lib/action_dispatch/middleware/executor.rb:16:in 'ActionDispatch::Executor#call'
actionpack (8.0.2) lib/action_dispatch/middleware/actionable_exceptions.rb:18:in 'ActionDispatch::ActionableExceptions#call'
actionpack (8.0.2) lib/action_dispatch/middleware/debug_exceptions.rb:31:in 'ActionDispatch::DebugExceptions#call'
web-console (4.2.1) lib/web_console/middleware.rb:132:in 'WebConsole::Middleware#call_app'
web-console (4.2.1) lib/web_console/middleware.rb:28:in 'block in WebConsole::Middleware#call'
web-console (4.2.1) lib/web_console/middleware.rb:17:in 'Kernel#catch'
web-console (4.2.1) lib/web_console/middleware.rb:17:in 'WebConsole::Middleware#call'
actionpack (8.0.2) lib/action_dispatch/middleware/show_exceptions.rb:32:in 'ActionDispatch::ShowExceptions#call'
railties (8.0.2) lib/rails/rack/logger.rb:41:in 'Rails::Rack::Logger#call_app'
railties (8.0.2) lib/rails/rack/logger.rb:29:in 'Rails::Rack::Logger#call'
actionpack (8.0.2) lib/action_dispatch/middleware/remote_ip.rb:96:in 'ActionDispatch::RemoteIp#call'
actionpack (8.0.2) lib/action_dispatch/middleware/request_id.rb:34:in 'ActionDispatch::RequestId#call'
rack (3.1.15) lib/rack/method_override.rb:28:in 'Rack::MethodOverride#call'
rack (3.1.15) lib/rack/runtime.rb:24:in 'Rack::Runtime#call'
actionpack (8.0.2) lib/action_dispatch/middleware/server_timing.rb:61:in 'block in ActionDispatch::ServerTiming#call'
actionpack (8.0.2) lib/action_dispatch/middleware/server_timing.rb:26:in 'ActionDispatch::ServerTiming::Subscriber#collect_events'
actionpack (8.0.2) lib/action_dispatch/middleware/server_timing.rb:60:in 'ActionDispatch::ServerTiming#call'
actionpack (8.0.2) lib/action_dispatch/middleware/executor.rb:16:in 'ActionDispatch::Executor#call'
actionpack (8.0.2) lib/action_dispatch/middleware/static.rb:27:in 'ActionDispatch::Static#call'
rack (3.1.15) lib/rack/sendfile.rb:114:in 'Rack::Sendfile#call'
actionpack (8.0.2) lib/action_dispatch/middleware/host_authorization.rb:143:in 'ActionDispatch::HostAuthorization#call'
railties (8.0.2) lib/rails/engine.rb:535:in 'Rails::Engine#call'
puma (6.6.0) lib/puma/configuration.rb:279:in 'Puma::Configuration::ConfigMiddleware#call'
puma (6.6.0) lib/puma/request.rb:99:in 'block in Puma::Request#handle_request'
puma (6.6.0) lib/puma/thread_pool.rb:390:in 'Puma::ThreadPool#with_force_shutdown'
puma (6.6.0) lib/puma/request.rb:98:in 'Puma::Request#handle_request'
puma (6.6.0) lib/puma/server.rb:472:in 'Puma::Server#process_client'
puma (6.6.0) lib/puma/server.rb:254:in 'block in Puma::Server#run'
puma (6.6.0) lib/puma/thread_pool.rb:167:in 'block in Puma::ThreadPool#spawn_thread'
Started GET "/products" for 127.0.0.1 at 2025-06-02 15:28:48 +0300
Processing by ProductsController#index as HTML
Completed 406 Not Acceptable in 626ms (ActiveRecord: 0.0ms (0 queries, 0 cached) | GC: 0.0ms)


  
ActionController::MissingExactTemplate (ProductsController#index is missing a template for request formats: text/html):
  
actionpack (8.0.2) lib/action_controller/metal/implicit_render.rb:49:in 'ActionController::ImplicitRender#default_render'
actionpack (8.0.2) lib/action_controller/metal/basic_implicit_render.rb:9:in 'ActionController::BasicImplicitRender#send_action'
actionpack (8.0.2) lib/abstract_controller/base.rb:226:in 'AbstractController::Base#process_action'
actionpack (8.0.2) lib/action_controller/metal/rendering.rb:193:in 'ActionController::Rendering#process_action'
actionpack (8.0.2) lib/abstract_controller/callbacks.rb:261:in 'block in AbstractController::Callbacks#process_action'
activesupport (8.0.2) lib/active_support/callbacks.rb:120:in 'block in ActiveSupport::Callbacks#run_callbacks'
turbo-rails (2.0.13) lib/turbo-rails.rb:24:in 'Turbo.with_request_id'
turbo-rails (2.0.13) app/controllers/concerns/turbo/request_id_tracking.rb:10:in 'Turbo::RequestIdTracking#turbo_tracking_request_id'
activesupport (8.0.2) lib/active_support/callbacks.rb:129:in 'block in ActiveSupport::Callbacks#run_callbacks'
actiontext (8.0.2) lib/action_text/rendering.rb:25:in 'ActionText::Rendering::ClassMethods#with_renderer'
actiontext (8.0.2) lib/action_text/engine.rb:71:in 'block (4 levels) in <class:Engine>'
activesupport (8.0.2) lib/active_support/callbacks.rb:129:in 'BasicObject#instance_exec'
activesupport (8.0.2) lib/active_support/callbacks.rb:129:in 'block in ActiveSupport::Callbacks#run_callbacks'
activesupport (8.0.2) lib/active_support/callbacks.rb:140:in 'ActiveSupport::Callbacks#run_callbacks'
actionpack (8.0.2) lib/abstract_controller/callbacks.rb:260:in 'AbstractController::Callbacks#process_action'
actionpack (8.0.2) lib/action_controller/metal/rescue.rb:27:in 'ActionController::Rescue#process_action'
actionpack (8.0.2) lib/action_controller/metal/instrumentation.rb:76:in 'block in ActionController::Instrumentation#process_action'
activesupport (8.0.2) lib/active_support/notifications.rb:210:in 'block in ActiveSupport::Notifications.instrument'
activesupport (8.0.2) lib/active_support/notifications/instrumenter.rb:58:in 'ActiveSupport::Notifications::Instrumenter#instrument'
activesupport (8.0.2) lib/active_support/notifications.rb:210:in 'ActiveSupport::Notifications.instrument'
actionpack (8.0.2) lib/action_controller/metal/instrumentation.rb:75:in 'ActionController::Instrumentation#process_action'
actionpack (8.0.2) lib/action_controller/metal/params_wrapper.rb:259:in 'ActionController::ParamsWrapper#process_action'
activerecord (8.0.2) lib/active_record/railties/controller_runtime.rb:39:in 'ActiveRecord::Railties::ControllerRuntime#process_action'
actionpack (8.0.2) lib/abstract_controller/base.rb:163:in 'AbstractController::Base#process'
actionview (8.0.2) lib/action_view/rendering.rb:40:in 'ActionView::Rendering#process'
actionpack (8.0.2) lib/action_controller/metal.rb:252:in 'ActionController::Metal#dispatch'
actionpack (8.0.2) lib/action_controller/metal.rb:335:in 'ActionController::Metal.dispatch'
actionpack (8.0.2) lib/action_dispatch/routing/route_set.rb:67:in 'ActionDispatch::Routing::RouteSet::Dispatcher#dispatch'
actionpack (8.0.2) lib/action_dispatch/routing/route_set.rb:50:in 'ActionDispatch::Routing::RouteSet::Dispatcher#serve'
actionpack (8.0.2) lib/action_dispatch/journey/router.rb:53:in 'block in ActionDispatch::Journey::Router#serve'
actionpack (8.0.2) lib/action_dispatch/journey/router.rb:133:in 'block in ActionDispatch::Journey::Router#find_routes'
actionpack (8.0.2) lib/action_dispatch/journey/router.rb:126:in 'Array#each'
actionpack (8.0.2) lib/action_dispatch/journey/router.rb:126:in 'ActionDispatch::Journey::Router#find_routes'
actionpack (8.0.2) lib/action_dispatch/journey/router.rb:34:in 'ActionDispatch::Journey::Router#serve'
actionpack (8.0.2) lib/action_dispatch/routing/route_set.rb:908:in 'ActionDispatch::Routing::RouteSet#call'
railties (8.0.2) lib/rails/engine/lazy_route_set.rb:68:in 'Rails::Engine::LazyRouteSet#call'
rack (3.1.15) lib/rack/tempfile_reaper.rb:20:in 'Rack::TempfileReaper#call'
rack (3.1.15) lib/rack/etag.rb:29:in 'Rack::ETag#call'
rack (3.1.15) lib/rack/conditional_get.rb:31:in 'Rack::ConditionalGet#call'
rack (3.1.15) lib/rack/head.rb:15:in 'Rack::Head#call'
actionpack (8.0.2) lib/action_dispatch/http/permissions_policy.rb:38:in 'ActionDispatch::PermissionsPolicy::Middleware#call'
actionpack (8.0.2) lib/action_dispatch/http/content_security_policy.rb:38:in 'ActionDispatch::ContentSecurityPolicy::Middleware#call'
rack-session (2.1.1) lib/rack/session/abstract/id.rb:274:in 'Rack::Session::Abstract::Persisted#context'
rack-session (2.1.1) lib/rack/session/abstract/id.rb:268:in 'Rack::Session::Abstract::Persisted#call'
actionpack (8.0.2) lib/action_dispatch/middleware/cookies.rb:706:in 'ActionDispatch::Cookies#call'
activerecord (8.0.2) lib/active_record/migration.rb:671:in 'ActiveRecord::Migration::CheckPending#call'
actionpack (8.0.2) lib/action_dispatch/middleware/callbacks.rb:31:in 'block in ActionDispatch::Callbacks#call'
activesupport (8.0.2) lib/active_support/callbacks.rb:100:in 'ActiveSupport::Callbacks#run_callbacks'
actionpack (8.0.2) lib/action_dispatch/middleware/callbacks.rb:30:in 'ActionDispatch::Callbacks#call'
actionpack (8.0.2) lib/action_dispatch/middleware/executor.rb:16:in 'ActionDispatch::Executor#call'
actionpack (8.0.2) lib/action_dispatch/middleware/actionable_exceptions.rb:18:in 'ActionDispatch::ActionableExceptions#call'
actionpack (8.0.2) lib/action_dispatch/middleware/debug_exceptions.rb:31:in 'ActionDispatch::DebugExceptions#call'
web-console (4.2.1) lib/web_console/middleware.rb:132:in 'WebConsole::Middleware#call_app'
web-console (4.2.1) lib/web_console/middleware.rb:28:in 'block in WebConsole::Middleware#call'
web-console (4.2.1) lib/web_console/middleware.rb:17:in 'Kernel#catch'
web-console (4.2.1) lib/web_console/middleware.rb:17:in 'WebConsole::Middleware#call'
actionpack (8.0.2) lib/action_dispatch/middleware/show_exceptions.rb:32:in 'ActionDispatch::ShowExceptions#call'
railties (8.0.2) lib/rails/rack/logger.rb:41:in 'Rails::Rack::Logger#call_app'
railties (8.0.2) lib/rails/rack/logger.rb:29:in 'Rails::Rack::Logger#call'
actionpack (8.0.2) lib/action_dispatch/middleware/remote_ip.rb:96:in 'ActionDispatch::RemoteIp#call'
actionpack (8.0.2) lib/action_dispatch/middleware/request_id.rb:34:in 'ActionDispatch::RequestId#call'
rack (3.1.15) lib/rack/method_override.rb:28:in 'Rack::MethodOverride#call'
rack (3.1.15) lib/rack/runtime.rb:24:in 'Rack::Runtime#call'
actionpack (8.0.2) lib/action_dispatch/middleware/server_timing.rb:61:in 'block in ActionDispatch::ServerTiming#call'
actionpack (8.0.2) lib/action_dispatch/middleware/server_timing.rb:26:in 'ActionDispatch::ServerTiming::Subscriber#collect_events'
actionpack (8.0.2) lib/action_dispatch/middleware/server_timing.rb:60:in 'ActionDispatch::ServerTiming#call'
actionpack (8.0.2) lib/action_dispatch/middleware/executor.rb:16:in 'ActionDispatch::Executor#call'
actionpack (8.0.2) lib/action_dispatch/middleware/static.rb:27:in 'ActionDispatch::Static#call'
rack (3.1.15) lib/rack/sendfile.rb:114:in 'Rack::Sendfile#call'
actionpack (8.0.2) lib/action_dispatch/middleware/host_authorization.rb:143:in 'ActionDispatch::HostAuthorization#call'
railties (8.0.2) lib/rails/engine.rb:535:in 'Rails::Engine#call'
puma (6.6.0) lib/puma/configuration.rb:279:in 'Puma::Configuration::ConfigMiddleware#call'
puma (6.6.0) lib/puma/request.rb:99:in 'block in Puma::Request#handle_request'
puma (6.6.0) lib/puma/thread_pool.rb:390:in 'Puma::ThreadPool#with_force_shutdown'
puma (6.6.0) lib/puma/request.rb:98:in 'Puma::Request#handle_request'
puma (6.6.0) lib/puma/server.rb:472:in 'Puma::Server#process_client'
puma (6.6.0) lib/puma/server.rb:254:in 'block in Puma::Server#run'
puma (6.6.0) lib/puma/thread_pool.rb:167:in 'block in Puma::ThreadPool#spawn_thread'
Started POST "/session" for 127.0.0.1 at 2025-06-08 15:08:54 +0300
  [1m[36mActiveRecord::SchemaMigration Load (0.4ms)[0m  [1m[34mSELECT "schema_migrations"."version" FROM "schema_migrations" ORDER BY "schema_migrations"."version" ASC /*application='Store2'*/[0m
  
ActionController::RoutingError (No route matches [POST] "/session"):
  
Started GET "/favicon.ico" for 127.0.0.1 at 2025-06-08 15:08:56 +0300
  
ActionController::RoutingError (No route matches [GET] "/favicon.ico"):
  
Started GET "/" for 127.0.0.1 at 2025-06-08 15:12:22 +0300
Processing by Rails::WelcomeController#index as HTML
  Rendering C:/Ruby34-x64/lib/ruby/gems/3.4.0/gems/railties-8.0.2/lib/rails/templates/rails/welcome/index.html.erb
  Rendered C:/Ruby34-x64/lib/ruby/gems/3.4.0/gems/railties-8.0.2/lib/rails/templates/rails/welcome/index.html.erb (Duration: 1.7ms | GC: 0.0ms)
Completed 200 OK in 2987ms (Views: 3.8ms | ActiveRecord: 0.0ms (0 queries, 0 cached) | GC: 0.0ms)


Started GET "/products" for 127.0.0.1 at 2025-06-08 15:12:52 +0300
Processing by ProductsController#index as HTML
  Rendering layout layouts/application.html.erb
  Rendering products/index.html.erb within layouts/application
  Rendered products/index.html.erb within layouts/application (Duration: 1.2ms | GC: 0.0ms)
  Rendered layout layouts/application.html.erb (Duration: 26.1ms | GC: 0.0ms)
Completed 200 OK in 1612ms (Views: 41.9ms | ActiveRecord: 0.0ms (0 queries, 0 cached) | GC: 0.0ms)


Started GET "/assets/application-8b441ae0.css" for 127.0.0.1 at 2025-06-08 15:12:54 +0300
Started GET "/products" for 127.0.0.1 at 2025-06-08 15:15:31 +0300
Processing by ProductsController#index as HTML
  Rendering layout layouts/application.html.erb
  Rendering products/index.html.erb within layouts/application
  [1m[36mProduct Load (3.7ms)[0m  [1m[34mSELECT "products".* FROM "products" /* loading for inspect */ LIMIT 11 /*action='index',application='Store2',controller='products'*/[0m
  ↳ app/views/products/index.html.erb:3
  Rendered products/index.html.erb within layouts/application (Duration: 10.7ms | GC: 0.0ms)
  Rendered layout layouts/application.html.erb (Duration: 511.1ms | GC: 0.0ms)
Completed 200 OK in 1913ms (Views: 520.9ms | ActiveRecord: 3.8ms (1 query, 0 cached) | GC: 0.0ms)


Started GET "/products" for 127.0.0.1 at 2025-06-08 15:15:53 +0300
Processing by ProductsController#index as HTML
  Rendering layout layouts/application.html.erb
  Rendering products/index.html.erb within layouts/application
  [1m[36mProduct Load (2.8ms)[0m  [1m[34mSELECT "products".* FROM "products" /*action='index',application='Store2',controller='products'*/[0m
  ↳ app/views/products/index.html.erb:3
  Rendered products/index.html.erb within layouts/application (Duration: 9.0ms | GC: 0.0ms)
  Rendered layout layouts/application.html.erb (Duration: 13.5ms | GC: 0.2ms)
Completed 200 OK in 1516ms (Views: 23.5ms | ActiveRecord: 2.8ms (1 query, 0 cached) | GC: 0.2ms)


  [1m[36mProduct Load (0.3ms)[0m  [1m[34mSELECT "products".* FROM "products" /* loading for pp */ LIMIT 11 /*application='Store2'*/[0m
  [1m[36mTRANSACTION (0.2ms)[0m  [1m[35mBEGIN immediate TRANSACTION /*application='Store2'*/[0m
  [1m[36mProduct Create (1.5ms)[0m  [1m[32mINSERT INTO "products" ("name", "created_at", "updated_at") VALUES ('Pants', '2025-06-08 12:17:30.745328', '2025-06-08 12:17:30.745328') RETURNING "id" /*application='Store2'*/[0m
  [1m[36mTRANSACTION (4.7ms)[0m  [1m[35mCOMMIT TRANSACTION /*application='Store2'*/[0m
  [1m[36mTRANSACTION (0.2ms)[0m  [1m[35mBEGIN immediate TRANSACTION /*application='Store2'*/[0m
  [1m[36mProduct Create (1.5ms)[0m  [1m[32mINSERT INTO "products" ("name", "created_at", "updated_at") VALUES ('T-Shirt', '2025-06-08 12:17:40.082738', '2025-06-08 12:17:40.082738') RETURNING "id" /*application='Store2'*/[0m
  [1m[36mTRANSACTION (0.3ms)[0m  [1m[35mCOMMIT TRANSACTION /*application='Store2'*/[0m
  [1m[36mProduct Load (0.2ms)[0m  [1m[34mSELECT "products".* FROM "products" /* loading for pp */ LIMIT 11 /*application='Store2'*/[0m
Started GET "/products" for 127.0.0.1 at 2025-06-08 15:17:46 +0300
Processing by ProductsController#index as HTML
  Rendering layout layouts/application.html.erb
  Rendering products/index.html.erb within layouts/application
  [1m[36mProduct Load (0.3ms)[0m  [1m[34mSELECT "products".* FROM "products" /*action='index',application='Store2',controller='products'*/[0m
  ↳ app/views/products/index.html.erb:3
  Rendered products/index.html.erb within layouts/application (Duration: 20.8ms | GC: 0.2ms)
  Rendered layout layouts/application.html.erb (Duration: 22.4ms | GC: 0.2ms)
Completed 500 Internal Server Error in 1418ms (ActiveRecord: 1.2ms (1 query, 0 cached) | GC: 0.2ms)


  
ActionView::Template::Error (undefined method 'description' for an instance of Product)
Caused by: NoMethodError (undefined method 'description' for an instance of Product)

Information for: ActionView::Template::Error (undefined method 'description' for an instance of Product):
    3: <p>@products: <%= @products.each do |product| %>
    4:   <div>
    5:     <h2><%= product.name %></h2>
    6:     <p><%= product.description %></p>
    7:     <p>Price: <%= product.price %></p>
    8:   </div>
    9: <% end %></p>
  
app/views/products/index.html.erb:6
app/views/products/index.html.erb:3

Information for cause: NoMethodError (undefined method 'description' for an instance of Product):
  
app/views/products/index.html.erb:6
app/views/products/index.html.erb:3
Started GET "/products" for 127.0.0.1 at 2025-06-08 15:18:04 +0300
Processing by ProductsController#index as HTML
  Rendering layout layouts/application.html.erb
  Rendering products/index.html.erb within layouts/application
  [1m[36mProduct Load (3.1ms)[0m  [1m[34mSELECT "products".* FROM "products" /*action='index',application='Store2',controller='products'*/[0m
  ↳ app/views/products/index.html.erb:3
  Rendered products/index.html.erb within layouts/application (Duration: 17.3ms | GC: 0.0ms)
  Rendered layout layouts/application.html.erb (Duration: 20.8ms | GC: 0.0ms)
Completed 200 OK in 1401ms (Views: 29.9ms | ActiveRecord: 3.8ms (1 query, 0 cached) | GC: 0.0ms)


Started GET "/products" for 127.0.0.1 at 2025-06-08 15:18:33 +0300
Processing by ProductsController#index as HTML
  Rendering layout layouts/application.html.erb
  Rendering products/index.html.erb within layouts/application
  [1m[36mProduct Load (2.1ms)[0m  [1m[34mSELECT "products".* FROM "products" /*action='index',application='Store2',controller='products'*/[0m
  ↳ app/views/products/index.html.erb:3
  Rendered products/index.html.erb within layouts/application (Duration: 18.9ms | GC: 0.0ms)
  Rendered layout layouts/application.html.erb (Duration: 22.3ms | GC: 0.0ms)
Completed 200 OK in 1734ms (Views: 33.2ms | ActiveRecord: 3.0ms (1 query, 0 cached) | GC: 0.0ms)


Started GET "/products" for 127.0.0.1 at 2025-06-08 15:18:53 +0300
Processing by ProductsController#index as HTML
  Rendering layout layouts/application.html.erb
  Rendering products/index.html.erb within layouts/application
  [1m[36mProduct Load (2.1ms)[0m  [1m[34mSELECT "products".* FROM "products" /*action='index',application='Store2',controller='products'*/[0m
  ↳ app/views/products/index.html.erb:3
  Rendered products/index.html.erb within layouts/application (Duration: 14.8ms | GC: 0.0ms)
  Rendered layout layouts/application.html.erb (Duration: 19.0ms | GC: 0.0ms)
Completed 200 OK in 1431ms (Views: 30.0ms | ActiveRecord: 2.9ms (1 query, 0 cached) | GC: 0.0ms)


Started GET "/.well-known/appspecific/com.chrome.devtools.json" for 127.0.0.1 at 2025-06-08 15:19:37 +0300
Started GET "/assets/application-8b441ae0.css" for 127.0.0.1 at 2025-06-08 15:19:37 +0300
  
ActionController::RoutingError (No route matches [GET] "/.well-known/appspecific/com.chrome.devtools.json"):
  
Started GET "/products" for 127.0.0.1 at 2025-06-08 15:21:35 +0300
Processing by ProductsController#index as HTML
  Rendering layout layouts/application.html.erb
  Rendering products/index.html.erb within layouts/application
  [1m[36mProduct Load (2.1ms)[0m  [1m[34mSELECT "products".* FROM "products" /*action='index',application='Store2',controller='products'*/[0m
  ↳ app/views/products/index.html.erb:3
  Rendered products/index.html.erb within layouts/application (Duration: 16.7ms | GC: 0.0ms)
  Rendered layout layouts/application.html.erb (Duration: 20.3ms | GC: 0.0ms)
Completed 200 OK in 1447ms (Views: 33.1ms | ActiveRecord: 3.2ms (1 query, 0 cached) | GC: 0.0ms)


Started GET "/.well-known/appspecific/com.chrome.devtools.json" for 127.0.0.1 at 2025-06-08 15:21:37 +0300
Started GET "/assets/application-8b441ae0.css" for 127.0.0.1 at 2025-06-08 15:21:37 +0300
  
ActionController::RoutingError (No route matches [GET] "/.well-known/appspecific/com.chrome.devtools.json"):
  
Started GET "/products" for 127.0.0.1 at 2025-06-08 15:26:09 +0300
Processing by ProductsController#index as HTML
  Rendering layout layouts/application.html.erb
  Rendering products/index.html.erb within layouts/application
  [1m[36mProduct Load (4.2ms)[0m  [1m[34mSELECT "products".* FROM "products" /*action='index',application='Store2',controller='products'*/[0m
  ↳ app/views/products/index.html.erb:4
  Rendered products/index.html.erb within layouts/application (Duration: 25.7ms | GC: 0.0ms)
  Rendered layout layouts/application.html.erb (Duration: 31.4ms | GC: 0.0ms)
Completed 200 OK in 2246ms (Views: 44.6ms | ActiveRecord: 5.4ms (1 query, 0 cached) | GC: 0.0ms)


Started GET "/.well-known/appspecific/com.chrome.devtools.json" for 127.0.0.1 at 2025-06-08 15:26:13 +0300
Started GET "/assets/application-8b441ae0.css" for 127.0.0.1 at 2025-06-08 15:26:13 +0300
  
ActionController::RoutingError (No route matches [GET] "/.well-known/appspecific/com.chrome.devtools.json"):
  
  [1m[36mActiveRecord::SchemaMigration Load (1.3ms)[0m  [1m[34mSELECT "schema_migrations"."version" FROM "schema_migrations" ORDER BY "schema_migrations"."version" ASC /*application='Store2'*/[0m
  [1m[36mProduct Load (2.7ms)[0m  [1m[34mSELECT "products".* FROM "products" /* loading for pp */ LIMIT 11 /*application='Store2'*/[0m
Started GET "/products" for 127.0.0.1 at 2025-06-08 15:30:43 +0300
Processing by ProductsController#index as HTML
  Rendering layout layouts/application.html.erb
  Rendering products/index.html.erb within layouts/application
  [1m[36mProduct Load (2.3ms)[0m  [1m[34mSELECT "products".* FROM "products" /*action='index',application='Store2',controller='products'*/[0m
  ↳ app/views/products/index.html.erb:4
  Rendered products/index.html.erb within layouts/application (Duration: 19.3ms | GC: 0.0ms)
  Rendered layout layouts/application.html.erb (Duration: 22.8ms | GC: 0.0ms)
Completed 200 OK in 1444ms (Views: 33.1ms | ActiveRecord: 3.4ms (1 query, 0 cached) | GC: 0.0ms)


Started GET "/.well-known/appspecific/com.chrome.devtools.json" for 127.0.0.1 at 2025-06-08 15:30:46 +0300
Started GET "/assets/application-8b441ae0.css" for 127.0.0.1 at 2025-06-08 15:30:46 +0300
  
ActionController::RoutingError (No route matches [GET] "/.well-known/appspecific/com.chrome.devtools.json"):
  
Started GET "/products/1" for 127.0.0.1 at 2025-06-08 15:30:48 +0300
Processing by ProductsController#show as HTML
  Parameters: {"id" => "1"}
  [1m[36mProduct Load (0.2ms)[0m  [1m[34mSELECT "products".* FROM "products" WHERE "products"."id" = 1 LIMIT 1 /*action='show',application='Store2',controller='products'*/[0m
  ↳ app/controllers/products_controller.rb:7:in 'ProductsController#show'
  Rendering layout layouts/application.html.erb
  Rendering products/show.html.erb within layouts/application
  Rendered products/show.html.erb within layouts/application (Duration: 1.3ms | GC: 0.0ms)
  Rendered layout layouts/application.html.erb (Duration: 3.8ms | GC: 0.0ms)
Completed 200 OK in 1427ms (Views: 5.0ms | ActiveRecord: 0.2ms (1 query, 0 cached) | GC: 0.0ms)


Started GET "/.well-known/appspecific/com.chrome.devtools.json" for 127.0.0.1 at 2025-06-08 15:30:50 +0300
Started GET "/assets/application-8b441ae0.css" for 127.0.0.1 at 2025-06-08 15:30:50 +0300
  
ActionController::RoutingError (No route matches [GET] "/.well-known/appspecific/com.chrome.devtools.json"):
  
Started GET "/products/1" for 127.0.0.1 at 2025-06-08 15:30:59 +0300
Processing by ProductsController#show as HTML
  Parameters: {"id" => "1"}
  [1m[36mProduct Load (0.2ms)[0m  [1m[34mSELECT "products".* FROM "products" WHERE "products"."id" = 1 LIMIT 1 /*action='show',application='Store2',controller='products'*/[0m
  ↳ app/controllers/products_controller.rb:7:in 'ProductsController#show'
  Rendering layout layouts/application.html.erb
  Rendering products/show.html.erb within layouts/application
  Rendered products/show.html.erb within layouts/application (Duration: 2.0ms | GC: 0.0ms)
  Rendered layout layouts/application.html.erb (Duration: 8.5ms | GC: 0.0ms)
Completed 200 OK in 1661ms (Views: 22.4ms | ActiveRecord: 2.8ms (1 query, 0 cached) | GC: 0.0ms)


Started GET "/.well-known/appspecific/com.chrome.devtools.json" for 127.0.0.1 at 2025-06-08 15:31:01 +0300
Started GET "/assets/application-8b441ae0.css" for 127.0.0.1 at 2025-06-08 15:31:01 +0300
  
ActionController::RoutingError (No route matches [GET] "/.well-known/appspecific/com.chrome.devtools.json"):
  
Started GET "/products" for 127.0.0.1 at 2025-06-08 15:31:11 +0300
Processing by ProductsController#index as HTML
  Rendering layout layouts/application.html.erb
  Rendering products/index.html.erb within layouts/application
  [1m[36mProduct Load (0.2ms)[0m  [1m[34mSELECT "products".* FROM "products" /*action='index',application='Store2',controller='products'*/[0m
  ↳ app/views/products/index.html.erb:4
  Rendered products/index.html.erb within layouts/application (Duration: 6.1ms | GC: 0.0ms)
  Rendered layout layouts/application.html.erb (Duration: 8.5ms | GC: 0.0ms)
Completed 200 OK in 1375ms (Views: 9.4ms | ActiveRecord: 0.2ms (1 query, 0 cached) | GC: 0.0ms)


Started GET "/.well-known/appspecific/com.chrome.devtools.json" for 127.0.0.1 at 2025-06-08 15:31:13 +0300
Started GET "/assets/application-8b441ae0.css" for 127.0.0.1 at 2025-06-08 15:31:13 +0300
  
ActionController::RoutingError (No route matches [GET] "/.well-known/appspecific/com.chrome.devtools.json"):
  
Started GET "/products" for 127.0.0.1 at 2025-06-08 15:31:29 +0300
Processing by ProductsController#index as HTML
  Rendering layout layouts/application.html.erb
  Rendering products/index.html.erb within layouts/application
  [1m[36mProduct Load (2.1ms)[0m  [1m[34mSELECT "products".* FROM "products" /*action='index',application='Store2',controller='products'*/[0m
  ↳ app/views/products/index.html.erb:4
  Rendered products/index.html.erb within layouts/application (Duration: 18.1ms | GC: 0.0ms)
  Rendered layout layouts/application.html.erb (Duration: 21.5ms | GC: 0.0ms)
Completed 200 OK in 1485ms (Views: 33.3ms | ActiveRecord: 2.9ms (1 query, 0 cached) | GC: 0.0ms)


Started GET "/.well-known/appspecific/com.chrome.devtools.json" for 127.0.0.1 at 2025-06-08 15:31:31 +0300
Started GET "/assets/application-8b441ae0.css" for 127.0.0.1 at 2025-06-08 15:31:31 +0300
  
ActionController::RoutingError (No route matches [GET] "/.well-known/appspecific/com.chrome.devtools.json"):
  
Started GET "/products" for 127.0.0.1 at 2025-06-08 15:33:43 +0300
Processing by ProductsController#index as HTML
  Rendering layout layouts/application.html.erb
  Rendering products/index.html.erb within layouts/application
  [1m[36mProduct Exists? (0.2ms)[0m  [1m[34mSELECT 1 AS one FROM "products" LIMIT 1 /*action='index',application='Store2',controller='products'*/[0m
  ↳ app/views/products/index.html.erb:4
  [1m[36mProduct Load (0.2ms)[0m  [1m[34mSELECT "products".* FROM "products" /*action='index',application='Store2',controller='products'*/[0m
  ↳ app/views/products/index.html.erb:8
  Rendered products/index.html.erb within layouts/application (Duration: 19.3ms | GC: 0.0ms)
  Rendered layout layouts/application.html.erb (Duration: 22.8ms | GC: 0.0ms)
Completed 200 OK in 1409ms (Views: 32.7ms | ActiveRecord: 3.1ms (2 queries, 0 cached) | GC: 0.0ms)


Started GET "/.well-known/appspecific/com.chrome.devtools.json" for 127.0.0.1 at 2025-06-08 15:33:45 +0300
Started GET "/assets/application-8b441ae0.css" for 127.0.0.1 at 2025-06-08 15:33:45 +0300
  
ActionController::RoutingError (No route matches [GET] "/.well-known/appspecific/com.chrome.devtools.json"):
  
Started GET "/products/new" for 127.0.0.1 at 2025-06-08 15:34:32 +0300
Processing by ProductsController#new as HTML
  Rendering layout layouts/application.html.erb
  Rendering products/new.html.erb within layouts/application
  Rendered products/new.html.erb within layouts/application (Duration: 2.2ms | GC: 0.0ms)
  Rendered layout layouts/application.html.erb (Duration: 3.6ms | GC: 0.0ms)
Completed 500 Internal Server Error in 1498ms (ActiveRecord: 0.0ms (0 queries, 0 cached) | GC: 0.0ms)


  
ActionView::Template::Error (Passed nil to the :model argument, expect an object or false)
Caused by: ArgumentError (Passed nil to the :model argument, expect an object or false)

Information for: ActionView::Template::Error (Passed nil to the :model argument, expect an object or false):
    1: <h1>New product</h1>
    2: 
    3: <%= form_with model: @product do |form| %>
    4:   <div>
    5:     <%= form.label :name %>
    6:     <%= form.text_field :name %>
  
app/views/products/new.html.erb:3

Information for cause: ArgumentError (Passed nil to the :model argument, expect an object or false):
  
app/views/products/new.html.erb:3
Started GET "/.well-known/appspecific/com.chrome.devtools.json" for 127.0.0.1 at 2025-06-08 15:34:35 +0300
  
ActionController::RoutingError (No route matches [GET] "/.well-known/appspecific/com.chrome.devtools.json"):
  
Started GET "/products/new" for 127.0.0.1 at 2025-06-08 15:37:05 +0300
Processing by ProductsController#new as HTML
  Rendering layout layouts/application.html.erb
  Rendering products/new.html.erb within layouts/application
  Rendered products/new.html.erb within layouts/application (Duration: 1.9ms | GC: 0.0ms)
  Rendered layout layouts/application.html.erb (Duration: 3.1ms | GC: 0.0ms)
Completed 500 Internal Server Error in 1366ms (ActiveRecord: 0.0ms (0 queries, 0 cached) | GC: 0.0ms)


  
ActionView::Template::Error (Passed nil to the :model argument, expect an object or false)
Caused by: ArgumentError (Passed nil to the :model argument, expect an object or false)

Information for: ActionView::Template::Error (Passed nil to the :model argument, expect an object or false):
    1: <h1>New product</h1>
    2: 
    3: <%= form_with model: @product , local: true do |form| %>
    4:   <div>
    5:     <%= form.label :name %>
    6:     <%= form.text_field :name %>
  
app/views/products/new.html.erb:3

Information for cause: ArgumentError (Passed nil to the :model argument, expect an object or false):
  
app/views/products/new.html.erb:3
Started GET "/.well-known/appspecific/com.chrome.devtools.json" for 127.0.0.1 at 2025-06-08 15:37:08 +0300
  
ActionController::RoutingError (No route matches [GET] "/.well-known/appspecific/com.chrome.devtools.json"):
  
Started GET "/products/new" for 127.0.0.1 at 2025-06-08 15:37:35 +0300
Processing by ProductsController#new as HTML
  Rendering layout layouts/application.html.erb
  Rendering products/new.html.erb within layouts/application
  Rendered products/new.html.erb within layouts/application (Duration: 25.3ms | GC: 0.0ms)
  Rendered layout layouts/application.html.erb (Duration: 28.5ms | GC: 0.0ms)
Completed 200 OK in 1783ms (Views: 41.5ms | ActiveRecord: 2.7ms (0 queries, 0 cached) | GC: 0.0ms)


Started GET "/.well-known/appspecific/com.chrome.devtools.json" for 127.0.0.1 at 2025-06-08 15:37:37 +0300
Started GET "/assets/application-8b441ae0.css" for 127.0.0.1 at 2025-06-08 15:37:37 +0300
  
ActionController::RoutingError (No route matches [GET] "/.well-known/appspecific/com.chrome.devtools.json"):
  
Started GET "/products/new" for 127.0.0.1 at 2025-06-08 15:39:09 +0300
Processing by ProductsController#new as HTML
  Rendering layout layouts/application.html.erb
  Rendering products/new.html.erb within layouts/application
  Rendered products/new.html.erb within layouts/application (Duration: 3.4ms | GC: 0.0ms)
  Rendered layout layouts/application.html.erb (Duration: 6.6ms | GC: 0.0ms)
Completed 200 OK in 1568ms (Views: 20.7ms | ActiveRecord: 2.7ms (0 queries, 0 cached) | GC: 0.0ms)


Started GET "/.well-known/appspecific/com.chrome.devtools.json" for 127.0.0.1 at 2025-06-08 15:39:11 +0300
Started GET "/assets/application-8b441ae0.css" for 127.0.0.1 at 2025-06-08 15:39:11 +0300
  
ActionController::RoutingError (No route matches [GET] "/.well-known/appspecific/com.chrome.devtools.json"):
  
Started POST "/products" for 127.0.0.1 at 2025-06-08 15:39:51 +0300
Processing by ProductsController#create as HTML
  Parameters: {"authenticity_token" => "[FILTERED]", "product" => {"name" => "jeans"}, "commit" => "Create Product"}
Completed 500 Internal Server Error in 1329ms (ActiveRecord: 0.0ms (0 queries, 0 cached) | GC: 0.0ms)


  
NameError (undefined local variable or method 'private' for an instance of ProductsController):
  
app/controllers/products_controller.rb:24:in 'ProductsController#create'
Started GET "/.well-known/appspecific/com.chrome.devtools.json" for 127.0.0.1 at 2025-06-08 15:39:53 +0300
  
ActionController::RoutingError (No route matches [GET] "/.well-known/appspecific/com.chrome.devtools.json"):
  
Started GET "/products/new" for 127.0.0.1 at 2025-06-08 15:41:03 +0300
Processing by ProductsController#new as HTML
  Rendering layout layouts/application.html.erb
  Rendering products/new.html.erb within layouts/application
  Rendered products/new.html.erb within layouts/application (Duration: 3.4ms | GC: 0.0ms)
  Rendered layout layouts/application.html.erb (Duration: 6.2ms | GC: 0.0ms)
Completed 200 OK in 1370ms (Views: 19.2ms | ActiveRecord: 2.5ms (0 queries, 0 cached) | GC: 0.0ms)


Started GET "/.well-known/appspecific/com.chrome.devtools.json" for 127.0.0.1 at 2025-06-08 15:41:05 +0300
Started GET "/assets/application-8b441ae0.css" for 127.0.0.1 at 2025-06-08 15:41:05 +0300
  
ActionController::RoutingError (No route matches [GET] "/.well-known/appspecific/com.chrome.devtools.json"):
  
  [1m[36mProduct Load (7.6ms)[0m  [1m[34mSELECT "products".* FROM "products" /* loading for pp */ LIMIT 11 /*application='Store2'*/[0m
Started POST "/products" for 127.0.0.1 at 2025-06-08 15:41:20 +0300
Processing by ProductsController#create as HTML
  Parameters: {"authenticity_token" => "[FILTERED]", "product" => {"name" => "jeans"}, "commit" => "Create Product"}
  [1m[36mTRANSACTION (0.2ms)[0m  [1m[35mBEGIN immediate TRANSACTION /*action='create',application='Store2',controller='products'*/[0m
  ↳ app/controllers/products_controller.rb:16:in 'ProductsController#create'
  [1m[36mProduct Create (5.8ms)[0m  [1m[32mINSERT INTO "products" ("name", "created_at", "updated_at") VALUES ('jeans', '2025-06-08 12:41:22.140229', '2025-06-08 12:41:22.140229') RETURNING "id" /*action='create',application='Store2',controller='products'*/[0m
  ↳ app/controllers/products_controller.rb:16:in 'ProductsController#create'
  [1m[36mTRANSACTION (7.9ms)[0m  [1m[35mCOMMIT TRANSACTION /*action='create',application='Store2',controller='products'*/[0m
  ↳ app/controllers/products_controller.rb:16:in 'ProductsController#create'
Redirected to http://127.0.0.1:3000/products/3
Completed 302 Found in 1481ms (ActiveRecord: 13.9ms (1 query, 0 cached) | GC: 0.0ms)


Started GET "/products/3" for 127.0.0.1 at 2025-06-08 15:41:22 +0300
Processing by ProductsController#show as HTML
  Parameters: {"id" => "3"}
  [1m[36mProduct Load (0.2ms)[0m  [1m[34mSELECT "products".* FROM "products" WHERE "products"."id" = 3 LIMIT 1 /*action='show',application='Store2',controller='products'*/[0m
  ↳ app/controllers/products_controller.rb:7:in 'ProductsController#show'
  Rendering layout layouts/application.html.erb
  Rendering products/show.html.erb within layouts/application
  Rendered products/show.html.erb within layouts/application (Duration: 1.6ms | GC: 0.0ms)
  Rendered layout layouts/application.html.erb (Duration: 3.8ms | GC: 0.0ms)
Completed 200 OK in 1362ms (Views: 4.9ms | ActiveRecord: 0.2ms (1 query, 0 cached) | GC: 0.0ms)


Started GET "/.well-known/appspecific/com.chrome.devtools.json" for 127.0.0.1 at 2025-06-08 15:41:23 +0300
Started GET "/assets/application-8b441ae0.css" for 127.0.0.1 at 2025-06-08 15:41:23 +0300
  
ActionController::RoutingError (No route matches [GET] "/.well-known/appspecific/com.chrome.devtools.json"):
  
Started GET "/products" for 127.0.0.1 at 2025-06-08 15:41:28 +0300
Processing by ProductsController#index as HTML
  Rendering layout layouts/application.html.erb
  Rendering products/index.html.erb within layouts/application
  [1m[36mProduct Exists? (0.2ms)[0m  [1m[34mSELECT 1 AS one FROM "products" LIMIT 1 /*action='index',application='Store2',controller='products'*/[0m
  ↳ app/views/products/index.html.erb:4
  [1m[36mProduct Load (0.2ms)[0m  [1m[34mSELECT "products".* FROM "products" /*action='index',application='Store2',controller='products'*/[0m
  ↳ app/views/products/index.html.erb:8
  Rendered products/index.html.erb within layouts/application (Duration: 11.1ms | GC: 0.0ms)
  Rendered layout layouts/application.html.erb (Duration: 13.5ms | GC: 0.0ms)
Completed 200 OK in 1373ms (Views: 14.4ms | ActiveRecord: 0.3ms (2 queries, 0 cached) | GC: 0.0ms)


Started GET "/.well-known/appspecific/com.chrome.devtools.json" for 127.0.0.1 at 2025-06-08 15:41:30 +0300
Started GET "/assets/application-8b441ae0.css" for 127.0.0.1 at 2025-06-08 15:41:30 +0300
  
ActionController::RoutingError (No route matches [GET] "/.well-known/appspecific/com.chrome.devtools.json"):
  
Started GET "/products/1" for 127.0.0.1 at 2025-06-08 15:48:20 +0300
Processing by ProductsController#show as HTML
  Parameters: {"id" => "1"}
Completed 404 Not Found in 1841ms (ActiveRecord: 0.0ms (0 queries, 0 cached) | GC: 0.0ms)


  
AbstractController::ActionNotFound (The :show, action could not be found for the :set_product
callback on ProductsController, but it is listed in the controller's
:only option.

Raising for missing callback actions is a new default in Rails 7.1, if you'd
like to turn this off you can delete the option from the environment configurations
or set `config.action_controller.raise_on_missing_callback_actions` to `false`.
):
  
actionpack (8.0.2) lib/abstract_controller/callbacks.rb:62:in 'AbstractController::Callbacks::ActionFilter#match?'
activesupport (8.0.2) lib/active_support/callbacks.rb:384:in 'block in ActiveSupport::Callbacks::CallTemplate::ObjectCall#make_lambda'
activesupport (8.0.2) lib/active_support/callbacks.rb:177:in 'block in ActiveSupport::Callbacks::Filters::Before#call'
activesupport (8.0.2) lib/active_support/callbacks.rb:177:in 'Array#all?'
activesupport (8.0.2) lib/active_support/callbacks.rb:177:in 'ActiveSupport::Callbacks::Filters::Before#call'
activesupport (8.0.2) lib/active_support/callbacks.rb:559:in 'block in ActiveSupport::Callbacks::CallbackSequence#invoke_before'
activesupport (8.0.2) lib/active_support/callbacks.rb:559:in 'Array#each'
activesupport (8.0.2) lib/active_support/callbacks.rb:559:in 'ActiveSupport::Callbacks::CallbackSequence#invoke_before'
activesupport (8.0.2) lib/active_support/callbacks.rb:118:in 'block in ActiveSupport::Callbacks#run_callbacks'
turbo-rails (2.0.13) lib/turbo-rails.rb:24:in 'Turbo.with_request_id'
turbo-rails (2.0.13) app/controllers/concerns/turbo/request_id_tracking.rb:10:in 'Turbo::RequestIdTracking#turbo_tracking_request_id'
activesupport (8.0.2) lib/active_support/callbacks.rb:129:in 'block in ActiveSupport::Callbacks#run_callbacks'
actiontext (8.0.2) lib/action_text/rendering.rb:25:in 'ActionText::Rendering::ClassMethods#with_renderer'
actiontext (8.0.2) lib/action_text/engine.rb:71:in 'block (4 levels) in <class:Engine>'
activesupport (8.0.2) lib/active_support/callbacks.rb:129:in 'BasicObject#instance_exec'
activesupport (8.0.2) lib/active_support/callbacks.rb:129:in 'block in ActiveSupport::Callbacks#run_callbacks'
activesupport (8.0.2) lib/active_support/callbacks.rb:140:in 'ActiveSupport::Callbacks#run_callbacks'
actionpack (8.0.2) lib/abstract_controller/callbacks.rb:260:in 'AbstractController::Callbacks#process_action'
actionpack (8.0.2) lib/action_controller/metal/rescue.rb:27:in 'ActionController::Rescue#process_action'
actionpack (8.0.2) lib/action_controller/metal/instrumentation.rb:76:in 'block in ActionController::Instrumentation#process_action'
activesupport (8.0.2) lib/active_support/notifications.rb:210:in 'block in ActiveSupport::Notifications.instrument'
activesupport (8.0.2) lib/active_support/notifications/instrumenter.rb:58:in 'ActiveSupport::Notifications::Instrumenter#instrument'
activesupport (8.0.2) lib/active_support/notifications.rb:210:in 'ActiveSupport::Notifications.instrument'
actionpack (8.0.2) lib/action_controller/metal/instrumentation.rb:75:in 'ActionController::Instrumentation#process_action'
actionpack (8.0.2) lib/action_controller/metal/params_wrapper.rb:259:in 'ActionController::ParamsWrapper#process_action'
activerecord (8.0.2) lib/active_record/railties/controller_runtime.rb:39:in 'ActiveRecord::Railties::ControllerRuntime#process_action'
actionpack (8.0.2) lib/abstract_controller/base.rb:163:in 'AbstractController::Base#process'
actionview (8.0.2) lib/action_view/rendering.rb:40:in 'ActionView::Rendering#process'
actionpack (8.0.2) lib/action_controller/metal.rb:252:in 'ActionController::Metal#dispatch'
actionpack (8.0.2) lib/action_controller/metal.rb:335:in 'ActionController::Metal.dispatch'
actionpack (8.0.2) lib/action_dispatch/routing/route_set.rb:67:in 'ActionDispatch::Routing::RouteSet::Dispatcher#dispatch'
actionpack (8.0.2) lib/action_dispatch/routing/route_set.rb:50:in 'ActionDispatch::Routing::RouteSet::Dispatcher#serve'
actionpack (8.0.2) lib/action_dispatch/journey/router.rb:53:in 'block in ActionDispatch::Journey::Router#serve'
actionpack (8.0.2) lib/action_dispatch/journey/router.rb:133:in 'block in ActionDispatch::Journey::Router#find_routes'
actionpack (8.0.2) lib/action_dispatch/journey/router.rb:126:in 'Array#each'
actionpack (8.0.2) lib/action_dispatch/journey/router.rb:126:in 'ActionDispatch::Journey::Router#find_routes'
actionpack (8.0.2) lib/action_dispatch/journey/router.rb:34:in 'ActionDispatch::Journey::Router#serve'
actionpack (8.0.2) lib/action_dispatch/routing/route_set.rb:908:in 'ActionDispatch::Routing::RouteSet#call'
railties (8.0.2) lib/rails/engine/lazy_route_set.rb:68:in 'Rails::Engine::LazyRouteSet#call'
rack (3.1.15) lib/rack/tempfile_reaper.rb:20:in 'Rack::TempfileReaper#call'
rack (3.1.15) lib/rack/etag.rb:29:in 'Rack::ETag#call'
rack (3.1.15) lib/rack/conditional_get.rb:31:in 'Rack::ConditionalGet#call'
rack (3.1.15) lib/rack/head.rb:15:in 'Rack::Head#call'
actionpack (8.0.2) lib/action_dispatch/http/permissions_policy.rb:38:in 'ActionDispatch::PermissionsPolicy::Middleware#call'
actionpack (8.0.2) lib/action_dispatch/http/content_security_policy.rb:38:in 'ActionDispatch::ContentSecurityPolicy::Middleware#call'
rack-session (2.1.1) lib/rack/session/abstract/id.rb:274:in 'Rack::Session::Abstract::Persisted#context'
rack-session (2.1.1) lib/rack/session/abstract/id.rb:268:in 'Rack::Session::Abstract::Persisted#call'
actionpack (8.0.2) lib/action_dispatch/middleware/cookies.rb:706:in 'ActionDispatch::Cookies#call'
activerecord (8.0.2) lib/active_record/migration.rb:671:in 'ActiveRecord::Migration::CheckPending#call'
actionpack (8.0.2) lib/action_dispatch/middleware/callbacks.rb:31:in 'block in ActionDispatch::Callbacks#call'
activesupport (8.0.2) lib/active_support/callbacks.rb:100:in 'ActiveSupport::Callbacks#run_callbacks'
actionpack (8.0.2) lib/action_dispatch/middleware/callbacks.rb:30:in 'ActionDispatch::Callbacks#call'
actionpack (8.0.2) lib/action_dispatch/middleware/executor.rb:16:in 'ActionDispatch::Executor#call'
actionpack (8.0.2) lib/action_dispatch/middleware/actionable_exceptions.rb:18:in 'ActionDispatch::ActionableExceptions#call'
actionpack (8.0.2) lib/action_dispatch/middleware/debug_exceptions.rb:31:in 'ActionDispatch::DebugExceptions#call'
web-console (4.2.1) lib/web_console/middleware.rb:132:in 'WebConsole::Middleware#call_app'
web-console (4.2.1) lib/web_console/middleware.rb:28:in 'block in WebConsole::Middleware#call'
web-console (4.2.1) lib/web_console/middleware.rb:17:in 'Kernel#catch'
web-console (4.2.1) lib/web_console/middleware.rb:17:in 'WebConsole::Middleware#call'
actionpack (8.0.2) lib/action_dispatch/middleware/show_exceptions.rb:32:in 'ActionDispatch::ShowExceptions#call'
railties (8.0.2) lib/rails/rack/logger.rb:41:in 'Rails::Rack::Logger#call_app'
railties (8.0.2) lib/rails/rack/logger.rb:29:in 'Rails::Rack::Logger#call'
actionpack (8.0.2) lib/action_dispatch/middleware/remote_ip.rb:96:in 'ActionDispatch::RemoteIp#call'
actionpack (8.0.2) lib/action_dispatch/middleware/request_id.rb:34:in 'ActionDispatch::RequestId#call'
rack (3.1.15) lib/rack/method_override.rb:28:in 'Rack::MethodOverride#call'
rack (3.1.15) lib/rack/runtime.rb:24:in 'Rack::Runtime#call'
actionpack (8.0.2) lib/action_dispatch/middleware/server_timing.rb:61:in 'block in ActionDispatch::ServerTiming#call'
actionpack (8.0.2) lib/action_dispatch/middleware/server_timing.rb:26:in 'ActionDispatch::ServerTiming::Subscriber#collect_events'
actionpack (8.0.2) lib/action_dispatch/middleware/server_timing.rb:60:in 'ActionDispatch::ServerTiming#call'
actionpack (8.0.2) lib/action_dispatch/middleware/executor.rb:16:in 'ActionDispatch::Executor#call'
actionpack (8.0.2) lib/action_dispatch/middleware/static.rb:27:in 'ActionDispatch::Static#call'
rack (3.1.15) lib/rack/sendfile.rb:114:in 'Rack::Sendfile#call'
actionpack (8.0.2) lib/action_dispatch/middleware/host_authorization.rb:143:in 'ActionDispatch::HostAuthorization#call'
railties (8.0.2) lib/rails/engine.rb:535:in 'Rails::Engine#call'
puma (6.6.0) lib/puma/configuration.rb:279:in 'Puma::Configuration::ConfigMiddleware#call'
puma (6.6.0) lib/puma/request.rb:99:in 'block in Puma::Request#handle_request'
puma (6.6.0) lib/puma/thread_pool.rb:390:in 'Puma::ThreadPool#with_force_shutdown'
puma (6.6.0) lib/puma/request.rb:98:in 'Puma::Request#handle_request'
puma (6.6.0) lib/puma/server.rb:472:in 'Puma::Server#process_client'
puma (6.6.0) lib/puma/server.rb:254:in 'block in Puma::Server#run'
puma (6.6.0) lib/puma/thread_pool.rb:167:in 'block in Puma::ThreadPool#spawn_thread'
Started GET "/.well-known/appspecific/com.chrome.devtools.json" for 127.0.0.1 at 2025-06-08 15:48:24 +0300
  
ActionController::RoutingError (No route matches [GET] "/.well-known/appspecific/com.chrome.devtools.json"):
  
Started GET "/products" for 127.0.0.1 at 2025-06-08 15:48:53 +0300
Processing by ProductsController#index as HTML
Completed 404 Not Found in 1402ms (ActiveRecord: 0.0ms (0 queries, 0 cached) | GC: 0.0ms)


  
AbstractController::ActionNotFound (The :show, action could not be found for the :set_product
callback on ProductsController, but it is listed in the controller's
:only option.

Raising for missing callback actions is a new default in Rails 7.1, if you'd
like to turn this off you can delete the option from the environment configurations
or set `config.action_controller.raise_on_missing_callback_actions` to `false`.
):
  
actionpack (8.0.2) lib/abstract_controller/callbacks.rb:62:in 'AbstractController::Callbacks::ActionFilter#match?'
activesupport (8.0.2) lib/active_support/callbacks.rb:384:in 'block in ActiveSupport::Callbacks::CallTemplate::ObjectCall#make_lambda'
activesupport (8.0.2) lib/active_support/callbacks.rb:177:in 'block in ActiveSupport::Callbacks::Filters::Before#call'
activesupport (8.0.2) lib/active_support/callbacks.rb:177:in 'Array#all?'
activesupport (8.0.2) lib/active_support/callbacks.rb:177:in 'ActiveSupport::Callbacks::Filters::Before#call'
activesupport (8.0.2) lib/active_support/callbacks.rb:559:in 'block in ActiveSupport::Callbacks::CallbackSequence#invoke_before'
activesupport (8.0.2) lib/active_support/callbacks.rb:559:in 'Array#each'
activesupport (8.0.2) lib/active_support/callbacks.rb:559:in 'ActiveSupport::Callbacks::CallbackSequence#invoke_before'
activesupport (8.0.2) lib/active_support/callbacks.rb:118:in 'block in ActiveSupport::Callbacks#run_callbacks'
turbo-rails (2.0.13) lib/turbo-rails.rb:24:in 'Turbo.with_request_id'
turbo-rails (2.0.13) app/controllers/concerns/turbo/request_id_tracking.rb:10:in 'Turbo::RequestIdTracking#turbo_tracking_request_id'
activesupport (8.0.2) lib/active_support/callbacks.rb:129:in 'block in ActiveSupport::Callbacks#run_callbacks'
actiontext (8.0.2) lib/action_text/rendering.rb:25:in 'ActionText::Rendering::ClassMethods#with_renderer'
actiontext (8.0.2) lib/action_text/engine.rb:71:in 'block (4 levels) in <class:Engine>'
activesupport (8.0.2) lib/active_support/callbacks.rb:129:in 'BasicObject#instance_exec'
activesupport (8.0.2) lib/active_support/callbacks.rb:129:in 'block in ActiveSupport::Callbacks#run_callbacks'
activesupport (8.0.2) lib/active_support/callbacks.rb:140:in 'ActiveSupport::Callbacks#run_callbacks'
actionpack (8.0.2) lib/abstract_controller/callbacks.rb:260:in 'AbstractController::Callbacks#process_action'
actionpack (8.0.2) lib/action_controller/metal/rescue.rb:27:in 'ActionController::Rescue#process_action'
actionpack (8.0.2) lib/action_controller/metal/instrumentation.rb:76:in 'block in ActionController::Instrumentation#process_action'
activesupport (8.0.2) lib/active_support/notifications.rb:210:in 'block in ActiveSupport::Notifications.instrument'
activesupport (8.0.2) lib/active_support/notifications/instrumenter.rb:58:in 'ActiveSupport::Notifications::Instrumenter#instrument'
activesupport (8.0.2) lib/active_support/notifications.rb:210:in 'ActiveSupport::Notifications.instrument'
actionpack (8.0.2) lib/action_controller/metal/instrumentation.rb:75:in 'ActionController::Instrumentation#process_action'
actionpack (8.0.2) lib/action_controller/metal/params_wrapper.rb:259:in 'ActionController::ParamsWrapper#process_action'
activerecord (8.0.2) lib/active_record/railties/controller_runtime.rb:39:in 'ActiveRecord::Railties::ControllerRuntime#process_action'
actionpack (8.0.2) lib/abstract_controller/base.rb:163:in 'AbstractController::Base#process'
actionview (8.0.2) lib/action_view/rendering.rb:40:in 'ActionView::Rendering#process'
actionpack (8.0.2) lib/action_controller/metal.rb:252:in 'ActionController::Metal#dispatch'
actionpack (8.0.2) lib/action_controller/metal.rb:335:in 'ActionController::Metal.dispatch'
actionpack (8.0.2) lib/action_dispatch/routing/route_set.rb:67:in 'ActionDispatch::Routing::RouteSet::Dispatcher#dispatch'
actionpack (8.0.2) lib/action_dispatch/routing/route_set.rb:50:in 'ActionDispatch::Routing::RouteSet::Dispatcher#serve'
actionpack (8.0.2) lib/action_dispatch/journey/router.rb:53:in 'block in ActionDispatch::Journey::Router#serve'
actionpack (8.0.2) lib/action_dispatch/journey/router.rb:133:in 'block in ActionDispatch::Journey::Router#find_routes'
actionpack (8.0.2) lib/action_dispatch/journey/router.rb:126:in 'Array#each'
actionpack (8.0.2) lib/action_dispatch/journey/router.rb:126:in 'ActionDispatch::Journey::Router#find_routes'
actionpack (8.0.2) lib/action_dispatch/journey/router.rb:34:in 'ActionDispatch::Journey::Router#serve'
actionpack (8.0.2) lib/action_dispatch/routing/route_set.rb:908:in 'ActionDispatch::Routing::RouteSet#call'
railties (8.0.2) lib/rails/engine/lazy_route_set.rb:68:in 'Rails::Engine::LazyRouteSet#call'
rack (3.1.15) lib/rack/tempfile_reaper.rb:20:in 'Rack::TempfileReaper#call'
rack (3.1.15) lib/rack/etag.rb:29:in 'Rack::ETag#call'
rack (3.1.15) lib/rack/conditional_get.rb:31:in 'Rack::ConditionalGet#call'
rack (3.1.15) lib/rack/head.rb:15:in 'Rack::Head#call'
actionpack (8.0.2) lib/action_dispatch/http/permissions_policy.rb:38:in 'ActionDispatch::PermissionsPolicy::Middleware#call'
actionpack (8.0.2) lib/action_dispatch/http/content_security_policy.rb:38:in 'ActionDispatch::ContentSecurityPolicy::Middleware#call'
rack-session (2.1.1) lib/rack/session/abstract/id.rb:274:in 'Rack::Session::Abstract::Persisted#context'
rack-session (2.1.1) lib/rack/session/abstract/id.rb:268:in 'Rack::Session::Abstract::Persisted#call'
actionpack (8.0.2) lib/action_dispatch/middleware/cookies.rb:706:in 'ActionDispatch::Cookies#call'
activerecord (8.0.2) lib/active_record/migration.rb:671:in 'ActiveRecord::Migration::CheckPending#call'
actionpack (8.0.2) lib/action_dispatch/middleware/callbacks.rb:31:in 'block in ActionDispatch::Callbacks#call'
activesupport (8.0.2) lib/active_support/callbacks.rb:100:in 'ActiveSupport::Callbacks#run_callbacks'
actionpack (8.0.2) lib/action_dispatch/middleware/callbacks.rb:30:in 'ActionDispatch::Callbacks#call'
actionpack (8.0.2) lib/action_dispatch/middleware/executor.rb:16:in 'ActionDispatch::Executor#call'
actionpack (8.0.2) lib/action_dispatch/middleware/actionable_exceptions.rb:18:in 'ActionDispatch::ActionableExceptions#call'
actionpack (8.0.2) lib/action_dispatch/middleware/debug_exceptions.rb:31:in 'ActionDispatch::DebugExceptions#call'
web-console (4.2.1) lib/web_console/middleware.rb:132:in 'WebConsole::Middleware#call_app'
web-console (4.2.1) lib/web_console/middleware.rb:28:in 'block in WebConsole::Middleware#call'
web-console (4.2.1) lib/web_console/middleware.rb:17:in 'Kernel#catch'
web-console (4.2.1) lib/web_console/middleware.rb:17:in 'WebConsole::Middleware#call'
actionpack (8.0.2) lib/action_dispatch/middleware/show_exceptions.rb:32:in 'ActionDispatch::ShowExceptions#call'
railties (8.0.2) lib/rails/rack/logger.rb:41:in 'Rails::Rack::Logger#call_app'
railties (8.0.2) lib/rails/rack/logger.rb:29:in 'Rails::Rack::Logger#call'
actionpack (8.0.2) lib/action_dispatch/middleware/remote_ip.rb:96:in 'ActionDispatch::RemoteIp#call'
actionpack (8.0.2) lib/action_dispatch/middleware/request_id.rb:34:in 'ActionDispatch::RequestId#call'
rack (3.1.15) lib/rack/method_override.rb:28:in 'Rack::MethodOverride#call'
rack (3.1.15) lib/rack/runtime.rb:24:in 'Rack::Runtime#call'
actionpack (8.0.2) lib/action_dispatch/middleware/server_timing.rb:61:in 'block in ActionDispatch::ServerTiming#call'
actionpack (8.0.2) lib/action_dispatch/middleware/server_timing.rb:26:in 'ActionDispatch::ServerTiming::Subscriber#collect_events'
actionpack (8.0.2) lib/action_dispatch/middleware/server_timing.rb:60:in 'ActionDispatch::ServerTiming#call'
actionpack (8.0.2) lib/action_dispatch/middleware/executor.rb:16:in 'ActionDispatch::Executor#call'
actionpack (8.0.2) lib/action_dispatch/middleware/static.rb:27:in 'ActionDispatch::Static#call'
rack (3.1.15) lib/rack/sendfile.rb:114:in 'Rack::Sendfile#call'
actionpack (8.0.2) lib/action_dispatch/middleware/host_authorization.rb:143:in 'ActionDispatch::HostAuthorization#call'
railties (8.0.2) lib/rails/engine.rb:535:in 'Rails::Engine#call'
puma (6.6.0) lib/puma/configuration.rb:279:in 'Puma::Configuration::ConfigMiddleware#call'
puma (6.6.0) lib/puma/request.rb:99:in 'block in Puma::Request#handle_request'
puma (6.6.0) lib/puma/thread_pool.rb:390:in 'Puma::ThreadPool#with_force_shutdown'
puma (6.6.0) lib/puma/request.rb:98:in 'Puma::Request#handle_request'
puma (6.6.0) lib/puma/server.rb:472:in 'Puma::Server#process_client'
puma (6.6.0) lib/puma/server.rb:254:in 'block in Puma::Server#run'
puma (6.6.0) lib/puma/thread_pool.rb:167:in 'block in Puma::ThreadPool#spawn_thread'
Started GET "/.well-known/appspecific/com.chrome.devtools.json" for 127.0.0.1 at 2025-06-08 15:48:56 +0300
  
ActionController::RoutingError (No route matches [GET] "/.well-known/appspecific/com.chrome.devtools.json"):
  
Started GET "/products" for 127.0.0.1 at 2025-06-08 15:49:37 +0300
Processing by ProductsController#index as HTML
  Rendering layout layouts/application.html.erb
  Rendering products/index.html.erb within layouts/application
  [1m[36mProduct Exists? (2.2ms)[0m  [1m[34mSELECT 1 AS one FROM "products" LIMIT 1 /*action='index',application='Store2',controller='products'*/[0m
  ↳ app/views/products/index.html.erb:4
  [1m[36mProduct Load (0.2ms)[0m  [1m[34mSELECT "products".* FROM "products" /*action='index',application='Store2',controller='products'*/[0m
  ↳ app/views/products/index.html.erb:8
  Rendered products/index.html.erb within layouts/application (Duration: 16.6ms | GC: 0.0ms)
  Rendered layout layouts/application.html.erb (Duration: 20.0ms | GC: 0.0ms)
Completed 200 OK in 1372ms (Views: 30.4ms | ActiveRecord: 2.3ms (2 queries, 0 cached) | GC: 0.0ms)


Started GET "/.well-known/appspecific/com.chrome.devtools.json" for 127.0.0.1 at 2025-06-08 15:49:39 +0300
Started GET "/assets/application-8b441ae0.css" for 127.0.0.1 at 2025-06-08 15:49:39 +0300
  
ActionController::RoutingError (No route matches [GET] "/.well-known/appspecific/com.chrome.devtools.json"):
  
Started GET "/products/1" for 127.0.0.1 at 2025-06-08 15:49:45 +0300
Processing by ProductsController#show as HTML
  Parameters: {"id" => "1"}
  [1m[36mProduct Load (0.2ms)[0m  [1m[34mSELECT "products".* FROM "products" WHERE "products"."id" = 1 LIMIT 1 /*action='show',application='Store2',controller='products'*/[0m
  ↳ app/controllers/products_controller.rb:36:in 'ProductsController#set_product'
  Rendering layout layouts/application.html.erb
  Rendering products/show.html.erb within layouts/application
  Rendered products/show.html.erb within layouts/application (Duration: 1.8ms | GC: 0.0ms)
  Rendered layout layouts/application.html.erb (Duration: 4.0ms | GC: 0.0ms)
Completed 200 OK in 1441ms (Views: 5.1ms | ActiveRecord: 0.2ms (1 query, 0 cached) | GC: 0.0ms)


Started GET "/.well-known/appspecific/com.chrome.devtools.json" for 127.0.0.1 at 2025-06-08 15:49:47 +0300
Started GET "/assets/application-8b441ae0.css" for 127.0.0.1 at 2025-06-08 15:49:47 +0300
  
ActionController::RoutingError (No route matches [GET] "/.well-known/appspecific/com.chrome.devtools.json"):
  
Started GET "/products/1/edit" for 127.0.0.1 at 2025-06-08 15:49:50 +0300
Processing by ProductsController#edit as HTML
  Parameters: {"id" => "1"}
  [1m[36mProduct Load (0.2ms)[0m  [1m[34mSELECT "products".* FROM "products" WHERE "products"."id" = 1 LIMIT 1 /*action='edit',application='Store2',controller='products'*/[0m
  ↳ app/controllers/products_controller.rb:36:in 'ProductsController#set_product'
  Rendering layout layouts/application.html.erb
  Rendering products/edit.html.erb within layouts/application
  Rendered products/_form.html.erb (Duration: 2.8ms | GC: 0.0ms)
  Rendered products/edit.html.erb within layouts/application (Duration: 8.3ms | GC: 0.0ms)
  Rendered layout layouts/application.html.erb (Duration: 10.1ms | GC: 0.0ms)
Completed 200 OK in 1368ms (Views: 11.2ms | ActiveRecord: 0.2ms (1 query, 0 cached) | GC: 0.0ms)


Started GET "/.well-known/appspecific/com.chrome.devtools.json" for 127.0.0.1 at 2025-06-08 15:49:52 +0300
Started GET "/assets/application-8b441ae0.css" for 127.0.0.1 at 2025-06-08 15:49:52 +0300
  
ActionController::RoutingError (No route matches [GET] "/.well-known/appspecific/com.chrome.devtools.json"):
  
Started PATCH "/products/1" for 127.0.0.1 at 2025-06-08 15:50:08 +0300
Processing by ProductsController#update as HTML
  Parameters: {"authenticity_token" => "[FILTERED]", "product" => {"name" => "Sweat Pants"}, "commit" => "Update Product", "id" => "1"}
  [1m[36mProduct Load (0.2ms)[0m  [1m[34mSELECT "products".* FROM "products" WHERE "products"."id" = 1 LIMIT 1 /*action='update',application='Store2',controller='products'*/[0m
  ↳ app/controllers/products_controller.rb:36:in 'ProductsController#set_product'
  [1m[36mTRANSACTION (0.1ms)[0m  [1m[35mBEGIN immediate TRANSACTION /*action='update',application='Store2',controller='products'*/[0m
  ↳ app/controllers/products_controller.rb:27:in 'ProductsController#update'
  [1m[36mProduct Update (7.0ms)[0m  [1m[33mUPDATE "products" SET "name" = 'Sweat Pants', "updated_at" = '2025-06-08 12:50:09.702095' WHERE "products"."id" = 1 /*action='update',application='Store2',controller='products'*/[0m
  ↳ app/controllers/products_controller.rb:27:in 'ProductsController#update'
  [1m[36mTRANSACTION (0.2ms)[0m  [1m[35mCOMMIT TRANSACTION /*action='update',application='Store2',controller='products'*/[0m
  ↳ app/controllers/products_controller.rb:27:in 'ProductsController#update'
Redirected to http://127.0.0.1:3000/products/1
Completed 302 Found in 1448ms (ActiveRecord: 7.4ms (2 queries, 0 cached) | GC: 0.0ms)


Started GET "/products/1" for 127.0.0.1 at 2025-06-08 15:50:09 +0300
Processing by ProductsController#show as HTML
  Parameters: {"id" => "1"}
  [1m[36mProduct Load (0.2ms)[0m  [1m[34mSELECT "products".* FROM "products" WHERE "products"."id" = 1 LIMIT 1 /*action='show',application='Store2',controller='products'*/[0m
  ↳ app/controllers/products_controller.rb:36:in 'ProductsController#set_product'
  Rendering layout layouts/application.html.erb
  Rendering products/show.html.erb within layouts/application
  Rendered products/show.html.erb within layouts/application (Duration: 0.9ms | GC: 0.0ms)
  Rendered layout layouts/application.html.erb (Duration: 3.1ms | GC: 0.0ms)
Completed 200 OK in 1434ms (Views: 4.2ms | ActiveRecord: 0.2ms (1 query, 0 cached) | GC: 0.0ms)


Started GET "/.well-known/appspecific/com.chrome.devtools.json" for 127.0.0.1 at 2025-06-08 15:50:11 +0300
Started GET "/assets/application-8b441ae0.css" for 127.0.0.1 at 2025-06-08 15:50:11 +0300
  
ActionController::RoutingError (No route matches [GET] "/.well-known/appspecific/com.chrome.devtools.json"):
  
  [1m[36mProduct Load (3.9ms)[0m  [1m[34mSELECT "products".* FROM "products" /* loading for pp */ LIMIT 11 /*application='Store2'*/[0m
Started GET "/products/1" for 127.0.0.1 at 2025-06-08 15:52:28 +0300
Processing by ProductsController#show as HTML
  Parameters: {"id" => "1"}
  [1m[36mProduct Load (0.1ms)[0m  [1m[34mSELECT "products".* FROM "products" WHERE "products"."id" = 1 LIMIT 1 /*action='show',application='Store2',controller='products'*/[0m
  ↳ app/controllers/products_controller.rb:41:in 'ProductsController#set_product'
  Rendering layout layouts/application.html.erb
  Rendering products/show.html.erb within layouts/application
  Rendered products/show.html.erb within layouts/application (Duration: 4.9ms | GC: 0.0ms)
  Rendered layout layouts/application.html.erb (Duration: 8.1ms | GC: 0.0ms)
Completed 200 OK in 1376ms (Views: 21.3ms | ActiveRecord: 3.9ms (1 query, 0 cached) | GC: 0.0ms)


Started GET "/.well-known/appspecific/com.chrome.devtools.json" for 127.0.0.1 at 2025-06-08 15:52:30 +0300
Started GET "/assets/application-8b441ae0.css" for 127.0.0.1 at 2025-06-08 15:52:30 +0300
  
ActionController::RoutingError (No route matches [GET] "/.well-known/appspecific/com.chrome.devtools.json"):
  
Started DELETE "/products/1" for 127.0.0.1 at 2025-06-08 15:52:32 +0300
Processing by ProductsController#destroy as HTML
  Parameters: {"authenticity_token" => "[FILTERED]", "id" => "1"}
  [1m[36mProduct Load (0.3ms)[0m  [1m[34mSELECT "products".* FROM "products" WHERE "products"."id" = 1 LIMIT 1 /*action='destroy',application='Store2',controller='products'*/[0m
  ↳ app/controllers/products_controller.rb:41:in 'ProductsController#set_product'
  [1m[36mTRANSACTION (0.1ms)[0m  [1m[35mBEGIN immediate TRANSACTION /*action='destroy',application='Store2',controller='products'*/[0m
  ↳ app/controllers/products_controller.rb:35:in 'ProductsController#destroy'
  [1m[36mProduct Destroy (6.5ms)[0m  [1m[31mDELETE FROM "products" WHERE "products"."id" = 1 /*action='destroy',application='Store2',controller='products'*/[0m
  ↳ app/controllers/products_controller.rb:35:in 'ProductsController#destroy'
  [1m[36mTRANSACTION (0.3ms)[0m  [1m[35mCOMMIT TRANSACTION /*action='destroy',application='Store2',controller='products'*/[0m
  ↳ app/controllers/products_controller.rb:35:in 'ProductsController#destroy'
Redirected to http://127.0.0.1:3000/products
Completed 302 Found in 1359ms (ActiveRecord: 7.1ms (2 queries, 0 cached) | GC: 0.0ms)


Started GET "/products" for 127.0.0.1 at 2025-06-08 15:52:34 +0300
Processing by ProductsController#index as HTML
  Rendering layout layouts/application.html.erb
  Rendering products/index.html.erb within layouts/application
  [1m[36mProduct Exists? (0.2ms)[0m  [1m[34mSELECT 1 AS one FROM "products" LIMIT 1 /*action='index',application='Store2',controller='products'*/[0m
  ↳ app/views/products/index.html.erb:4
  [1m[36mProduct Load (0.2ms)[0m  [1m[34mSELECT "products".* FROM "products" /*action='index',application='Store2',controller='products'*/[0m
  ↳ app/views/products/index.html.erb:8
  Rendered products/index.html.erb within layouts/application (Duration: 10.6ms | GC: 0.0ms)
  Rendered layout layouts/application.html.erb (Duration: 12.9ms | GC: 0.0ms)
Completed 200 OK in 1364ms (Views: 13.6ms | ActiveRecord: 0.3ms (2 queries, 0 cached) | GC: 0.0ms)


Started GET "/.well-known/appspecific/com.chrome.devtools.json" for 127.0.0.1 at 2025-06-08 15:52:36 +0300
Started GET "/assets/application-8b441ae0.css" for 127.0.0.1 at 2025-06-08 15:52:36 +0300
  
ActionController::RoutingError (No route matches [GET] "/.well-known/appspecific/com.chrome.devtools.json"):
  
Started GET "/products/3" for 127.0.0.1 at 2025-06-08 15:52:48 +0300
Processing by ProductsController#show as HTML
  Parameters: {"id" => "3"}
  [1m[36mProduct Load (0.2ms)[0m  [1m[34mSELECT "products".* FROM "products" WHERE "products"."id" = 3 LIMIT 1 /*action='show',application='Store2',controller='products'*/[0m
  ↳ app/controllers/products_controller.rb:41:in 'ProductsController#set_product'
  Rendering layout layouts/application.html.erb
  Rendering products/show.html.erb within layouts/application
  Rendered products/show.html.erb within layouts/application (Duration: 1.7ms | GC: 0.0ms)
  Rendered layout layouts/application.html.erb (Duration: 3.5ms | GC: 0.0ms)
Completed 200 OK in 1411ms (Views: 4.5ms | ActiveRecord: 0.2ms (1 query, 0 cached) | GC: 0.0ms)


Started GET "/.well-known/appspecific/com.chrome.devtools.json" for 127.0.0.1 at 2025-06-08 15:52:50 +0300
Started GET "/assets/application-8b441ae0.css" for 127.0.0.1 at 2025-06-08 15:52:50 +0300
  
ActionController::RoutingError (No route matches [GET] "/.well-known/appspecific/com.chrome.devtools.json"):
  
Started DELETE "/products/3" for 127.0.0.1 at 2025-06-08 15:52:52 +0300
Processing by ProductsController#destroy as HTML
  Parameters: {"authenticity_token" => "[FILTERED]", "id" => "3"}
  [1m[36mProduct Load (0.2ms)[0m  [1m[34mSELECT "products".* FROM "products" WHERE "products"."id" = 3 LIMIT 1 /*action='destroy',application='Store2',controller='products'*/[0m
  ↳ app/controllers/products_controller.rb:41:in 'ProductsController#set_product'
  [1m[36mTRANSACTION (0.1ms)[0m  [1m[35mBEGIN immediate TRANSACTION /*action='destroy',application='Store2',controller='products'*/[0m
  ↳ app/controllers/products_controller.rb:35:in 'ProductsController#destroy'
  [1m[36mProduct Destroy (6.3ms)[0m  [1m[31mDELETE FROM "products" WHERE "products"."id" = 3 /*action='destroy',application='Store2',controller='products'*/[0m
  ↳ app/controllers/products_controller.rb:35:in 'ProductsController#destroy'
  [1m[36mTRANSACTION (0.3ms)[0m  [1m[35mCOMMIT TRANSACTION /*action='destroy',application='Store2',controller='products'*/[0m
  ↳ app/controllers/products_controller.rb:35:in 'ProductsController#destroy'
Redirected to http://127.0.0.1:3000/products
Completed 302 Found in 1455ms (ActiveRecord: 6.9ms (2 queries, 0 cached) | GC: 0.0ms)


Started GET "/products" for 127.0.0.1 at 2025-06-08 15:52:53 +0300
Processing by ProductsController#index as HTML
  Rendering layout layouts/application.html.erb
  Rendering products/index.html.erb within layouts/application
  [1m[36mProduct Exists? (0.2ms)[0m  [1m[34mSELECT 1 AS one FROM "products" LIMIT 1 /*action='index',application='Store2',controller='products'*/[0m
  ↳ app/views/products/index.html.erb:4
  [1m[36mProduct Load (0.1ms)[0m  [1m[34mSELECT "products".* FROM "products" /*action='index',application='Store2',controller='products'*/[0m
  ↳ app/views/products/index.html.erb:8
  Rendered products/index.html.erb within layouts/application (Duration: 9.5ms | GC: 0.0ms)
  Rendered layout layouts/application.html.erb (Duration: 11.7ms | GC: 0.0ms)
Completed 200 OK in 1355ms (Views: 12.5ms | ActiveRecord: 0.3ms (2 queries, 0 cached) | GC: 0.0ms)


Started GET "/.well-known/appspecific/com.chrome.devtools.json" for 127.0.0.1 at 2025-06-08 15:52:55 +0300
Started GET "/assets/application-8b441ae0.css" for 127.0.0.1 at 2025-06-08 15:52:55 +0300
  
ActionController::RoutingError (No route matches [GET] "/.well-known/appspecific/com.chrome.devtools.json"):
  
  [1m[36mCACHE ActiveRecord::SchemaMigration Load (0.0ms)[0m  [1m[34mSELECT "schema_migrations"."version" FROM "schema_migrations" ORDER BY "schema_migrations"."version" ASC[0m
  [1m[36mCACHE ActiveRecord::SchemaMigration Load (0.0ms)[0m  [1m[34mSELECT "schema_migrations"."version" FROM "schema_migrations" ORDER BY "schema_migrations"."version" ASC[0m
  [1m[36mActiveRecord::InternalMetadata Load (0.3ms)[0m  [1m[34mSELECT * FROM "ar_internal_metadata" WHERE "ar_internal_metadata"."key" = 'environment' ORDER BY "ar_internal_metadata"."key" ASC LIMIT 1 /*application='Store2'*/[0m
  [1m[36mActiveRecord::SchemaMigration Load (0.2ms)[0m  [1m[34mSELECT "schema_migrations"."version" FROM "schema_migrations" ORDER BY "schema_migrations"."version" ASC /*application='Store2'*/[0m
Migrating to CreateUsers (20250608130053)
  [1m[36mTRANSACTION (0.1ms)[0m  [1m[35mBEGIN immediate TRANSACTION /*application='Store2'*/[0m
  [1m[35m (32.1ms)[0m  [1m[35mCREATE TABLE "users" ("id" integer PRIMARY KEY AUTOINCREMENT NOT NULL, "email_address" varchar NOT NULL, "password_digest" varchar NOT NULL, "created_at" datetime(6) NOT NULL, "updated_at" datetime(6) NOT NULL) /*application='Store2'*/[0m
  [1m[35m (1.2ms)[0m  [1m[35mCREATE UNIQUE INDEX "index_users_on_email_address" ON "users" ("email_address") /*application='Store2'*/[0m
  [1m[36mActiveRecord::SchemaMigration Create (0.3ms)[0m  [1m[32mINSERT INTO "schema_migrations" ("version") VALUES ('20250608130053') RETURNING "version" /*application='Store2'*/[0m
  [1m[36mTRANSACTION (3.1ms)[0m  [1m[35mCOMMIT TRANSACTION /*application='Store2'*/[0m
Migrating to CreateSessions (20250608130106)
  [1m[36mTRANSACTION (0.2ms)[0m  [1m[35mBEGIN immediate TRANSACTION /*application='Store2'*/[0m
  [1m[35m (8.1ms)[0m  [1m[35mCREATE TABLE "sessions" ("id" integer PRIMARY KEY AUTOINCREMENT NOT NULL, "user_id" integer NOT NULL, "ip_address" varchar, "user_agent" varchar, "created_at" datetime(6) NOT NULL, "updated_at" datetime(6) NOT NULL, CONSTRAINT "fk_rails_758836b4f0"
FOREIGN KEY ("user_id")
  REFERENCES "users" ("id")
) /*application='Store2'*/[0m
  [1m[35m (0.3ms)[0m  [1m[35mCREATE INDEX "index_sessions_on_user_id" ON "sessions" ("user_id") /*application='Store2'*/[0m
  [1m[36mActiveRecord::SchemaMigration Create (0.4ms)[0m  [1m[32mINSERT INTO "schema_migrations" ("version") VALUES ('20250608130106') RETURNING "version" /*application='Store2'*/[0m
  [1m[36mTRANSACTION (0.4ms)[0m  [1m[35mCOMMIT TRANSACTION /*application='Store2'*/[0m
  [1m[36mActiveRecord::SchemaMigration Load (0.2ms)[0m  [1m[34mSELECT "schema_migrations"."version" FROM "schema_migrations" ORDER BY "schema_migrations"."version" ASC /*application='Store2'*/[0m
  [1m[36mActiveRecord::SchemaMigration Load (0.3ms)[0m  [1m[34mSELECT "schema_migrations"."version" FROM "schema_migrations" ORDER BY "schema_migrations"."version" ASC /*application='Store2'*/[0m
  [1m[36mTRANSACTION (0.2ms)[0m  [1m[35mBEGIN immediate TRANSACTION /*application='Store2'*/[0m
  [1m[36mUser Create (1.7ms)[0m  [1m[32mINSERT INTO "users" ("email_address", "password_digest", "created_at", "updated_at") VALUES ('moamen@gmail.com', '$2a$12$7tU8p3veFdHmT5DE8za.x.a9CTy7qHJvpyXziAc.7EMz30YmDbNBq', '2025-06-08 13:03:25.939962', '2025-06-08 13:03:25.939962') RETURNING "id" /*application='Store2'*/[0m
  [1m[36mTRANSACTION (7.8ms)[0m  [1m[35mCOMMIT TRANSACTION /*application='Store2'*/[0m
Started GET "/products/new" for ::1 at 2025-06-08 16:03:47 +0300
  [1m[36mActiveRecord::SchemaMigration Load (0.2ms)[0m  [1m[34mSELECT "schema_migrations"."version" FROM "schema_migrations" ORDER BY "schema_migrations"."version" ASC /*application='Store2'*/[0m
Processing by ProductsController#new as HTML
Redirected to http://localhost:3000/session/new
Filter chain halted as :require_authentication rendered or redirected
Completed 302 Found in 1389ms (ActiveRecord: 0.0ms (0 queries, 0 cached) | GC: 0.0ms)


Started GET "/session/new" for ::1 at 2025-06-08 16:03:49 +0300
Processing by SessionsController#new as HTML
  Rendering layout layouts/application.html.erb
  Rendering sessions/new.html.erb within layouts/application
  Rendered sessions/new.html.erb within layouts/application (Duration: 30.2ms | GC: 0.0ms)
  Rendered layout layouts/application.html.erb (Duration: 33.1ms | GC: 0.0ms)
Completed 200 OK in 1438ms (Views: 46.5ms | ActiveRecord: 0.0ms (0 queries, 0 cached) | GC: 0.0ms)


Started GET "/.well-known/appspecific/com.chrome.devtools.json" for ::1 at 2025-06-08 16:03:50 +0300
Started GET "/assets/application-8b441ae0.css" for ::1 at 2025-06-08 16:03:51 +0300
  
ActionController::RoutingError (No route matches [GET] "/.well-known/appspecific/com.chrome.devtools.json"):
  
Started POST "/session" for ::1 at 2025-06-08 16:04:01 +0300
Processing by SessionsController#create as HTML
  Parameters: {"authenticity_token" => "[FILTERED]", "email_address" => "[FILTERED]", "password" => "[FILTERED]", "commit" => "Sign in"}
Completed 500 Internal Server Error in 1425ms (ActiveRecord: 0.0ms (0 queries, 0 cached) | GC: 0.0ms)


  
LoadError (cannot load such file -- bcrypt):
  
app/models/user.rb:2:in '<class:User>'
app/models/user.rb:1:in '<main>'
app/controllers/sessions_controller.rb:9:in 'SessionsController#create'
Started GET "/.well-known/appspecific/com.chrome.devtools.json" for ::1 at 2025-06-08 16:04:03 +0300
  
ActionController::RoutingError (No route matches [GET] "/.well-known/appspecific/com.chrome.devtools.json"):
  
Started GET "/favicon.ico" for ::1 at 2025-06-08 16:04:04 +0300
  
ActionController::RoutingError (No route matches [GET] "/favicon.ico"):
  
Started GET "/session/new" for ::1 at 2025-06-08 16:05:10 +0300
  [1m[36mActiveRecord::SchemaMigration Load (0.3ms)[0m  [1m[34mSELECT "schema_migrations"."version" FROM "schema_migrations" ORDER BY "schema_migrations"."version" ASC /*application='Store2'*/[0m
Processing by SessionsController#new as HTML
  Rendering layout layouts/application.html.erb
  Rendering sessions/new.html.erb within layouts/application
  Rendered sessions/new.html.erb within layouts/application (Duration: 55.1ms | GC: 0.5ms)
  Rendered layout layouts/application.html.erb (Duration: 76.8ms | GC: 0.5ms)
Completed 200 OK in 2939ms (Views: 103.6ms | ActiveRecord: 0.0ms (0 queries, 0 cached) | GC: 0.6ms)


Started GET "/.well-known/appspecific/com.chrome.devtools.json" for ::1 at 2025-06-08 16:05:14 +0300
Started GET "/assets/application-8b441ae0.css" for ::1 at 2025-06-08 16:05:14 +0300
  
ActionController::RoutingError (No route matches [GET] "/.well-known/appspecific/com.chrome.devtools.json"):
  
Started POST "/session" for ::1 at 2025-06-08 16:05:29 +0300
Processing by SessionsController#create as HTML
  Parameters: {"authenticity_token" => "[FILTERED]", "email_address" => "[FILTERED]", "password" => "[FILTERED]", "commit" => "Sign in"}
[31mUnpermitted parameters: :authenticity_token, :commit. Context: { controller: SessionsController, action: create, request: #<ActionDispatch::Request:0x0000029ff3691550>, params: {"authenticity_token" => "[FILTERED]", "email_address" => "[FILTERED]", "password" => "[FILTERED]", "commit" => "Sign in", "controller" => "sessions", "action" => "create"} }[0m
  [1m[36mUser Load (0.3ms)[0m  [1m[34mSELECT "users".* FROM "users" WHERE "users"."email_address" = 'moamen@gmail.com' LIMIT 1 /*action='create',application='Store2',controller='sessions'*/[0m
  ↳ app/controllers/sessions_controller.rb:9:in 'SessionsController#create'
  [1m[36mTRANSACTION (0.1ms)[0m  [1m[35mBEGIN immediate TRANSACTION /*action='create',application='Store2',controller='sessions'*/[0m
  ↳ app/controllers/concerns/authentication.rb:42:in 'Authentication#start_new_session_for'
  [1m[36mSession Create (7.9ms)[0m  [1m[32mINSERT INTO "sessions" ("user_id", "ip_address", "user_agent", "created_at", "updated_at") VALUES (1, '::1', 'Mozilla/5.0 (Windows NT 10.0; Win64; x64) AppleWebKit/537.36 (KHTML, like Gecko) Chrome/137.0.0.0 Safari/537.36', '2025-06-08 13:05:32.169180', '2025-06-08 13:05:32.169180') RETURNING "id" /*action='create',application='Store2',controller='sessions'*/[0m
  ↳ app/controllers/concerns/authentication.rb:42:in 'Authentication#start_new_session_for'
  [1m[36mTRANSACTION (0.5ms)[0m  [1m[35mCOMMIT TRANSACTION /*action='create',application='Store2',controller='sessions'*/[0m
  ↳ app/controllers/concerns/authentication.rb:42:in 'Authentication#start_new_session_for'
Redirected to http://localhost:3000/products/new
Completed 302 Found in 2203ms (ActiveRecord: 12.3ms (2 queries, 0 cached) | GC: 0.2ms)


Started GET "/products/new" for ::1 at 2025-06-08 16:05:32 +0300
Processing by ProductsController#new as HTML
  [1m[36mSession Load (0.2ms)[0m  [1m[34mSELECT "sessions".* FROM "sessions" WHERE "sessions"."id" = 1 LIMIT 1 /*action='new',application='Store2',controller='products'*/[0m
  ↳ app/controllers/concerns/authentication.rb:29:in 'Authentication#find_session_by_cookie'
  Rendering layout layouts/application.html.erb
  Rendering products/new.html.erb within layouts/application
  Rendered products/_form.html.erb (Duration: 21.5ms | GC: 0.2ms)
  Rendered products/new.html.erb within layouts/application (Duration: 31.3ms | GC: 0.2ms)
  Rendered layout layouts/application.html.erb (Duration: 34.2ms | GC: 0.2ms)
Completed 200 OK in 1500ms (Views: 50.8ms | ActiveRecord: 1.3ms (1 query, 0 cached) | GC: 0.3ms)


Started GET "/.well-known/appspecific/com.chrome.devtools.json" for ::1 at 2025-06-08 16:05:34 +0300
Started GET "/assets/application-8b441ae0.css" for ::1 at 2025-06-08 16:05:34 +0300
  
ActionController::RoutingError (No route matches [GET] "/.well-known/appspecific/com.chrome.devtools.json"):
  
Started GET "/products/new" for ::1 at 2025-06-08 16:07:56 +0300
Processing by ProductsController#new as HTML
  [1m[36mSession Load (0.2ms)[0m  [1m[34mSELECT "sessions".* FROM "sessions" WHERE "sessions"."id" = 1 LIMIT 1 /*action='new',application='Store2',controller='products'*/[0m
  ↳ app/controllers/concerns/authentication.rb:29:in 'Authentication#find_session_by_cookie'
  Rendering layout layouts/application.html.erb
  Rendering products/new.html.erb within layouts/application
  Rendered products/_form.html.erb (Duration: 2.8ms | GC: 0.0ms)
  Rendered products/new.html.erb within layouts/application (Duration: 10.3ms | GC: 0.0ms)
  Rendered layout layouts/application.html.erb (Duration: 14.2ms | GC: 0.0ms)
Completed 500 Internal Server Error in 1446ms (ActiveRecord: 3.9ms (1 query, 0 cached) | GC: 0.2ms)


  
ActionView::Template::Error (undefined local variable or method 'root_path' for an instance of #<Class:0x0000029ff3698170>)
Caused by: NameError (undefined local variable or method 'root_path' for an instance of #<Class:0x0000029ff3698170>)

Information for: ActionView::Template::Error (undefined local variable or method 'root_path' for an instance of #<Class:0x0000029ff3698170>):
    24:   <body>
    25:       <body>
    26:     <nav>
    27:       <%= link_to "Home", root_path %>
    28:       <%= button_to "Log out", session_path, method: :delete if authenticated? %>
    29:     </nav>
    30: 
  
app/views/layouts/application.html.erb:27

Information for cause: NameError (undefined local variable or method 'root_path' for an instance of #<Class:0x0000029ff3698170>):
  
app/views/layouts/application.html.erb:27
Started GET "/.well-known/appspecific/com.chrome.devtools.json" for ::1 at 2025-06-08 16:08:00 +0300
  
ActionController::RoutingError (No route matches [GET] "/.well-known/appspecific/com.chrome.devtools.json"):
  
Started GET "/products/new" for ::1 at 2025-06-08 16:08:57 +0300
Processing by ProductsController#new as HTML
  [1m[36mSession Load (0.2ms)[0m  [1m[34mSELECT "sessions".* FROM "sessions" WHERE "sessions"."id" = 1 LIMIT 1 /*action='new',application='Store2',controller='products'*/[0m
  ↳ app/controllers/concerns/authentication.rb:29:in 'Authentication#find_session_by_cookie'
  Rendering layout layouts/application.html.erb
  Rendering products/new.html.erb within layouts/application
  Rendered products/_form.html.erb (Duration: 2.6ms | GC: 0.0ms)
  Rendered products/new.html.erb within layouts/application (Duration: 8.1ms | GC: 0.0ms)
  Rendered layout layouts/application.html.erb (Duration: 12.0ms | GC: 0.0ms)
Completed 500 Internal Server Error in 1412ms (ActiveRecord: 3.4ms (1 query, 0 cached) | GC: 0.0ms)


  
ActionView::Template::Error (undefined local variable or method 'root_path' for an instance of #<Class:0x0000029ff36955b0>)
Caused by: NameError (undefined local variable or method 'root_path' for an instance of #<Class:0x0000029ff36955b0>)

Information for: ActionView::Template::Error (undefined local variable or method 'root_path' for an instance of #<Class:0x0000029ff36955b0>):
    24:   <body>
    25:       <body>
    26:     <nav>
    27:       <%= link_to "Home", root_path %>
    28:       <%= button_to "Log out", session_path, method: :delete if authenticated? %>
    29:     </nav>
    30: 
  
app/views/layouts/application.html.erb:27

Information for cause: NameError (undefined local variable or method 'root_path' for an instance of #<Class:0x0000029ff36955b0>):
  
app/views/layouts/application.html.erb:27
Started GET "/.well-known/appspecific/com.chrome.devtools.json" for ::1 at 2025-06-08 16:09:00 +0300
  
ActionController::RoutingError (No route matches [GET] "/.well-known/appspecific/com.chrome.devtools.json"):
  
Started GET "/products" for ::1 at 2025-06-08 16:09:06 +0300
Processing by ProductsController#index as HTML
  [1m[36mSession Load (0.2ms)[0m  [1m[34mSELECT "sessions".* FROM "sessions" WHERE "sessions"."id" = 1 LIMIT 1 /*action='index',application='Store2',controller='products'*/[0m
  ↳ app/controllers/concerns/authentication.rb:29:in 'Authentication#find_session_by_cookie'
  Rendering layout layouts/application.html.erb
  Rendering products/index.html.erb within layouts/application
  [1m[36mProduct Exists? (0.3ms)[0m  [1m[34mSELECT 1 AS one FROM "products" LIMIT 1 /*action='index',application='Store2',controller='products'*/[0m
  ↳ app/views/products/index.html.erb:4
  [1m[36mProduct Load (0.2ms)[0m  [1m[34mSELECT "products".* FROM "products" /*action='index',application='Store2',controller='products'*/[0m
  ↳ app/views/products/index.html.erb:8
  Rendered products/index.html.erb within layouts/application (Duration: 15.0ms | GC: 0.0ms)
  Rendered layout layouts/application.html.erb (Duration: 18.0ms | GC: 0.0ms)
Completed 500 Internal Server Error in 1375ms (ActiveRecord: 0.6ms (3 queries, 0 cached) | GC: 0.0ms)


  
ActionView::Template::Error (undefined local variable or method 'root_path' for an instance of #<Class:0x0000029ff36955b0>)
Caused by: NameError (undefined local variable or method 'root_path' for an instance of #<Class:0x0000029ff36955b0>)

Information for: ActionView::Template::Error (undefined local variable or method 'root_path' for an instance of #<Class:0x0000029ff36955b0>):
    24:   <body>
    25:       <body>
    26:     <nav>
    27:       <%= link_to "Home", root_path %>
    28:       <%= button_to "Log out", session_path, method: :delete if authenticated? %>
    29:     </nav>
    30: 
  
app/views/layouts/application.html.erb:27

Information for cause: NameError (undefined local variable or method 'root_path' for an instance of #<Class:0x0000029ff36955b0>):
  
app/views/layouts/application.html.erb:27
Started GET "/.well-known/appspecific/com.chrome.devtools.json" for ::1 at 2025-06-08 16:09:09 +0300
  
ActionController::RoutingError (No route matches [GET] "/.well-known/appspecific/com.chrome.devtools.json"):
  
Started GET "/products" for ::1 at 2025-06-08 16:09:52 +0300
Processing by ProductsController#index as HTML
  [1m[36mSession Load (0.4ms)[0m  [1m[34mSELECT "sessions".* FROM "sessions" WHERE "sessions"."id" = 1 LIMIT 1 /*action='index',application='Store2',controller='products'*/[0m
  ↳ app/controllers/concerns/authentication.rb:29:in 'Authentication#find_session_by_cookie'
  Rendering layout layouts/application.html.erb
  Rendering products/index.html.erb within layouts/application
  [1m[36mProduct Exists? (0.1ms)[0m  [1m[34mSELECT 1 AS one FROM "products" LIMIT 1 /*action='index',application='Store2',controller='products'*/[0m
  ↳ app/views/products/index.html.erb:4
  [1m[36mProduct Load (0.2ms)[0m  [1m[34mSELECT "products".* FROM "products" /*action='index',application='Store2',controller='products'*/[0m
  ↳ app/views/products/index.html.erb:8
  Rendered products/index.html.erb within layouts/application (Duration: 21.2ms | GC: 0.0ms)
  Rendered layout layouts/application.html.erb (Duration: 27.2ms | GC: 0.0ms)
Completed 200 OK in 1963ms (Views: 40.9ms | ActiveRecord: 499.4ms (3 queries, 0 cached) | GC: 0.0ms)


Started GET "/.well-known/appspecific/com.chrome.devtools.json" for ::1 at 2025-06-08 16:09:55 +0300
Started GET "/assets/application-8b441ae0.css" for ::1 at 2025-06-08 16:09:55 +0300
  
ActionController::RoutingError (No route matches [GET] "/.well-known/appspecific/com.chrome.devtools.json"):
  
Started GET "/products/2" for ::1 at 2025-06-08 16:10:02 +0300
Processing by ProductsController#show as HTML
  Parameters: {"id" => "2"}
  [1m[36mSession Load (0.2ms)[0m  [1m[34mSELECT "sessions".* FROM "sessions" WHERE "sessions"."id" = 1 LIMIT 1 /*action='show',application='Store2',controller='products'*/[0m
  ↳ app/controllers/concerns/authentication.rb:29:in 'Authentication#find_session_by_cookie'
  [1m[36mProduct Load (0.2ms)[0m  [1m[34mSELECT "products".* FROM "products" WHERE "products"."id" = 2 LIMIT 1 /*action='show',application='Store2',controller='products'*/[0m
  ↳ app/controllers/products_controller.rb:41:in 'ProductsController#set_product'
  Rendering layout layouts/application.html.erb
  Rendering products/show.html.erb within layouts/application
  Rendered products/show.html.erb within layouts/application (Duration: 3.0ms | GC: 0.0ms)
  Rendered layout layouts/application.html.erb (Duration: 6.0ms | GC: 0.0ms)
Completed 200 OK in 1461ms (Views: 7.1ms | ActiveRecord: 0.4ms (2 queries, 0 cached) | GC: 0.0ms)


Started GET "/.well-known/appspecific/com.chrome.devtools.json" for ::1 at 2025-06-08 16:10:04 +0300
Started GET "/assets/application-8b441ae0.css" for ::1 at 2025-06-08 16:10:04 +0300
  
ActionController::RoutingError (No route matches [GET] "/.well-known/appspecific/com.chrome.devtools.json"):
  
Started GET "/products" for ::1 at 2025-06-08 16:10:06 +0300
Processing by ProductsController#index as HTML
  [1m[36mSession Load (0.2ms)[0m  [1m[34mSELECT "sessions".* FROM "sessions" WHERE "sessions"."id" = 1 LIMIT 1 /*action='index',application='Store2',controller='products'*/[0m
  ↳ app/controllers/concerns/authentication.rb:29:in 'Authentication#find_session_by_cookie'
  Rendering layout layouts/application.html.erb
  Rendering products/index.html.erb within layouts/application
  [1m[36mProduct Exists? (0.2ms)[0m  [1m[34mSELECT 1 AS one FROM "products" LIMIT 1 /*action='index',application='Store2',controller='products'*/[0m
  ↳ app/views/products/index.html.erb:4
  [1m[36mProduct Load (0.3ms)[0m  [1m[34mSELECT "products".* FROM "products" /*action='index',application='Store2',controller='products'*/[0m
  ↳ app/views/products/index.html.erb:8
  Rendered products/index.html.erb within layouts/application (Duration: 12.2ms | GC: 0.0ms)
  Rendered layout layouts/application.html.erb (Duration: 15.5ms | GC: 0.0ms)
Completed 200 OK in 1447ms (Views: 16.2ms | ActiveRecord: 0.7ms (3 queries, 0 cached) | GC: 0.0ms)


Started GET "/.well-known/appspecific/com.chrome.devtools.json" for ::1 at 2025-06-08 16:10:08 +0300
Started GET "/assets/application-8b441ae0.css" for ::1 at 2025-06-08 16:10:09 +0300
  
ActionController::RoutingError (No route matches [GET] "/.well-known/appspecific/com.chrome.devtools.json"):
  
Started GET "/products" for ::1 at 2025-06-08 16:14:06 +0300
Processing by ProductsController#index as HTML
  Rendering layout layouts/application.html.erb
  Rendering products/index.html.erb within layouts/application
  [1m[36mSession Load (0.7ms)[0m  [1m[34mSELECT "sessions".* FROM "sessions" WHERE "sessions"."id" = 1 LIMIT 1 /*action='index',application='Store2',controller='products'*/[0m
  ↳ app/controllers/concerns/authentication.rb:29:in 'Authentication#find_session_by_cookie'
  [1m[36mProduct Exists? (0.1ms)[0m  [1m[34mSELECT 1 AS one FROM "products" LIMIT 1 /*action='index',application='Store2',controller='products'*/[0m
  ↳ app/views/products/index.html.erb:4
  [1m[36mProduct Load (0.2ms)[0m  [1m[34mSELECT "products".* FROM "products" /*action='index',application='Store2',controller='products'*/[0m
  ↳ app/views/products/index.html.erb:8
  Rendered products/index.html.erb within layouts/application (Duration: 40.7ms | GC: 0.0ms)
  Rendered layout layouts/application.html.erb (Duration: 44.7ms | GC: 0.0ms)
Completed 200 OK in 1421ms (Views: 52.4ms | ActiveRecord: 5.3ms (3 queries, 0 cached) | GC: 0.0ms)


Started GET "/.well-known/appspecific/com.chrome.devtools.json" for ::1 at 2025-06-08 16:14:08 +0300
Started GET "/assets/application-8b441ae0.css" for ::1 at 2025-06-08 16:14:08 +0300
  
ActionController::RoutingError (No route matches [GET] "/.well-known/appspecific/com.chrome.devtools.json"):
  
Started DELETE "/session" for ::1 at 2025-06-08 16:14:11 +0300
Processing by SessionsController#destroy as HTML
  Parameters: {"authenticity_token" => "[FILTERED]"}
  [1m[36mSession Load (0.2ms)[0m  [1m[34mSELECT "sessions".* FROM "sessions" WHERE "sessions"."id" = 1 LIMIT 1 /*action='destroy',application='Store2',controller='sessions'*/[0m
  ↳ app/controllers/concerns/authentication.rb:29:in 'Authentication#find_session_by_cookie'
  [1m[36mTRANSACTION (0.1ms)[0m  [1m[35mBEGIN immediate TRANSACTION /*action='destroy',application='Store2',controller='sessions'*/[0m
  ↳ app/controllers/concerns/authentication.rb:49:in 'Authentication#terminate_session'
  [1m[36mSession Destroy (5.1ms)[0m  [1m[31mDELETE FROM "sessions" WHERE "sessions"."id" = 1 /*action='destroy',application='Store2',controller='sessions'*/[0m
  ↳ app/controllers/concerns/authentication.rb:49:in 'Authentication#terminate_session'
  [1m[36mTRANSACTION (7.8ms)[0m  [1m[35mCOMMIT TRANSACTION /*action='destroy',application='Store2',controller='sessions'*/[0m
  ↳ app/controllers/concerns/authentication.rb:49:in 'Authentication#terminate_session'
Redirected to http://localhost:3000/session/new
Completed 302 Found in 1384ms (ActiveRecord: 13.1ms (2 queries, 0 cached) | GC: 0.2ms)


Started GET "/session/new" for ::1 at 2025-06-08 16:14:13 +0300
Processing by SessionsController#new as HTML
  Rendering layout layouts/application.html.erb
  Rendering sessions/new.html.erb within layouts/application
  Rendered sessions/new.html.erb within layouts/application (Duration: 3.3ms | GC: 0.0ms)
  Rendered layout layouts/application.html.erb (Duration: 5.2ms | GC: 0.0ms)
Completed 200 OK in 1446ms (Views: 14.7ms | ActiveRecord: 0.0ms (0 queries, 0 cached) | GC: 0.0ms)


Started GET "/.well-known/appspecific/com.chrome.devtools.json" for ::1 at 2025-06-08 16:14:14 +0300
Started GET "/assets/application-8b441ae0.css" for ::1 at 2025-06-08 16:14:14 +0300
  
ActionController::RoutingError (No route matches [GET] "/.well-known/appspecific/com.chrome.devtools.json"):
  
Started GET "/products" for ::1 at 2025-06-08 16:14:18 +0300
Processing by ProductsController#index as HTML
  Rendering layout layouts/application.html.erb
  Rendering products/index.html.erb within layouts/application
  [1m[36mProduct Exists? (0.2ms)[0m  [1m[34mSELECT 1 AS one FROM "products" LIMIT 1 /*action='index',application='Store2',controller='products'*/[0m
  ↳ app/views/products/index.html.erb:4
  [1m[36mProduct Load (0.1ms)[0m  [1m[34mSELECT "products".* FROM "products" /*action='index',application='Store2',controller='products'*/[0m
  ↳ app/views/products/index.html.erb:8
  Rendered products/index.html.erb within layouts/application (Duration: 9.8ms | GC: 0.0ms)
  Rendered layout layouts/application.html.erb (Duration: 12.2ms | GC: 0.0ms)
Completed 200 OK in 1367ms (Views: 12.9ms | ActiveRecord: 0.3ms (2 queries, 0 cached) | GC: 0.0ms)


Started GET "/.well-known/appspecific/com.chrome.devtools.json" for ::1 at 2025-06-08 16:14:20 +0300
Started GET "/assets/application-8b441ae0.css" for ::1 at 2025-06-08 16:14:20 +0300
  
ActionController::RoutingError (No route matches [GET] "/.well-known/appspecific/com.chrome.devtools.json"):
  
Started GET "/products/2" for ::1 at 2025-06-08 16:14:23 +0300
Processing by ProductsController#show as HTML
  Parameters: {"id" => "2"}
  [1m[36mProduct Load (0.2ms)[0m  [1m[34mSELECT "products".* FROM "products" WHERE "products"."id" = 2 LIMIT 1 /*action='show',application='Store2',controller='products'*/[0m
  ↳ app/controllers/products_controller.rb:42:in 'ProductsController#set_product'
  Rendering layout layouts/application.html.erb
  Rendering products/show.html.erb within layouts/application
  Rendered products/show.html.erb within layouts/application (Duration: 2.3ms | GC: 0.0ms)
  Rendered layout layouts/application.html.erb (Duration: 4.9ms | GC: 0.0ms)
Completed 200 OK in 1358ms (Views: 6.0ms | ActiveRecord: 0.2ms (1 query, 0 cached) | GC: 0.0ms)


Started GET "/.well-known/appspecific/com.chrome.devtools.json" for ::1 at 2025-06-08 16:14:24 +0300
Started GET "/assets/application-8b441ae0.css" for ::1 at 2025-06-08 16:14:25 +0300
  
ActionController::RoutingError (No route matches [GET] "/.well-known/appspecific/com.chrome.devtools.json"):
  
  [1m[36mActiveRecord::SchemaMigration Load (0.4ms)[0m  [1m[34mSELECT "schema_migrations"."version" FROM "schema_migrations" ORDER BY "schema_migrations"."version" ASC /*application='Store2'*/[0m
Started GET "/" for ::1 at 2025-06-08 16:43:02 +0300
  [1m[36mActiveRecord::SchemaMigration Load (0.3ms)[0m  [1m[34mSELECT "schema_migrations"."version" FROM "schema_migrations" ORDER BY "schema_migrations"."version" ASC /*application='Store2'*/[0m
Processing by Rails::WelcomeController#index as HTML
  Rendering C:/Ruby34-x64/lib/ruby/gems/3.4.0/gems/railties-8.0.2/lib/rails/templates/rails/welcome/index.html.erb
  Rendered C:/Ruby34-x64/lib/ruby/gems/3.4.0/gems/railties-8.0.2/lib/rails/templates/rails/welcome/index.html.erb (Duration: 2.2ms | GC: 0.0ms)
Completed 200 OK in 2875ms (Views: 21.2ms | ActiveRecord: 0.0ms (0 queries, 0 cached) | GC: 0.0ms)


Started GET "/.well-known/appspecific/com.chrome.devtools.json" for ::1 at 2025-06-08 16:43:05 +0300
  
ActionController::RoutingError (No route matches [GET] "/.well-known/appspecific/com.chrome.devtools.json"):
  
Started GET "/products" for 127.0.0.1 at 2025-06-08 16:43:14 +0300
Processing by ProductsController#index as HTML
  Rendering layout layouts/application.html.erb
  Rendering products/index.html.erb within layouts/application
  [1m[36mProduct Exists? (0.7ms)[0m  [1m[34mSELECT 1 AS one FROM "products" LIMIT 1 /*action='index',application='Store2',controller='products'*/[0m
  ↳ app/views/products/index.html.erb:4
  [1m[36mProduct Load (0.2ms)[0m  [1m[34mSELECT "products".* FROM "products" /*action='index',application='Store2',controller='products'*/[0m
  ↳ app/views/products/index.html.erb:8
  Rendered products/index.html.erb within layouts/application (Duration: 79.9ms | GC: 0.0ms)
  Rendered layout layouts/application.html.erb (Duration: 164.5ms | GC: 0.0ms)
Completed 500 Internal Server Error in 1956ms (ActiveRecord: 9.9ms (2 queries, 0 cached) | GC: 0.2ms)


  
ActionView::Template::Error (The asset 'application.css' was not found in the load path.)
Caused by: Propshaft::MissingAssetError (The asset 'application.css' was not found in the load path.)

Information for: ActionView::Template::Error (The asset 'application.css' was not found in the load path.):
    19: 
    20:     <%# Includes all stylesheet files in app/assets/stylesheets %>
    21:     <%= stylesheet_link_tag :app, "data-turbo-track": "reload" %>
    22:     <%= stylesheet_link_tag "application", "data-turbo-track": "reload" %>
    23: <%= javascript_include_tag "application", "data-turbo-track": "reload", defer: true %>
    24:   </head>
    25: 
  
app/views/layouts/application.html.erb:22

Information for cause: Propshaft::MissingAssetError (The asset 'application.css' was not found in the load path.):
  
app/views/layouts/application.html.erb:22
Started GET "/.well-known/appspecific/com.chrome.devtools.json" for 127.0.0.1 at 2025-06-08 16:43:17 +0300
  
ActionController::RoutingError (No route matches [GET] "/.well-known/appspecific/com.chrome.devtools.json"):
  
Started GET "/products" for 127.0.0.1 at 2025-06-08 16:43:30 +0300
Processing by ProductsController#index as HTML
  Rendering layout layouts/application.html.erb
  Rendering products/index.html.erb within layouts/application
  [1m[36mProduct Exists? (0.2ms)[0m  [1m[34mSELECT 1 AS one FROM "products" LIMIT 1 /*action='index',application='Store2',controller='products'*/[0m
  ↳ app/views/products/index.html.erb:4
  [1m[36mProduct Load (0.2ms)[0m  [1m[34mSELECT "products".* FROM "products" /*action='index',application='Store2',controller='products'*/[0m
  ↳ app/views/products/index.html.erb:8
  Rendered products/index.html.erb within layouts/application (Duration: 26.0ms | GC: 0.0ms)
  Rendered layout layouts/application.html.erb (Duration: 30.1ms | GC: 0.0ms)
Completed 200 OK in 1559ms (Views: 38.5ms | ActiveRecord: 5.2ms (2 queries, 0 cached) | GC: 0.0ms)


Started GET "/.well-known/appspecific/com.chrome.devtools.json" for 127.0.0.1 at 2025-06-08 16:43:33 +0300
  
ActionController::RoutingError (No route matches [GET] "/.well-known/appspecific/com.chrome.devtools.json"):
  
  [1m[36mActiveRecord::SchemaMigration Load (0.6ms)[0m  [1m[34mSELECT "schema_migrations"."version" FROM "schema_migrations" ORDER BY "schema_migrations"."version" ASC /*application='Store2'*/[0m
Started GET "/products" for ::1 at 2025-06-09 13:44:26 +0300
Processing by ProductsController#index as HTML
  Rendering layout layouts/application.html.erb
  Rendering products/index.html.erb within layouts/application
  [1m[36mProduct Exists? (3.7ms)[0m  [1m[34mSELECT 1 AS one FROM "products" LIMIT 1 /*action='index',application='Store2',controller='products'*/[0m
  ↳ app/views/products/index.html.erb:4
  [1m[36mProduct Load (0.2ms)[0m  [1m[34mSELECT "products".* FROM "products" /*action='index',application='Store2',controller='products'*/[0m
  ↳ app/views/products/index.html.erb:8
  Rendered products/index.html.erb within layouts/application (Duration: 23.3ms | GC: 0.0ms)
  Rendered layout layouts/application.html.erb (Duration: 27.1ms | GC: 0.0ms)
Completed 200 OK in 1443ms (Views: 36.3ms | ActiveRecord: 3.9ms (2 queries, 0 cached) | GC: 0.0ms)


Started GET "/.well-known/appspecific/com.chrome.devtools.json" for ::1 at 2025-06-09 13:44:29 +0300
  
ActionController::RoutingError (No route matches [GET] "/.well-known/appspecific/com.chrome.devtools.json"):
  
Started GET "/products" for ::1 at 2025-06-09 13:44:43 +0300
Processing by ProductsController#index as HTML
  Rendering layout layouts/application.html.erb
  Rendering products/index.html.erb within layouts/application
  [1m[36mProduct Exists? (0.2ms)[0m  [1m[34mSELECT 1 AS one FROM "products" LIMIT 1 /*action='index',application='Store2',controller='products'*/[0m
  ↳ app/views/products/index.html.erb:4
  [1m[36mProduct Load (0.2ms)[0m  [1m[34mSELECT "products".* FROM "products" /*action='index',application='Store2',controller='products'*/[0m
  ↳ app/views/products/index.html.erb:8
  Rendered products/index.html.erb within layouts/application (Duration: 12.0ms | GC: 0.2ms)
  Rendered layout layouts/application.html.erb (Duration: 14.9ms | GC: 0.2ms)
Completed 200 OK in 1385ms (Views: 16.1ms | ActiveRecord: 0.4ms (2 queries, 0 cached) | GC: 0.2ms)


Started GET "/.well-known/appspecific/com.chrome.devtools.json" for ::1 at 2025-06-09 13:44:45 +0300
  
ActionController::RoutingError (No route matches [GET] "/.well-known/appspecific/com.chrome.devtools.json"):
  
Started GET "/products" for ::1 at 2025-06-09 13:45:40 +0300
  [1m[36mActiveRecord::SchemaMigration Load (0.3ms)[0m  [1m[34mSELECT "schema_migrations"."version" FROM "schema_migrations" ORDER BY "schema_migrations"."version" ASC /*application='Store2'*/[0m
Processing by ProductsController#index as HTML
  Rendering layout layouts/application.html.erb
  Rendering products/index.html.erb within layouts/application
  [1m[36mProduct Exists? (0.2ms)[0m  [1m[34mSELECT 1 AS one FROM "products" LIMIT 1 /*action='index',application='Store2',controller='products'*/[0m
  ↳ app/views/products/index.html.erb:4
  [1m[36mProduct Load (0.2ms)[0m  [1m[34mSELECT "products".* FROM "products" /*action='index',application='Store2',controller='products'*/[0m
  ↳ app/views/products/index.html.erb:8
  Rendered products/index.html.erb within layouts/application (Duration: 35.4ms | GC: 0.0ms)
  Rendered layout layouts/application.html.erb (Duration: 88.9ms | GC: 0.0ms)
Completed 200 OK in 3341ms (Views: 112.2ms | ActiveRecord: 5.2ms (2 queries, 0 cached) | GC: 0.3ms)


Started GET "/.well-known/appspecific/com.chrome.devtools.json" for ::1 at 2025-06-09 13:45:44 +0300
  
ActionController::RoutingError (No route matches [GET] "/.well-known/appspecific/com.chrome.devtools.json"):
  
Started GET "/products" for ::1 at 2025-06-09 13:46:11 +0300
Processing by ProductsController#index as HTML
  Rendering layout layouts/application.html.erb
  Rendering products/index.html.erb within layouts/application
  [1m[36mProduct Exists? (0.2ms)[0m  [1m[34mSELECT 1 AS one FROM "products" LIMIT 1 /*action='index',application='Store2',controller='products'*/[0m
  ↳ app/views/products/index.html.erb:4
  [1m[36mProduct Load (0.2ms)[0m  [1m[34mSELECT "products".* FROM "products" /*action='index',application='Store2',controller='products'*/[0m
  ↳ app/views/products/index.html.erb:8
  Rendered products/index.html.erb within layouts/application (Duration: 27.3ms | GC: 0.0ms)
  Rendered layout layouts/application.html.erb (Duration: 30.8ms | GC: 0.0ms)
Completed 200 OK in 1619ms (Views: 40.4ms | ActiveRecord: 4.5ms (2 queries, 0 cached) | GC: 0.0ms)


Started GET "/.well-known/appspecific/com.chrome.devtools.json" for ::1 at 2025-06-09 13:46:13 +0300
  
ActionController::RoutingError (No route matches [GET] "/.well-known/appspecific/com.chrome.devtools.json"):
  
Started GET "/products" for ::1 at 2025-06-09 13:46:38 +0300
Processing by ProductsController#index as HTML
  Rendering layout layouts/application.html.erb
  Rendering products/index.html.erb within layouts/application
  [1m[36mProduct Exists? (0.2ms)[0m  [1m[34mSELECT 1 AS one FROM "products" LIMIT 1 /*action='index',application='Store2',controller='products'*/[0m
  ↳ app/views/products/index.html.erb:4
  [1m[36mProduct Load (0.2ms)[0m  [1m[34mSELECT "products".* FROM "products" /*action='index',application='Store2',controller='products'*/[0m
  ↳ app/views/products/index.html.erb:8
  Rendered products/index.html.erb within layouts/application (Duration: 24.7ms | GC: 0.0ms)
  Rendered layout layouts/application.html.erb (Duration: 28.4ms | GC: 0.0ms)
Completed 200 OK in 1445ms (Views: 39.0ms | ActiveRecord: 3.7ms (2 queries, 0 cached) | GC: 0.0ms)


Started GET "/.well-known/appspecific/com.chrome.devtools.json" for ::1 at 2025-06-09 13:46:40 +0300
  
ActionController::RoutingError (No route matches [GET] "/.well-known/appspecific/com.chrome.devtools.json"):
  
Started GET "/session/new" for ::1 at 2025-06-09 13:46:51 +0300
Processing by SessionsController#new as HTML
  Rendering layout layouts/application.html.erb
  Rendering sessions/new.html.erb within layouts/application
  Rendered sessions/new.html.erb within layouts/application (Duration: 10.7ms | GC: 0.0ms)
  Rendered layout layouts/application.html.erb (Duration: 12.8ms | GC: 0.0ms)
Completed 200 OK in 1403ms (Views: 22.4ms | ActiveRecord: 0.0ms (0 queries, 0 cached) | GC: 0.0ms)


Started GET "/.well-known/appspecific/com.chrome.devtools.json" for ::1 at 2025-06-09 13:46:53 +0300
  
ActionController::RoutingError (No route matches [GET] "/.well-known/appspecific/com.chrome.devtools.json"):
  
Started POST "/session" for ::1 at 2025-06-09 13:47:02 +0300
Processing by SessionsController#create as HTML
  Parameters: {"authenticity_token" => "[FILTERED]", "email_address" => "[FILTERED]", "password" => "[FILTERED]", "commit" => "Sign in"}
[31mUnpermitted parameters: :authenticity_token, :commit. Context: { controller: SessionsController, action: create, request: #<ActionDispatch::Request:0x000002105b733fd0>, params: {"authenticity_token" => "[FILTERED]", "email_address" => "[FILTERED]", "password" => "[FILTERED]", "commit" => "Sign in", "controller" => "sessions", "action" => "create"} }[0m
  [1m[36mUser Load (0.2ms)[0m  [1m[34mSELECT "users".* FROM "users" WHERE "users"."email_address" = 'moamen@gmail.com' LIMIT 1 /*action='create',application='Store2',controller='sessions'*/[0m
  ↳ app/controllers/sessions_controller.rb:9:in 'SessionsController#create'
  [1m[36mTRANSACTION (0.2ms)[0m  [1m[35mBEGIN immediate TRANSACTION /*action='create',application='Store2',controller='sessions'*/[0m
  ↳ app/controllers/concerns/authentication.rb:42:in 'Authentication#start_new_session_for'
  [1m[36mSession Create (11.3ms)[0m  [1m[32mINSERT INTO "sessions" ("user_id", "ip_address", "user_agent", "created_at", "updated_at") VALUES (1, '::1', 'Mozilla/5.0 (Windows NT 10.0; Win64; x64) AppleWebKit/537.36 (KHTML, like Gecko) Chrome/137.0.0.0 Safari/537.36', '2025-06-09 10:47:04.900208', '2025-06-09 10:47:04.900208') RETURNING "id" /*action='create',application='Store2',controller='sessions'*/[0m
  ↳ app/controllers/concerns/authentication.rb:42:in 'Authentication#start_new_session_for'
  [1m[36mTRANSACTION (241.0ms)[0m  [1m[35mCOMMIT TRANSACTION /*action='create',application='Store2',controller='sessions'*/[0m
  ↳ app/controllers/concerns/authentication.rb:42:in 'Authentication#start_new_session_for'
Completed 500 Internal Server Error in 2986ms (ActiveRecord: 253.9ms (2 queries, 0 cached) | GC: 0.0ms)


  
NameError (undefined local variable or method 'root_url' for an instance of SessionsController):
  
app/controllers/concerns/authentication.rb:38:in 'Authentication#after_authentication_url'
app/controllers/sessions_controller.rb:11:in 'SessionsController#create'
Started GET "/.well-known/appspecific/com.chrome.devtools.json" for ::1 at 2025-06-09 13:47:07 +0300
  
ActionController::RoutingError (No route matches [GET] "/.well-known/appspecific/com.chrome.devtools.json"):
  
Started GET "/.well-known/appspecific/com.chrome.devtools.json" for ::1 at 2025-06-09 13:47:12 +0300
  
ActionController::RoutingError (No route matches [GET] "/.well-known/appspecific/com.chrome.devtools.json"):
  
Started GET "/.well-known/appspecific/com.chrome.devtools.json" for ::1 at 2025-06-09 13:47:13 +0300
  
ActionController::RoutingError (No route matches [GET] "/.well-known/appspecific/com.chrome.devtools.json"):
  
  [1m[36mUser Load (9.7ms)[0m  [1m[34mSELECT "users".* FROM "users" /* loading for pp */ LIMIT 11 /*application='Store2'*/[0m
Started POST "/session" for ::1 at 2025-06-09 13:48:02 +0300
Processing by SessionsController#create as HTML
  Parameters: {"authenticity_token" => "[FILTERED]", "email_address" => "[FILTERED]", "password" => "[FILTERED]", "commit" => "Sign in"}
[31mUnpermitted parameters: :authenticity_token, :commit. Context: { controller: SessionsController, action: create, request: #<ActionDispatch::Request:0x000002105ca3d2c0>, params: {"authenticity_token" => "[FILTERED]", "email_address" => "[FILTERED]", "password" => "[FILTERED]", "commit" => "Sign in", "controller" => "sessions", "action" => "create"} }[0m
  [1m[36mUser Load (0.2ms)[0m  [1m[34mSELECT "users".* FROM "users" WHERE "users"."email_address" = 'moamen@gmail.com' LIMIT 1 /*action='create',application='Store2',controller='sessions'*/[0m
  ↳ app/controllers/sessions_controller.rb:9:in 'SessionsController#create'
Redirected to http://localhost:3000/session/new
Completed 302 Found in 1755ms (ActiveRecord: 0.2ms (1 query, 0 cached) | GC: 0.0ms)


Started GET "/session/new" for ::1 at 2025-06-09 13:48:04 +0300
Processing by SessionsController#new as HTML
  Rendering layout layouts/application.html.erb
  Rendering sessions/new.html.erb within layouts/application
  Rendered sessions/new.html.erb within layouts/application (Duration: 2.2ms | GC: 0.0ms)
  Rendered layout layouts/application.html.erb (Duration: 4.1ms | GC: 0.0ms)
Completed 200 OK in 1348ms (Views: 5.1ms | ActiveRecord: 0.0ms (0 queries, 0 cached) | GC: 0.0ms)


Started GET "/.well-known/appspecific/com.chrome.devtools.json" for ::1 at 2025-06-09 13:48:06 +0300
  
ActionController::RoutingError (No route matches [GET] "/.well-known/appspecific/com.chrome.devtools.json"):
  
Started POST "/session" for ::1 at 2025-06-09 13:48:12 +0300
Processing by SessionsController#create as HTML
  Parameters: {"authenticity_token" => "[FILTERED]", "email_address" => "[FILTERED]", "password" => "[FILTERED]", "commit" => "Sign in"}
[31mUnpermitted parameters: :authenticity_token, :commit. Context: { controller: SessionsController, action: create, request: #<ActionDispatch::Request:0x000002105abafd30>, params: {"authenticity_token" => "[FILTERED]", "email_address" => "[FILTERED]", "password" => "[FILTERED]", "commit" => "Sign in", "controller" => "sessions", "action" => "create"} }[0m
  [1m[36mUser Load (0.2ms)[0m  [1m[34mSELECT "users".* FROM "users" WHERE "users"."email_address" = 'moamen@gmail.com' LIMIT 1 /*action='create',application='Store2',controller='sessions'*/[0m
  ↳ app/controllers/sessions_controller.rb:9:in 'SessionsController#create'
  [1m[36mTRANSACTION (0.1ms)[0m  [1m[35mBEGIN immediate TRANSACTION /*action='create',application='Store2',controller='sessions'*/[0m
  ↳ app/controllers/concerns/authentication.rb:42:in 'Authentication#start_new_session_for'
  [1m[36mSession Create (6.9ms)[0m  [1m[32mINSERT INTO "sessions" ("user_id", "ip_address", "user_agent", "created_at", "updated_at") VALUES (1, '::1', 'Mozilla/5.0 (Windows NT 10.0; Win64; x64) AppleWebKit/537.36 (KHTML, like Gecko) Chrome/137.0.0.0 Safari/537.36', '2025-06-09 10:48:14.785788', '2025-06-09 10:48:14.785788') RETURNING "id" /*action='create',application='Store2',controller='sessions'*/[0m
  ↳ app/controllers/concerns/authentication.rb:42:in 'Authentication#start_new_session_for'
  [1m[36mTRANSACTION (0.3ms)[0m  [1m[35mCOMMIT TRANSACTION /*action='create',application='Store2',controller='sessions'*/[0m
  ↳ app/controllers/concerns/authentication.rb:42:in 'Authentication#start_new_session_for'
Completed 500 Internal Server Error in 1881ms (ActiveRecord: 7.4ms (2 queries, 0 cached) | GC: 0.0ms)


  
NameError (undefined local variable or method 'root_url' for an instance of SessionsController):
  
app/controllers/concerns/authentication.rb:38:in 'Authentication#after_authentication_url'
app/controllers/sessions_controller.rb:11:in 'SessionsController#create'
Started GET "/.well-known/appspecific/com.chrome.devtools.json" for ::1 at 2025-06-09 13:48:15 +0300
  
ActionController::RoutingError (No route matches [GET] "/.well-known/appspecific/com.chrome.devtools.json"):
  
Started GET "/session/new" for ::1 at 2025-06-09 13:50:48 +0300
Processing by SessionsController#new as HTML
  Rendering layout layouts/application.html.erb
  Rendering sessions/new.html.erb within layouts/application
  Rendered sessions/new.html.erb within layouts/application (Duration: 3.4ms | GC: 0.0ms)
  Rendered layout layouts/application.html.erb (Duration: 10.7ms | GC: 0.0ms)
Completed 200 OK in 1389ms (Views: 24.2ms | ActiveRecord: 0.0ms (0 queries, 0 cached) | GC: 0.0ms)


Started GET "/.well-known/appspecific/com.chrome.devtools.json" for ::1 at 2025-06-09 13:50:51 +0300
  
ActionController::RoutingError (No route matches [GET] "/.well-known/appspecific/com.chrome.devtools.json"):
  
Started POST "/session" for ::1 at 2025-06-09 13:50:57 +0300
Processing by SessionsController#create as HTML
  Parameters: {"authenticity_token" => "[FILTERED]", "email_address" => "[FILTERED]", "password" => "[FILTERED]", "commit" => "Sign in"}
[31mUnpermitted parameters: :authenticity_token, :commit. Context: { controller: SessionsController, action: create, request: #<ActionDispatch::Request:0x000002105a91f200>, params: {"authenticity_token" => "[FILTERED]", "email_address" => "[FILTERED]", "password" => "[FILTERED]", "commit" => "Sign in", "controller" => "sessions", "action" => "create"} }[0m
  [1m[36mUser Load (0.2ms)[0m  [1m[34mSELECT "users".* FROM "users" WHERE "users"."email_address" = 'moamen@gmail.com' LIMIT 1 /*action='create',application='Store2',controller='sessions'*/[0m
  ↳ app/controllers/sessions_controller.rb:9:in 'SessionsController#create'
  [1m[36mTRANSACTION (0.1ms)[0m  [1m[35mBEGIN immediate TRANSACTION /*action='create',application='Store2',controller='sessions'*/[0m
  ↳ app/controllers/concerns/authentication.rb:42:in 'Authentication#start_new_session_for'
  [1m[36mSession Create (7.6ms)[0m  [1m[32mINSERT INTO "sessions" ("user_id", "ip_address", "user_agent", "created_at", "updated_at") VALUES (1, '::1', 'Mozilla/5.0 (Windows NT 10.0; Win64; x64) AppleWebKit/537.36 (KHTML, like Gecko) Chrome/137.0.0.0 Safari/537.36', '2025-06-09 10:50:59.064230', '2025-06-09 10:50:59.064230') RETURNING "id" /*action='create',application='Store2',controller='sessions'*/[0m
  ↳ app/controllers/concerns/authentication.rb:42:in 'Authentication#start_new_session_for'
  [1m[36mTRANSACTION (0.4ms)[0m  [1m[35mCOMMIT TRANSACTION /*action='create',application='Store2',controller='sessions'*/[0m
  ↳ app/controllers/concerns/authentication.rb:42:in 'Authentication#start_new_session_for'
Redirected to http://localhost:3000/products
Completed 302 Found in 1814ms (ActiveRecord: 11.4ms (2 queries, 0 cached) | GC: 0.0ms)


Started GET "/products" for ::1 at 2025-06-09 13:50:59 +0300
Processing by ProductsController#index as HTML
Started POST "/session" for ::1 at 2025-06-09 13:51:00 +0300
  Rendering layout layouts/application.html.erb
  Rendering products/index.html.erb within layouts/application
  [1m[36mSession Load (0.2ms)[0m  [1m[34mSELECT "sessions".* FROM "sessions" WHERE "sessions"."id" = 4 LIMIT 1 /*action='index',application='Store2',controller='products'*/[0m
  ↳ app/controllers/concerns/authentication.rb:29:in 'Authentication#find_session_by_cookie'
  [1m[36mProduct Exists? (0.1ms)[0m  [1m[34mSELECT 1 AS one FROM "products" LIMIT 1 /*action='index',application='Store2',controller='products'*/[0m
  ↳ app/views/products/index.html.erb:4
  [1m[36mProduct Load (0.2ms)[0m  [1m[34mSELECT "products".* FROM "products" /*action='index',application='Store2',controller='products'*/[0m
  ↳ app/views/products/index.html.erb:8
  Rendered products/index.html.erb within layouts/application (Duration: 20.8ms | GC: 0.0ms)
  Rendered layout layouts/application.html.erb (Duration: 23.5ms | GC: 0.0ms)
Completed 200 OK in 1524ms (Views: 32.1ms | ActiveRecord: 1.1ms (3 queries, 0 cached) | GC: 0.0ms)


Processing by SessionsController#create as HTML
  Parameters: {"authenticity_token" => "[FILTERED]", "email_address" => "[FILTERED]", "password" => "[FILTERED]", "commit" => "Sign in"}
[31mUnpermitted parameters: :authenticity_token, :commit. Context: { controller: SessionsController, action: create, request: #<ActionDispatch::Request:0x000002105a1ccb38>, params: {"authenticity_token" => "[FILTERED]", "email_address" => "[FILTERED]", "password" => "[FILTERED]", "commit" => "Sign in", "controller" => "sessions", "action" => "create"} }[0m
  [1m[36mUser Load (0.3ms)[0m  [1m[34mSELECT "users".* FROM "users" WHERE "users"."email_address" = 'moamen@gmail.com' LIMIT 1 /*action='create',application='Store2',controller='sessions'*/[0m
  ↳ app/controllers/sessions_controller.rb:9:in 'SessionsController#create'
  [1m[36mTRANSACTION (0.1ms)[0m  [1m[35mBEGIN immediate TRANSACTION /*action='create',application='Store2',controller='sessions'*/[0m
  ↳ app/controllers/concerns/authentication.rb:42:in 'Authentication#start_new_session_for'
  [1m[36mSession Create (7.4ms)[0m  [1m[32mINSERT INTO "sessions" ("user_id", "ip_address", "user_agent", "created_at", "updated_at") VALUES (1, '::1', 'Mozilla/5.0 (Windows NT 10.0; Win64; x64) AppleWebKit/537.36 (KHTML, like Gecko) Chrome/137.0.0.0 Safari/537.36', '2025-06-09 10:51:02.616137', '2025-06-09 10:51:02.616137') RETURNING "id" /*action='create',application='Store2',controller='sessions'*/[0m
  ↳ app/controllers/concerns/authentication.rb:42:in 'Authentication#start_new_session_for'
  [1m[36mTRANSACTION (0.3ms)[0m  [1m[35mCOMMIT TRANSACTION /*action='create',application='Store2',controller='sessions'*/[0m
  ↳ app/controllers/concerns/authentication.rb:42:in 'Authentication#start_new_session_for'
Redirected to http://localhost:3000/products
Completed 302 Found in 1787ms (ActiveRecord: 8.1ms (2 queries, 0 cached) | GC: 0.0ms)


Started GET "/products" for ::1 at 2025-06-09 13:51:02 +0300
Processing by ProductsController#index as HTML
  Rendering layout layouts/application.html.erb
  Rendering products/index.html.erb within layouts/application
  [1m[36mSession Load (0.2ms)[0m  [1m[34mSELECT "sessions".* FROM "sessions" WHERE "sessions"."id" = 5 LIMIT 1 /*action='index',application='Store2',controller='products'*/[0m
  ↳ app/controllers/concerns/authentication.rb:29:in 'Authentication#find_session_by_cookie'
  [1m[36mProduct Exists? (0.1ms)[0m  [1m[34mSELECT 1 AS one FROM "products" LIMIT 1 /*action='index',application='Store2',controller='products'*/[0m
  ↳ app/views/products/index.html.erb:4
  [1m[36mProduct Load (0.2ms)[0m  [1m[34mSELECT "products".* FROM "products" /*action='index',application='Store2',controller='products'*/[0m
  ↳ app/views/products/index.html.erb:8
  Rendered products/index.html.erb within layouts/application (Duration: 14.4ms | GC: 0.0ms)
  Rendered layout layouts/application.html.erb (Duration: 17.7ms | GC: 0.0ms)
Completed 200 OK in 1363ms (Views: 18.4ms | ActiveRecord: 0.5ms (3 queries, 0 cached) | GC: 0.0ms)


Started GET "/.well-known/appspecific/com.chrome.devtools.json" for ::1 at 2025-06-09 13:51:04 +0300
  
ActionController::RoutingError (No route matches [GET] "/.well-known/appspecific/com.chrome.devtools.json"):
  
Started GET "/products" for ::1 at 2025-06-09 13:54:05 +0300
Processing by ProductsController#index as HTML
  Rendering layout layouts/application.html.erb
  Rendering products/index.html.erb within layouts/application
  [1m[36mSession Load (0.2ms)[0m  [1m[34mSELECT "sessions".* FROM "sessions" WHERE "sessions"."id" = 5 LIMIT 1 /*action='index',application='Store2',controller='products'*/[0m
  ↳ app/controllers/concerns/authentication.rb:29:in 'Authentication#find_session_by_cookie'
  [1m[36mProduct Exists? (0.1ms)[0m  [1m[34mSELECT 1 AS one FROM "products" LIMIT 1 /*action='index',application='Store2',controller='products'*/[0m
  ↳ app/views/products/index.html.erb:9
  [1m[36mProduct Load (0.2ms)[0m  [1m[34mSELECT "products".* FROM "products" /*action='index',application='Store2',controller='products'*/[0m
  ↳ app/views/products/index.html.erb:15
  Rendered products/index.html.erb within layouts/application (Duration: 38.6ms | GC: 0.0ms)
  Rendered layout layouts/application.html.erb (Duration: 42.4ms | GC: 0.0ms)
Completed 200 OK in 1441ms (Views: 50.4ms | ActiveRecord: 5.3ms (3 queries, 0 cached) | GC: 0.0ms)


Started GET "/.well-known/appspecific/com.chrome.devtools.json" for ::1 at 2025-06-09 13:54:07 +0300
  
ActionController::RoutingError (No route matches [GET] "/.well-known/appspecific/com.chrome.devtools.json"):
  
Started GET "/products" for ::1 at 2025-06-09 13:54:54 +0300
Processing by ProductsController#index as HTML
  Rendering layout layouts/application.html.erb
  Rendering products/index.html.erb within layouts/application
  [1m[36mSession Load (0.2ms)[0m  [1m[34mSELECT "sessions".* FROM "sessions" WHERE "sessions"."id" = 5 LIMIT 1 /*action='index',application='Store2',controller='products'*/[0m
  ↳ app/controllers/concerns/authentication.rb:29:in 'Authentication#find_session_by_cookie'
  [1m[36mProduct Exists? (0.1ms)[0m  [1m[34mSELECT 1 AS one FROM "products" LIMIT 1 /*action='index',application='Store2',controller='products'*/[0m
  ↳ app/views/products/index.html.erb:9
  [1m[36mProduct Load (0.2ms)[0m  [1m[34mSELECT "products".* FROM "products" /*action='index',application='Store2',controller='products'*/[0m
  ↳ app/views/products/index.html.erb:15
  Rendered products/index.html.erb within layouts/application (Duration: 39.7ms | GC: 0.0ms)
  Rendered layout layouts/application.html.erb (Duration: 45.1ms | GC: 0.0ms)
Completed 200 OK in 1426ms (Views: 55.3ms | ActiveRecord: 4.4ms (3 queries, 0 cached) | GC: 0.0ms)


Started GET "/.well-known/appspecific/com.chrome.devtools.json" for ::1 at 2025-06-09 13:54:56 +0300
Started GET "/assets/application-4e544535.css" for ::1 at 2025-06-09 13:54:56 +0300
  
ActionController::RoutingError (No route matches [GET] "/.well-known/appspecific/com.chrome.devtools.json"):
  
Started GET "/products" for ::1 at 2025-06-09 13:56:25 +0300
Processing by ProductsController#index as HTML
  Rendering layout layouts/application.html.erb
  Rendering products/index.html.erb within layouts/application
  [1m[36mSession Load (0.2ms)[0m  [1m[34mSELECT "sessions".* FROM "sessions" WHERE "sessions"."id" = 5 LIMIT 1 /*action='index',application='Store2',controller='products'*/[0m
  ↳ app/controllers/concerns/authentication.rb:29:in 'Authentication#find_session_by_cookie'
  [1m[36mProduct Exists? (0.1ms)[0m  [1m[34mSELECT 1 AS one FROM "products" LIMIT 1 /*action='index',application='Store2',controller='products'*/[0m
  ↳ app/views/products/index.html.erb:9
  [1m[36mProduct Load (0.3ms)[0m  [1m[34mSELECT "products".* FROM "products" /*action='index',application='Store2',controller='products'*/[0m
  ↳ app/views/products/index.html.erb:15
  Rendered products/index.html.erb within layouts/application (Duration: 18.2ms | GC: 0.0ms)
  Rendered layout layouts/application.html.erb (Duration: 21.8ms | GC: 0.0ms)
Completed 200 OK in 1463ms (Views: 22.3ms | ActiveRecord: 0.6ms (3 queries, 0 cached) | GC: 0.0ms)


Started GET "/.well-known/appspecific/com.chrome.devtools.json" for ::1 at 2025-06-09 13:56:26 +0300
Started GET "/assets/application-3509e819.css" for ::1 at 2025-06-09 13:56:27 +0300
  
ActionController::RoutingError (No route matches [GET] "/.well-known/appspecific/com.chrome.devtools.json"):
  
Started GET "/products" for ::1 at 2025-06-09 13:56:42 +0300
Processing by ProductsController#index as HTML
  Rendering layout layouts/application.html.erb
  Rendering products/index.html.erb within layouts/application
  [1m[36mSession Load (0.2ms)[0m  [1m[34mSELECT "sessions".* FROM "sessions" WHERE "sessions"."id" = 5 LIMIT 1 /*action='index',application='Store2',controller='products'*/[0m
  ↳ app/controllers/concerns/authentication.rb:29:in 'Authentication#find_session_by_cookie'
  [1m[36mProduct Exists? (0.1ms)[0m  [1m[34mSELECT 1 AS one FROM "products" LIMIT 1 /*action='index',application='Store2',controller='products'*/[0m
  ↳ app/views/products/index.html.erb:9
  [1m[36mProduct Load (0.2ms)[0m  [1m[34mSELECT "products".* FROM "products" /*action='index',application='Store2',controller='products'*/[0m
  ↳ app/views/products/index.html.erb:15
  Rendered products/index.html.erb within layouts/application (Duration: 44.5ms | GC: 0.0ms)
  Rendered layout layouts/application.html.erb (Duration: 49.3ms | GC: 0.0ms)
Completed 200 OK in 1433ms (Views: 58.0ms | ActiveRecord: 4.3ms (3 queries, 0 cached) | GC: 0.0ms)


Started GET "/.well-known/appspecific/com.chrome.devtools.json" for ::1 at 2025-06-09 13:56:44 +0300
Started GET "/assets/application-3509e819.css" for ::1 at 2025-06-09 13:56:44 +0300
  
ActionController::RoutingError (No route matches [GET] "/.well-known/appspecific/com.chrome.devtools.json"):
  
Started GET "/products/new" for ::1 at 2025-06-09 13:57:57 +0300
Processing by ProductsController#new as HTML
  [1m[36mSession Load (0.2ms)[0m  [1m[34mSELECT "sessions".* FROM "sessions" WHERE "sessions"."id" = 5 LIMIT 1 /*action='new',application='Store2',controller='products'*/[0m
  ↳ app/controllers/concerns/authentication.rb:29:in 'Authentication#find_session_by_cookie'
  Rendering layout layouts/application.html.erb
  Rendering products/new.html.erb within layouts/application
  Rendered products/_form.html.erb (Duration: 283.3ms | GC: 0.2ms)
  Rendered products/new.html.erb within layouts/application (Duration: 289.3ms | GC: 0.2ms)
  Rendered layout layouts/application.html.erb (Duration: 292.5ms | GC: 0.2ms)
Completed 200 OK in 1652ms (Views: 293.6ms | ActiveRecord: 0.2ms (1 query, 0 cached) | GC: 0.2ms)


Started GET "/.well-known/appspecific/com.chrome.devtools.json" for ::1 at 2025-06-09 13:57:59 +0300
Started GET "/assets/application-3509e819.css" for ::1 at 2025-06-09 13:57:59 +0300
  
ActionController::RoutingError (No route matches [GET] "/.well-known/appspecific/com.chrome.devtools.json"):
  
Started GET "/products/new" for ::1 at 2025-06-09 13:59:39 +0300
Processing by ProductsController#new as HTML
  [1m[36mSession Load (0.2ms)[0m  [1m[34mSELECT "sessions".* FROM "sessions" WHERE "sessions"."id" = 5 LIMIT 1 /*action='new',application='Store2',controller='products'*/[0m
  ↳ app/controllers/concerns/authentication.rb:29:in 'Authentication#find_session_by_cookie'
  Rendering layout layouts/application.html.erb
  Rendering products/new.html.erb within layouts/application
  Rendered products/_form.html.erb (Duration: 2.4ms | GC: 0.0ms)
  Rendered products/new.html.erb within layouts/application (Duration: 8.0ms | GC: 0.0ms)
  Rendered layout layouts/application.html.erb (Duration: 12.6ms | GC: 0.0ms)
Completed 200 OK in 1440ms (Views: 26.1ms | ActiveRecord: 4.1ms (1 query, 0 cached) | GC: 0.0ms)


Started GET "/.well-known/appspecific/com.chrome.devtools.json" for ::1 at 2025-06-09 13:59:41 +0300
Started GET "/assets/application-58d4390e.css" for ::1 at 2025-06-09 13:59:41 +0300
  
ActionController::RoutingError (No route matches [GET] "/.well-known/appspecific/com.chrome.devtools.json"):
  
Started GET "/products" for ::1 at 2025-06-09 14:00:31 +0300
Processing by ProductsController#index as HTML
  Rendering layout layouts/application.html.erb
  Rendering products/index.html.erb within layouts/application
  [1m[36mSession Load (0.3ms)[0m  [1m[34mSELECT "sessions".* FROM "sessions" WHERE "sessions"."id" = 5 LIMIT 1 /*action='index',application='Store2',controller='products'*/[0m
  ↳ app/controllers/concerns/authentication.rb:29:in 'Authentication#find_session_by_cookie'
  [1m[36mProduct Exists? (0.2ms)[0m  [1m[34mSELECT 1 AS one FROM "products" LIMIT 1 /*action='index',application='Store2',controller='products'*/[0m
  ↳ app/views/products/index.html.erb:9
  [1m[36mProduct Load (0.2ms)[0m  [1m[34mSELECT "products".* FROM "products" /*action='index',application='Store2',controller='products'*/[0m
  ↳ app/views/products/index.html.erb:15
  Rendered products/index.html.erb within layouts/application (Duration: 16.2ms | GC: 0.0ms)
  Rendered layout layouts/application.html.erb (Duration: 18.9ms | GC: 0.0ms)
Completed 200 OK in 1382ms (Views: 19.6ms | ActiveRecord: 0.5ms (3 queries, 0 cached) | GC: 0.0ms)


Started GET "/.well-known/appspecific/com.chrome.devtools.json" for ::1 at 2025-06-09 14:00:32 +0300
Started GET "/assets/application-58d4390e.css" for ::1 at 2025-06-09 14:00:32 +0300
  
ActionController::RoutingError (No route matches [GET] "/.well-known/appspecific/com.chrome.devtools.json"):
  
Started GET "/products/new" for ::1 at 2025-06-09 14:01:01 +0300
Processing by ProductsController#new as HTML
  [1m[36mSession Load (0.2ms)[0m  [1m[34mSELECT "sessions".* FROM "sessions" WHERE "sessions"."id" = 5 LIMIT 1 /*action='new',application='Store2',controller='products'*/[0m
  ↳ app/controllers/concerns/authentication.rb:29:in 'Authentication#find_session_by_cookie'
  Rendering layout layouts/application.html.erb
  Rendering products/new.html.erb within layouts/application
  Rendered products/_form.html.erb (Duration: 2.5ms | GC: 0.0ms)
  Rendered products/new.html.erb within layouts/application (Duration: 8.2ms | GC: 0.0ms)
  Rendered layout layouts/application.html.erb (Duration: 13.7ms | GC: 0.0ms)
Completed 200 OK in 1505ms (Views: 28.4ms | ActiveRecord: 4.8ms (1 query, 0 cached) | GC: 990.2ms)


Started GET "/.well-known/appspecific/com.chrome.devtools.json" for ::1 at 2025-06-09 14:01:04 +0300
Started GET "/assets/application-58d4390e.css" for ::1 at 2025-06-09 14:01:04 +0300
  
ActionController::RoutingError (No route matches [GET] "/.well-known/appspecific/com.chrome.devtools.json"):
  
Started GET "/products/new" for ::1 at 2025-06-09 14:02:38 +0300
Processing by ProductsController#new as HTML
  [1m[36mSession Load (0.2ms)[0m  [1m[34mSELECT "sessions".* FROM "sessions" WHERE "sessions"."id" = 5 LIMIT 1 /*action='new',application='Store2',controller='products'*/[0m
  ↳ app/controllers/concerns/authentication.rb:29:in 'Authentication#find_session_by_cookie'
  Rendering layout layouts/application.html.erb
  Rendering products/new.html.erb within layouts/application
  Rendered products/_form.html.erb (Duration: 1.3ms | GC: 0.0ms)
  Rendered products/new.html.erb within layouts/application (Duration: 2.8ms | GC: 0.0ms)
  Rendered layout layouts/application.html.erb (Duration: 6.5ms | GC: 0.0ms)
Completed 200 OK in 1439ms (Views: 7.6ms | ActiveRecord: 0.2ms (1 query, 0 cached) | GC: 0.0ms)


Started GET "/.well-known/appspecific/com.chrome.devtools.json" for ::1 at 2025-06-09 14:02:40 +0300
Started GET "/assets/application-924aaf95.css" for ::1 at 2025-06-09 14:02:40 +0300
  
ActionController::RoutingError (No route matches [GET] "/.well-known/appspecific/com.chrome.devtools.json"):
  
Started GET "/products/new" for ::1 at 2025-06-09 14:02:56 +0300
Processing by ProductsController#new as HTML
  [1m[36mSession Load (0.2ms)[0m  [1m[34mSELECT "sessions".* FROM "sessions" WHERE "sessions"."id" = 5 LIMIT 1 /*action='new',application='Store2',controller='products'*/[0m
  ↳ app/controllers/concerns/authentication.rb:29:in 'Authentication#find_session_by_cookie'
  Rendering layout layouts/application.html.erb
  Rendering products/new.html.erb within layouts/application
  Rendered products/_form.html.erb (Duration: 2.4ms | GC: 0.0ms)
  Rendered products/new.html.erb within layouts/application (Duration: 7.7ms | GC: 0.0ms)
  Rendered layout layouts/application.html.erb (Duration: 11.2ms | GC: 0.0ms)
Completed 200 OK in 1446ms (Views: 24.9ms | ActiveRecord: 5.0ms (1 query, 0 cached) | GC: 0.0ms)


Started GET "/.well-known/appspecific/com.chrome.devtools.json" for ::1 at 2025-06-09 14:02:58 +0300
Started GET "/assets/application-924aaf95.css" for ::1 at 2025-06-09 14:02:58 +0300
  
ActionController::RoutingError (No route matches [GET] "/.well-known/appspecific/com.chrome.devtools.json"):
  
Started GET "/products" for ::1 at 2025-06-09 14:03:05 +0300
Processing by ProductsController#index as HTML
  Rendering layout layouts/application.html.erb
  Rendering products/index.html.erb within layouts/application
  [1m[36mSession Load (0.3ms)[0m  [1m[34mSELECT "sessions".* FROM "sessions" WHERE "sessions"."id" = 5 LIMIT 1 /*action='index',application='Store2',controller='products'*/[0m
  ↳ app/controllers/concerns/authentication.rb:29:in 'Authentication#find_session_by_cookie'
  [1m[36mProduct Exists? (0.2ms)[0m  [1m[34mSELECT 1 AS one FROM "products" LIMIT 1 /*action='index',application='Store2',controller='products'*/[0m
  ↳ app/views/products/index.html.erb:9
  [1m[36mProduct Load (0.2ms)[0m  [1m[34mSELECT "products".* FROM "products" /*action='index',application='Store2',controller='products'*/[0m
  ↳ app/views/products/index.html.erb:15
  Rendered products/index.html.erb within layouts/application (Duration: 17.1ms | GC: 0.0ms)
  Rendered layout layouts/application.html.erb (Duration: 19.6ms | GC: 0.0ms)
Completed 200 OK in 1383ms (Views: 20.0ms | ActiveRecord: 0.6ms (3 queries, 0 cached) | GC: 0.0ms)


Started GET "/.well-known/appspecific/com.chrome.devtools.json" for ::1 at 2025-06-09 14:03:06 +0300
Started GET "/assets/application-924aaf95.css" for ::1 at 2025-06-09 14:03:06 +0300
  
ActionController::RoutingError (No route matches [GET] "/.well-known/appspecific/com.chrome.devtools.json"):
  
Started GET "/products/new" for ::1 at 2025-06-09 14:03:14 +0300
Processing by ProductsController#new as HTML
  [1m[36mSession Load (0.2ms)[0m  [1m[34mSELECT "sessions".* FROM "sessions" WHERE "sessions"."id" = 5 LIMIT 1 /*action='new',application='Store2',controller='products'*/[0m
  ↳ app/controllers/concerns/authentication.rb:29:in 'Authentication#find_session_by_cookie'
  Rendering layout layouts/application.html.erb
  Rendering products/new.html.erb within layouts/application
  Rendered products/_form.html.erb (Duration: 2.3ms | GC: 0.0ms)
  Rendered products/new.html.erb within layouts/application (Duration: 4.1ms | GC: 0.0ms)
  Rendered layout layouts/application.html.erb (Duration: 7.3ms | GC: 0.0ms)
Completed 200 OK in 1358ms (Views: 8.3ms | ActiveRecord: 0.2ms (1 query, 0 cached) | GC: 0.2ms)


Started GET "/.well-known/appspecific/com.chrome.devtools.json" for ::1 at 2025-06-09 14:03:16 +0300
Started GET "/assets/application-924aaf95.css" for ::1 at 2025-06-09 14:03:16 +0300
  
ActionController::RoutingError (No route matches [GET] "/.well-known/appspecific/com.chrome.devtools.json"):
  
Started GET "/products" for ::1 at 2025-06-09 14:03:21 +0300
Processing by ProductsController#index as HTML
  Rendering layout layouts/application.html.erb
  Rendering products/index.html.erb within layouts/application
  [1m[36mSession Load (0.2ms)[0m  [1m[34mSELECT "sessions".* FROM "sessions" WHERE "sessions"."id" = 5 LIMIT 1 /*action='index',application='Store2',controller='products'*/[0m
  ↳ app/controllers/concerns/authentication.rb:29:in 'Authentication#find_session_by_cookie'
  [1m[36mProduct Exists? (0.2ms)[0m  [1m[34mSELECT 1 AS one FROM "products" LIMIT 1 /*action='index',application='Store2',controller='products'*/[0m
  ↳ app/views/products/index.html.erb:9
  [1m[36mProduct Load (0.2ms)[0m  [1m[34mSELECT "products".* FROM "products" /*action='index',application='Store2',controller='products'*/[0m
  ↳ app/views/products/index.html.erb:15
  Rendered products/index.html.erb within layouts/application (Duration: 15.2ms | GC: 0.0ms)
  Rendered layout layouts/application.html.erb (Duration: 17.8ms | GC: 0.0ms)
Completed 200 OK in 1373ms (Views: 18.3ms | ActiveRecord: 0.5ms (3 queries, 0 cached) | GC: 0.0ms)


Started GET "/.well-known/appspecific/com.chrome.devtools.json" for ::1 at 2025-06-09 14:03:22 +0300
Started GET "/assets/application-924aaf95.css" for ::1 at 2025-06-09 14:03:22 +0300
  
ActionController::RoutingError (No route matches [GET] "/.well-known/appspecific/com.chrome.devtools.json"):
  
Started GET "/products/2" for ::1 at 2025-06-09 14:03:24 +0300
Processing by ProductsController#show as HTML
  Parameters: {"id" => "2"}
  [1m[36mProduct Load (0.2ms)[0m  [1m[34mSELECT "products".* FROM "products" WHERE "products"."id" = 2 LIMIT 1 /*action='show',application='Store2',controller='products'*/[0m
  ↳ app/controllers/products_controller.rb:42:in 'ProductsController#set_product'
  Rendering layout layouts/application.html.erb
  Rendering products/show.html.erb within layouts/application
  [1m[36mSession Load (0.2ms)[0m  [1m[34mSELECT "sessions".* FROM "sessions" WHERE "sessions"."id" = 5 LIMIT 1 /*action='show',application='Store2',controller='products'*/[0m
  ↳ app/controllers/concerns/authentication.rb:29:in 'Authentication#find_session_by_cookie'
  Rendered products/show.html.erb within layouts/application (Duration: 7.4ms | GC: 0.0ms)
  Rendered layout layouts/application.html.erb (Duration: 9.6ms | GC: 0.0ms)
Completed 200 OK in 1413ms (Views: 10.5ms | ActiveRecord: 0.4ms (2 queries, 0 cached) | GC: 0.0ms)


Started GET "/.well-known/appspecific/com.chrome.devtools.json" for ::1 at 2025-06-09 14:03:26 +0300
Started GET "/assets/application-924aaf95.css" for ::1 at 2025-06-09 14:03:26 +0300
  
ActionController::RoutingError (No route matches [GET] "/.well-known/appspecific/com.chrome.devtools.json"):
  
Started GET "/products/2" for ::1 at 2025-06-09 14:04:55 +0300
Processing by ProductsController#show as HTML
  Parameters: {"id" => "2"}
  [1m[36mProduct Load (0.2ms)[0m  [1m[34mSELECT "products".* FROM "products" WHERE "products"."id" = 2 LIMIT 1 /*action='show',application='Store2',controller='products'*/[0m
  ↳ app/controllers/products_controller.rb:42:in 'ProductsController#set_product'
  Rendering layout layouts/application.html.erb
  Rendering products/show.html.erb within layouts/application
  [1m[36mSession Load (0.2ms)[0m  [1m[34mSELECT "sessions".* FROM "sessions" WHERE "sessions"."id" = 5 LIMIT 1 /*action='show',application='Store2',controller='products'*/[0m
  ↳ app/controllers/concerns/authentication.rb:29:in 'Authentication#find_session_by_cookie'
  Rendered products/show.html.erb within layouts/application (Duration: 6.4ms | GC: 0.0ms)
  Rendered layout layouts/application.html.erb (Duration: 9.5ms | GC: 0.0ms)
Completed 200 OK in 1387ms (Views: 10.4ms | ActiveRecord: 0.4ms (2 queries, 0 cached) | GC: 0.0ms)


Started GET "/.well-known/appspecific/com.chrome.devtools.json" for ::1 at 2025-06-09 14:04:56 +0300
Started GET "/assets/application-eda37f43.css" for ::1 at 2025-06-09 14:04:56 +0300
  
ActionController::RoutingError (No route matches [GET] "/.well-known/appspecific/com.chrome.devtools.json"):
  
Started GET "/products/2" for ::1 at 2025-06-09 14:05:17 +0300
Processing by ProductsController#show as HTML
  Parameters: {"id" => "2"}
  [1m[36mProduct Load (0.2ms)[0m  [1m[34mSELECT "products".* FROM "products" WHERE "products"."id" = 2 LIMIT 1 /*action='show',application='Store2',controller='products'*/[0m
  ↳ app/controllers/products_controller.rb:42:in 'ProductsController#set_product'
  Rendering layout layouts/application.html.erb
  Rendering products/show.html.erb within layouts/application
  [1m[36mSession Load (0.2ms)[0m  [1m[34mSELECT "sessions".* FROM "sessions" WHERE "sessions"."id" = 5 LIMIT 1 /*action='show',application='Store2',controller='products'*/[0m
  ↳ app/controllers/concerns/authentication.rb:29:in 'Authentication#find_session_by_cookie'
  Rendered products/show.html.erb within layouts/application (Duration: 21.3ms | GC: 0.0ms)
  Rendered layout layouts/application.html.erb (Duration: 26.0ms | GC: 0.0ms)
Completed 200 OK in 1460ms (Views: 38.3ms | ActiveRecord: 4.7ms (2 queries, 0 cached) | GC: 0.0ms)


Started GET "/.well-known/appspecific/com.chrome.devtools.json" for ::1 at 2025-06-09 14:05:19 +0300
Started GET "/assets/application-eda37f43.css" for ::1 at 2025-06-09 14:05:19 +0300
  
ActionController::RoutingError (No route matches [GET] "/.well-known/appspecific/com.chrome.devtools.json"):
  
Started GET "/products/2" for ::1 at 2025-06-09 14:05:40 +0300
Processing by ProductsController#show as HTML
  Parameters: {"id" => "2"}
  [1m[36mProduct Load (0.2ms)[0m  [1m[34mSELECT "products".* FROM "products" WHERE "products"."id" = 2 LIMIT 1 /*action='show',application='Store2',controller='products'*/[0m
  ↳ app/controllers/products_controller.rb:42:in 'ProductsController#set_product'
  Rendering layout layouts/application.html.erb
  Rendering products/show.html.erb within layouts/application
  [1m[36mSession Load (0.1ms)[0m  [1m[34mSELECT "sessions".* FROM "sessions" WHERE "sessions"."id" = 5 LIMIT 1 /*action='show',application='Store2',controller='products'*/[0m
  ↳ app/controllers/concerns/authentication.rb:29:in 'Authentication#find_session_by_cookie'
  Rendered products/show.html.erb within layouts/application (Duration: 21.8ms | GC: 0.0ms)
  Rendered layout layouts/application.html.erb (Duration: 25.3ms | GC: 0.0ms)
Completed 200 OK in 1413ms (Views: 37.9ms | ActiveRecord: 5.2ms (2 queries, 0 cached) | GC: 0.0ms)


Started GET "/.well-known/appspecific/com.chrome.devtools.json" for ::1 at 2025-06-09 14:05:42 +0300
Started GET "/assets/application-eda37f43.css" for ::1 at 2025-06-09 14:05:42 +0300
  
ActionController::RoutingError (No route matches [GET] "/.well-known/appspecific/com.chrome.devtools.json"):
  
Started GET "/products/2/edit" for ::1 at 2025-06-09 14:05:56 +0300
Processing by ProductsController#edit as HTML
  Parameters: {"id" => "2"}
  [1m[36mSession Load (0.2ms)[0m  [1m[34mSELECT "sessions".* FROM "sessions" WHERE "sessions"."id" = 5 LIMIT 1 /*action='edit',application='Store2',controller='products'*/[0m
  ↳ app/controllers/concerns/authentication.rb:29:in 'Authentication#find_session_by_cookie'
  [1m[36mProduct Load (0.2ms)[0m  [1m[34mSELECT "products".* FROM "products" WHERE "products"."id" = 2 LIMIT 1 /*action='edit',application='Store2',controller='products'*/[0m
  ↳ app/controllers/products_controller.rb:42:in 'ProductsController#set_product'
  Rendering layout layouts/application.html.erb
  Rendering products/edit.html.erb within layouts/application
  Rendered products/_form.html.erb (Duration: 2.7ms | GC: 0.0ms)
  Rendered products/edit.html.erb within layouts/application (Duration: 8.2ms | GC: 0.0ms)
  Rendered layout layouts/application.html.erb (Duration: 10.5ms | GC: 0.0ms)
Completed 200 OK in 1379ms (Views: 11.5ms | ActiveRecord: 0.3ms (2 queries, 0 cached) | GC: 0.0ms)


Started GET "/.well-known/appspecific/com.chrome.devtools.json" for ::1 at 2025-06-09 14:05:58 +0300
Started GET "/assets/application-eda37f43.css" for ::1 at 2025-06-09 14:05:58 +0300
  
ActionController::RoutingError (No route matches [GET] "/.well-known/appspecific/com.chrome.devtools.json"):
  
Started GET "/products" for ::1 at 2025-06-09 14:06:01 +0300
Processing by ProductsController#index as HTML
  Rendering layout layouts/application.html.erb
  Rendering products/index.html.erb within layouts/application
  [1m[36mSession Load (0.2ms)[0m  [1m[34mSELECT "sessions".* FROM "sessions" WHERE "sessions"."id" = 5 LIMIT 1 /*action='index',application='Store2',controller='products'*/[0m
  ↳ app/controllers/concerns/authentication.rb:29:in 'Authentication#find_session_by_cookie'
  [1m[36mProduct Exists? (0.2ms)[0m  [1m[34mSELECT 1 AS one FROM "products" LIMIT 1 /*action='index',application='Store2',controller='products'*/[0m
  ↳ app/views/products/index.html.erb:9
  [1m[36mProduct Load (0.2ms)[0m  [1m[34mSELECT "products".* FROM "products" /*action='index',application='Store2',controller='products'*/[0m
  ↳ app/views/products/index.html.erb:15
  Rendered products/index.html.erb within layouts/application (Duration: 17.0ms | GC: 0.0ms)
  Rendered layout layouts/application.html.erb (Duration: 19.8ms | GC: 0.0ms)
Completed 200 OK in 1552ms (Views: 20.5ms | ActiveRecord: 0.5ms (3 queries, 0 cached) | GC: 0.0ms)


Started GET "/.well-known/appspecific/com.chrome.devtools.json" for ::1 at 2025-06-09 14:06:03 +0300
Started GET "/assets/application-eda37f43.css" for ::1 at 2025-06-09 14:06:03 +0300
  
ActionController::RoutingError (No route matches [GET] "/.well-known/appspecific/com.chrome.devtools.json"):
  
Started GET "/products" for ::1 at 2025-06-09 14:06:22 +0300
Processing by ProductsController#index as HTML
  Rendering layout layouts/application.html.erb
  Rendering products/index.html.erb within layouts/application
  [1m[36mSession Load (0.3ms)[0m  [1m[34mSELECT "sessions".* FROM "sessions" WHERE "sessions"."id" = 5 LIMIT 1 /*action='index',application='Store2',controller='products'*/[0m
  ↳ app/controllers/concerns/authentication.rb:29:in 'Authentication#find_session_by_cookie'
  [1m[36mProduct Exists? (0.1ms)[0m  [1m[34mSELECT 1 AS one FROM "products" LIMIT 1 /*action='index',application='Store2',controller='products'*/[0m
  ↳ app/views/products/index.html.erb:9
  [1m[36mProduct Load (0.3ms)[0m  [1m[34mSELECT "products".* FROM "products" /*action='index',application='Store2',controller='products'*/[0m
  ↳ app/views/products/index.html.erb:15
  Rendered products/index.html.erb within layouts/application (Duration: 41.9ms | GC: 0.0ms)
  Rendered layout layouts/application.html.erb (Duration: 46.0ms | GC: 0.0ms)
Completed 200 OK in 1485ms (Views: 54.1ms | ActiveRecord: 5.6ms (3 queries, 0 cached) | GC: 0.0ms)


Started GET "/.well-known/appspecific/com.chrome.devtools.json" for ::1 at 2025-06-09 14:06:24 +0300
Started GET "/assets/application-eda37f43.css" for ::1 at 2025-06-09 14:06:24 +0300
  
ActionController::RoutingError (No route matches [GET] "/.well-known/appspecific/com.chrome.devtools.json"):
  
Started GET "/products/2" for ::1 at 2025-06-09 14:06:28 +0300
Processing by ProductsController#show as HTML
  Parameters: {"id" => "2"}
  [1m[36mProduct Load (0.2ms)[0m  [1m[34mSELECT "products".* FROM "products" WHERE "products"."id" = 2 LIMIT 1 /*action='show',application='Store2',controller='products'*/[0m
  ↳ app/controllers/products_controller.rb:42:in 'ProductsController#set_product'
  Rendering layout layouts/application.html.erb
  Rendering products/show.html.erb within layouts/application
  [1m[36mSession Load (0.2ms)[0m  [1m[34mSELECT "sessions".* FROM "sessions" WHERE "sessions"."id" = 5 LIMIT 1 /*action='show',application='Store2',controller='products'*/[0m
  ↳ app/controllers/concerns/authentication.rb:29:in 'Authentication#find_session_by_cookie'
  Rendered products/show.html.erb within layouts/application (Duration: 8.6ms | GC: 0.0ms)
  Rendered layout layouts/application.html.erb (Duration: 11.2ms | GC: 0.0ms)
Completed 200 OK in 1390ms (Views: 12.1ms | ActiveRecord: 0.4ms (2 queries, 0 cached) | GC: 0.0ms)


Started GET "/.well-known/appspecific/com.chrome.devtools.json" for ::1 at 2025-06-09 14:06:29 +0300
Started GET "/assets/application-eda37f43.css" for ::1 at 2025-06-09 14:06:29 +0300
  
ActionController::RoutingError (No route matches [GET] "/.well-known/appspecific/com.chrome.devtools.json"):
  
Started GET "/products/2/edit" for ::1 at 2025-06-09 14:06:32 +0300
Processing by ProductsController#edit as HTML
  Parameters: {"id" => "2"}
  [1m[36mSession Load (0.2ms)[0m  [1m[34mSELECT "sessions".* FROM "sessions" WHERE "sessions"."id" = 5 LIMIT 1 /*action='edit',application='Store2',controller='products'*/[0m
  ↳ app/controllers/concerns/authentication.rb:29:in 'Authentication#find_session_by_cookie'
  [1m[36mProduct Load (0.2ms)[0m  [1m[34mSELECT "products".* FROM "products" WHERE "products"."id" = 2 LIMIT 1 /*action='edit',application='Store2',controller='products'*/[0m
  ↳ app/controllers/products_controller.rb:42:in 'ProductsController#set_product'
  Rendering layout layouts/application.html.erb
  Rendering products/edit.html.erb within layouts/application
  Rendered products/_form.html.erb (Duration: 3.6ms | GC: 0.0ms)
  Rendered products/edit.html.erb within layouts/application (Duration: 9.8ms | GC: 0.0ms)
  Rendered layout layouts/application.html.erb (Duration: 12.6ms | GC: 0.0ms)
Completed 200 OK in 1406ms (Views: 13.8ms | ActiveRecord: 0.4ms (2 queries, 0 cached) | GC: 0.0ms)


Started GET "/.well-known/appspecific/com.chrome.devtools.json" for ::1 at 2025-06-09 14:06:33 +0300
Started GET "/assets/application-eda37f43.css" for ::1 at 2025-06-09 14:06:33 +0300
  
ActionController::RoutingError (No route matches [GET] "/.well-known/appspecific/com.chrome.devtools.json"):
  
Started GET "/products/2/edit" for ::1 at 2025-06-09 14:06:54 +0300
Processing by ProductsController#edit as HTML
  Parameters: {"id" => "2"}
  [1m[36mSession Load (0.3ms)[0m  [1m[34mSELECT "sessions".* FROM "sessions" WHERE "sessions"."id" = 5 LIMIT 1 /*action='edit',application='Store2',controller='products'*/[0m
  ↳ app/controllers/concerns/authentication.rb:29:in 'Authentication#find_session_by_cookie'
  [1m[36mProduct Load (0.2ms)[0m  [1m[34mSELECT "products".* FROM "products" WHERE "products"."id" = 2 LIMIT 1 /*action='edit',application='Store2',controller='products'*/[0m
  ↳ app/controllers/products_controller.rb:42:in 'ProductsController#set_product'
  Rendering layout layouts/application.html.erb
  Rendering products/edit.html.erb within layouts/application
  Rendered products/_form.html.erb (Duration: 2.5ms | GC: 0.0ms)
  Rendered products/edit.html.erb within layouts/application (Duration: 8.7ms | GC: 0.0ms)
  Rendered layout layouts/application.html.erb (Duration: 12.1ms | GC: 0.0ms)
Completed 200 OK in 1450ms (Views: 25.3ms | ActiveRecord: 4.9ms (2 queries, 0 cached) | GC: 0.0ms)


Started GET "/.well-known/appspecific/com.chrome.devtools.json" for ::1 at 2025-06-09 14:06:57 +0300
Started GET "/assets/application-eda37f43.css" for ::1 at 2025-06-09 14:06:57 +0300
  
ActionController::RoutingError (No route matches [GET] "/.well-known/appspecific/com.chrome.devtools.json"):
  
